ARM GAS  /tmp/ccziZpZZ.s 			page 1


   1              		.cpu cortex-m4
   2              		.arch armv7e-m
   3              		.fpu fpv4-sp-d16
   4              		.eabi_attribute 27, 1
   5              		.eabi_attribute 28, 1
   6              		.eabi_attribute 20, 1
   7              		.eabi_attribute 21, 1
   8              		.eabi_attribute 23, 3
   9              		.eabi_attribute 24, 1
  10              		.eabi_attribute 25, 1
  11              		.eabi_attribute 26, 1
  12              		.eabi_attribute 30, 1
  13              		.eabi_attribute 34, 1
  14              		.eabi_attribute 18, 4
  15              		.file	"stm32l4xx_hal_rcc.c"
  16              		.text
  17              	.Ltext0:
  18              		.cfi_sections	.debug_frame
  19              		.file 1 "Drivers/STM32L4xx_HAL_Driver/Src/stm32l4xx_hal_rcc.c"
  20              		.section	.text.RCC_SetFlashLatencyFromMSIRange,"ax",%progbits
  21              		.align	1
  22              		.syntax unified
  23              		.thumb
  24              		.thumb_func
  26              	RCC_SetFlashLatencyFromMSIRange:
  27              	.LVL0:
  28              	.LFB146:
   1:Drivers/STM32L4xx_HAL_Driver/Src/stm32l4xx_hal_rcc.c **** /**
   2:Drivers/STM32L4xx_HAL_Driver/Src/stm32l4xx_hal_rcc.c ****   ******************************************************************************
   3:Drivers/STM32L4xx_HAL_Driver/Src/stm32l4xx_hal_rcc.c ****   * @file    stm32l4xx_hal_rcc.c
   4:Drivers/STM32L4xx_HAL_Driver/Src/stm32l4xx_hal_rcc.c ****   * @author  MCD Application Team
   5:Drivers/STM32L4xx_HAL_Driver/Src/stm32l4xx_hal_rcc.c ****   * @brief   RCC HAL module driver.
   6:Drivers/STM32L4xx_HAL_Driver/Src/stm32l4xx_hal_rcc.c ****   *          This file provides firmware functions to manage the following
   7:Drivers/STM32L4xx_HAL_Driver/Src/stm32l4xx_hal_rcc.c ****   *          functionalities of the Reset and Clock Control (RCC) peripheral:
   8:Drivers/STM32L4xx_HAL_Driver/Src/stm32l4xx_hal_rcc.c ****   *           + Initialization and de-initialization functions
   9:Drivers/STM32L4xx_HAL_Driver/Src/stm32l4xx_hal_rcc.c ****   *           + Peripheral Control functions
  10:Drivers/STM32L4xx_HAL_Driver/Src/stm32l4xx_hal_rcc.c ****   *
  11:Drivers/STM32L4xx_HAL_Driver/Src/stm32l4xx_hal_rcc.c ****   @verbatim
  12:Drivers/STM32L4xx_HAL_Driver/Src/stm32l4xx_hal_rcc.c ****   ==============================================================================
  13:Drivers/STM32L4xx_HAL_Driver/Src/stm32l4xx_hal_rcc.c ****                       ##### RCC specific features #####
  14:Drivers/STM32L4xx_HAL_Driver/Src/stm32l4xx_hal_rcc.c ****   ==============================================================================
  15:Drivers/STM32L4xx_HAL_Driver/Src/stm32l4xx_hal_rcc.c ****     [..]
  16:Drivers/STM32L4xx_HAL_Driver/Src/stm32l4xx_hal_rcc.c ****       After reset the device is running from Multiple Speed Internal oscillator
  17:Drivers/STM32L4xx_HAL_Driver/Src/stm32l4xx_hal_rcc.c ****       (4 MHz) with Flash 0 wait state. Flash prefetch buffer, D-Cache
  18:Drivers/STM32L4xx_HAL_Driver/Src/stm32l4xx_hal_rcc.c ****       and I-Cache are disabled, and all peripherals are off except internal
  19:Drivers/STM32L4xx_HAL_Driver/Src/stm32l4xx_hal_rcc.c ****       SRAM, Flash and JTAG.
  20:Drivers/STM32L4xx_HAL_Driver/Src/stm32l4xx_hal_rcc.c **** 
  21:Drivers/STM32L4xx_HAL_Driver/Src/stm32l4xx_hal_rcc.c ****       (+) There is no prescaler on High speed (AHBs) and Low speed (APBs) busses:
  22:Drivers/STM32L4xx_HAL_Driver/Src/stm32l4xx_hal_rcc.c ****           all peripherals mapped on these busses are running at MSI speed.
  23:Drivers/STM32L4xx_HAL_Driver/Src/stm32l4xx_hal_rcc.c ****       (+) The clock for all peripherals is switched off, except the SRAM and FLASH.
  24:Drivers/STM32L4xx_HAL_Driver/Src/stm32l4xx_hal_rcc.c ****       (+) All GPIOs are in analog mode, except the JTAG pins which
  25:Drivers/STM32L4xx_HAL_Driver/Src/stm32l4xx_hal_rcc.c ****           are assigned to be used for debug purpose.
  26:Drivers/STM32L4xx_HAL_Driver/Src/stm32l4xx_hal_rcc.c **** 
  27:Drivers/STM32L4xx_HAL_Driver/Src/stm32l4xx_hal_rcc.c ****     [..]
  28:Drivers/STM32L4xx_HAL_Driver/Src/stm32l4xx_hal_rcc.c ****       Once the device started from reset, the user application has to:
  29:Drivers/STM32L4xx_HAL_Driver/Src/stm32l4xx_hal_rcc.c ****       (+) Configure the clock source to be used to drive the System clock
  30:Drivers/STM32L4xx_HAL_Driver/Src/stm32l4xx_hal_rcc.c ****           (if the application needs higher frequency/performance)
ARM GAS  /tmp/ccziZpZZ.s 			page 2


  31:Drivers/STM32L4xx_HAL_Driver/Src/stm32l4xx_hal_rcc.c ****       (+) Configure the System clock frequency and Flash settings
  32:Drivers/STM32L4xx_HAL_Driver/Src/stm32l4xx_hal_rcc.c ****       (+) Configure the AHB and APB busses prescalers
  33:Drivers/STM32L4xx_HAL_Driver/Src/stm32l4xx_hal_rcc.c ****       (+) Enable the clock for the peripheral(s) to be used
  34:Drivers/STM32L4xx_HAL_Driver/Src/stm32l4xx_hal_rcc.c ****       (+) Configure the clock source(s) for peripherals which clocks are not
  35:Drivers/STM32L4xx_HAL_Driver/Src/stm32l4xx_hal_rcc.c ****           derived from the System clock (SAIx, RTC, ADC, USB OTG FS/SDMMC1/RNG)
  36:Drivers/STM32L4xx_HAL_Driver/Src/stm32l4xx_hal_rcc.c **** 
  37:Drivers/STM32L4xx_HAL_Driver/Src/stm32l4xx_hal_rcc.c ****   @endverbatim
  38:Drivers/STM32L4xx_HAL_Driver/Src/stm32l4xx_hal_rcc.c ****   ******************************************************************************
  39:Drivers/STM32L4xx_HAL_Driver/Src/stm32l4xx_hal_rcc.c ****   * @attention
  40:Drivers/STM32L4xx_HAL_Driver/Src/stm32l4xx_hal_rcc.c ****   *
  41:Drivers/STM32L4xx_HAL_Driver/Src/stm32l4xx_hal_rcc.c ****   * Copyright (c) 2017 STMicroelectronics.
  42:Drivers/STM32L4xx_HAL_Driver/Src/stm32l4xx_hal_rcc.c ****   * All rights reserved.
  43:Drivers/STM32L4xx_HAL_Driver/Src/stm32l4xx_hal_rcc.c ****   *
  44:Drivers/STM32L4xx_HAL_Driver/Src/stm32l4xx_hal_rcc.c ****   * This software is licensed under terms that can be found in the LICENSE file in
  45:Drivers/STM32L4xx_HAL_Driver/Src/stm32l4xx_hal_rcc.c ****   * the root directory of this software component.
  46:Drivers/STM32L4xx_HAL_Driver/Src/stm32l4xx_hal_rcc.c ****   * If no LICENSE file comes with this software, it is provided AS-IS.
  47:Drivers/STM32L4xx_HAL_Driver/Src/stm32l4xx_hal_rcc.c ****   ******************************************************************************
  48:Drivers/STM32L4xx_HAL_Driver/Src/stm32l4xx_hal_rcc.c ****   */
  49:Drivers/STM32L4xx_HAL_Driver/Src/stm32l4xx_hal_rcc.c **** 
  50:Drivers/STM32L4xx_HAL_Driver/Src/stm32l4xx_hal_rcc.c **** /* Includes ------------------------------------------------------------------*/
  51:Drivers/STM32L4xx_HAL_Driver/Src/stm32l4xx_hal_rcc.c **** #include "stm32l4xx_hal.h"
  52:Drivers/STM32L4xx_HAL_Driver/Src/stm32l4xx_hal_rcc.c **** 
  53:Drivers/STM32L4xx_HAL_Driver/Src/stm32l4xx_hal_rcc.c **** /** @addtogroup STM32L4xx_HAL_Driver
  54:Drivers/STM32L4xx_HAL_Driver/Src/stm32l4xx_hal_rcc.c ****   * @{
  55:Drivers/STM32L4xx_HAL_Driver/Src/stm32l4xx_hal_rcc.c ****   */
  56:Drivers/STM32L4xx_HAL_Driver/Src/stm32l4xx_hal_rcc.c **** 
  57:Drivers/STM32L4xx_HAL_Driver/Src/stm32l4xx_hal_rcc.c **** /** @defgroup RCC RCC
  58:Drivers/STM32L4xx_HAL_Driver/Src/stm32l4xx_hal_rcc.c ****   * @brief RCC HAL module driver
  59:Drivers/STM32L4xx_HAL_Driver/Src/stm32l4xx_hal_rcc.c ****   * @{
  60:Drivers/STM32L4xx_HAL_Driver/Src/stm32l4xx_hal_rcc.c ****   */
  61:Drivers/STM32L4xx_HAL_Driver/Src/stm32l4xx_hal_rcc.c **** 
  62:Drivers/STM32L4xx_HAL_Driver/Src/stm32l4xx_hal_rcc.c **** #ifdef HAL_RCC_MODULE_ENABLED
  63:Drivers/STM32L4xx_HAL_Driver/Src/stm32l4xx_hal_rcc.c **** 
  64:Drivers/STM32L4xx_HAL_Driver/Src/stm32l4xx_hal_rcc.c **** /* Private typedef -----------------------------------------------------------*/
  65:Drivers/STM32L4xx_HAL_Driver/Src/stm32l4xx_hal_rcc.c **** /* Private define ------------------------------------------------------------*/
  66:Drivers/STM32L4xx_HAL_Driver/Src/stm32l4xx_hal_rcc.c **** /** @defgroup RCC_Private_Constants RCC Private Constants
  67:Drivers/STM32L4xx_HAL_Driver/Src/stm32l4xx_hal_rcc.c ****  * @{
  68:Drivers/STM32L4xx_HAL_Driver/Src/stm32l4xx_hal_rcc.c ****  */
  69:Drivers/STM32L4xx_HAL_Driver/Src/stm32l4xx_hal_rcc.c **** #define HSE_TIMEOUT_VALUE          HSE_STARTUP_TIMEOUT
  70:Drivers/STM32L4xx_HAL_Driver/Src/stm32l4xx_hal_rcc.c **** #define HSI_TIMEOUT_VALUE          2U    /* 2 ms (minimum Tick + 1) */
  71:Drivers/STM32L4xx_HAL_Driver/Src/stm32l4xx_hal_rcc.c **** #define MSI_TIMEOUT_VALUE          2U    /* 2 ms (minimum Tick + 1) */
  72:Drivers/STM32L4xx_HAL_Driver/Src/stm32l4xx_hal_rcc.c **** #if defined(RCC_CSR_LSIPREDIV)
  73:Drivers/STM32L4xx_HAL_Driver/Src/stm32l4xx_hal_rcc.c **** #define LSI_TIMEOUT_VALUE          17U   /* 17 ms (16 ms starting time + 1) */
  74:Drivers/STM32L4xx_HAL_Driver/Src/stm32l4xx_hal_rcc.c **** #else
  75:Drivers/STM32L4xx_HAL_Driver/Src/stm32l4xx_hal_rcc.c **** #define LSI_TIMEOUT_VALUE          2U    /* 2 ms (minimum Tick + 1) */
  76:Drivers/STM32L4xx_HAL_Driver/Src/stm32l4xx_hal_rcc.c **** #endif /* RCC_CSR_LSIPREDIV */
  77:Drivers/STM32L4xx_HAL_Driver/Src/stm32l4xx_hal_rcc.c **** #define HSI48_TIMEOUT_VALUE        2U    /* 2 ms (minimum Tick + 1) */
  78:Drivers/STM32L4xx_HAL_Driver/Src/stm32l4xx_hal_rcc.c **** #define PLL_TIMEOUT_VALUE          2U    /* 2 ms (minimum Tick + 1) */
  79:Drivers/STM32L4xx_HAL_Driver/Src/stm32l4xx_hal_rcc.c **** #define CLOCKSWITCH_TIMEOUT_VALUE  5000U /* 5 s    */
  80:Drivers/STM32L4xx_HAL_Driver/Src/stm32l4xx_hal_rcc.c **** /**
  81:Drivers/STM32L4xx_HAL_Driver/Src/stm32l4xx_hal_rcc.c ****   * @}
  82:Drivers/STM32L4xx_HAL_Driver/Src/stm32l4xx_hal_rcc.c ****   */
  83:Drivers/STM32L4xx_HAL_Driver/Src/stm32l4xx_hal_rcc.c **** 
  84:Drivers/STM32L4xx_HAL_Driver/Src/stm32l4xx_hal_rcc.c **** /* Private macro -------------------------------------------------------------*/
  85:Drivers/STM32L4xx_HAL_Driver/Src/stm32l4xx_hal_rcc.c **** /** @defgroup RCC_Private_Macros RCC Private Macros
  86:Drivers/STM32L4xx_HAL_Driver/Src/stm32l4xx_hal_rcc.c ****   * @{
  87:Drivers/STM32L4xx_HAL_Driver/Src/stm32l4xx_hal_rcc.c ****   */
ARM GAS  /tmp/ccziZpZZ.s 			page 3


  88:Drivers/STM32L4xx_HAL_Driver/Src/stm32l4xx_hal_rcc.c **** #define __MCO1_CLK_ENABLE()   __HAL_RCC_GPIOA_CLK_ENABLE()
  89:Drivers/STM32L4xx_HAL_Driver/Src/stm32l4xx_hal_rcc.c **** #define MCO1_GPIO_PORT        GPIOA
  90:Drivers/STM32L4xx_HAL_Driver/Src/stm32l4xx_hal_rcc.c **** #define MCO1_PIN              GPIO_PIN_8
  91:Drivers/STM32L4xx_HAL_Driver/Src/stm32l4xx_hal_rcc.c **** 
  92:Drivers/STM32L4xx_HAL_Driver/Src/stm32l4xx_hal_rcc.c **** #define RCC_PLL_OSCSOURCE_CONFIG(__HAL_RCC_PLLSOURCE__) \
  93:Drivers/STM32L4xx_HAL_Driver/Src/stm32l4xx_hal_rcc.c ****             (MODIFY_REG(RCC->PLLCFGR, RCC_PLLCFGR_PLLSRC, (__HAL_RCC_PLLSOURCE__)))
  94:Drivers/STM32L4xx_HAL_Driver/Src/stm32l4xx_hal_rcc.c **** /**
  95:Drivers/STM32L4xx_HAL_Driver/Src/stm32l4xx_hal_rcc.c ****   * @}
  96:Drivers/STM32L4xx_HAL_Driver/Src/stm32l4xx_hal_rcc.c ****   */
  97:Drivers/STM32L4xx_HAL_Driver/Src/stm32l4xx_hal_rcc.c **** 
  98:Drivers/STM32L4xx_HAL_Driver/Src/stm32l4xx_hal_rcc.c **** /* Private variables ---------------------------------------------------------*/
  99:Drivers/STM32L4xx_HAL_Driver/Src/stm32l4xx_hal_rcc.c **** 
 100:Drivers/STM32L4xx_HAL_Driver/Src/stm32l4xx_hal_rcc.c **** /* Private function prototypes -----------------------------------------------*/
 101:Drivers/STM32L4xx_HAL_Driver/Src/stm32l4xx_hal_rcc.c **** /** @defgroup RCC_Private_Functions RCC Private Functions
 102:Drivers/STM32L4xx_HAL_Driver/Src/stm32l4xx_hal_rcc.c ****   * @{
 103:Drivers/STM32L4xx_HAL_Driver/Src/stm32l4xx_hal_rcc.c ****   */
 104:Drivers/STM32L4xx_HAL_Driver/Src/stm32l4xx_hal_rcc.c **** static HAL_StatusTypeDef RCC_SetFlashLatencyFromMSIRange(uint32_t msirange);
 105:Drivers/STM32L4xx_HAL_Driver/Src/stm32l4xx_hal_rcc.c **** #if defined(STM32L4P5xx) || defined(STM32L4Q5xx) || \
 106:Drivers/STM32L4xx_HAL_Driver/Src/stm32l4xx_hal_rcc.c ****     defined(STM32L4R5xx) || defined(STM32L4R7xx) || defined(STM32L4R9xx) || defined(STM32L4S5xx) ||
 107:Drivers/STM32L4xx_HAL_Driver/Src/stm32l4xx_hal_rcc.c **** static uint32_t          RCC_GetSysClockFreqFromPLLSource(void);
 108:Drivers/STM32L4xx_HAL_Driver/Src/stm32l4xx_hal_rcc.c **** #endif
 109:Drivers/STM32L4xx_HAL_Driver/Src/stm32l4xx_hal_rcc.c **** /**
 110:Drivers/STM32L4xx_HAL_Driver/Src/stm32l4xx_hal_rcc.c ****   * @}
 111:Drivers/STM32L4xx_HAL_Driver/Src/stm32l4xx_hal_rcc.c ****   */
 112:Drivers/STM32L4xx_HAL_Driver/Src/stm32l4xx_hal_rcc.c **** 
 113:Drivers/STM32L4xx_HAL_Driver/Src/stm32l4xx_hal_rcc.c **** /* Exported functions --------------------------------------------------------*/
 114:Drivers/STM32L4xx_HAL_Driver/Src/stm32l4xx_hal_rcc.c **** 
 115:Drivers/STM32L4xx_HAL_Driver/Src/stm32l4xx_hal_rcc.c **** /** @defgroup RCC_Exported_Functions RCC Exported Functions
 116:Drivers/STM32L4xx_HAL_Driver/Src/stm32l4xx_hal_rcc.c ****   * @{
 117:Drivers/STM32L4xx_HAL_Driver/Src/stm32l4xx_hal_rcc.c ****   */
 118:Drivers/STM32L4xx_HAL_Driver/Src/stm32l4xx_hal_rcc.c **** 
 119:Drivers/STM32L4xx_HAL_Driver/Src/stm32l4xx_hal_rcc.c **** /** @defgroup RCC_Exported_Functions_Group1 Initialization and de-initialization functions
 120:Drivers/STM32L4xx_HAL_Driver/Src/stm32l4xx_hal_rcc.c ****   *  @brief    Initialization and Configuration functions
 121:Drivers/STM32L4xx_HAL_Driver/Src/stm32l4xx_hal_rcc.c ****   *
 122:Drivers/STM32L4xx_HAL_Driver/Src/stm32l4xx_hal_rcc.c ****   @verbatim
 123:Drivers/STM32L4xx_HAL_Driver/Src/stm32l4xx_hal_rcc.c ****  ===============================================================================
 124:Drivers/STM32L4xx_HAL_Driver/Src/stm32l4xx_hal_rcc.c ****            ##### Initialization and de-initialization functions #####
 125:Drivers/STM32L4xx_HAL_Driver/Src/stm32l4xx_hal_rcc.c ****  ===============================================================================
 126:Drivers/STM32L4xx_HAL_Driver/Src/stm32l4xx_hal_rcc.c ****     [..]
 127:Drivers/STM32L4xx_HAL_Driver/Src/stm32l4xx_hal_rcc.c ****       This section provides functions allowing to configure the internal and external oscillators
 128:Drivers/STM32L4xx_HAL_Driver/Src/stm32l4xx_hal_rcc.c ****       (HSE, HSI, LSE, MSI, LSI, PLL, CSS and MCO) and the System busses clocks (SYSCLK, AHB, APB1
 129:Drivers/STM32L4xx_HAL_Driver/Src/stm32l4xx_hal_rcc.c ****        and APB2).
 130:Drivers/STM32L4xx_HAL_Driver/Src/stm32l4xx_hal_rcc.c **** 
 131:Drivers/STM32L4xx_HAL_Driver/Src/stm32l4xx_hal_rcc.c ****     [..] Internal/external clock and PLL configuration
 132:Drivers/STM32L4xx_HAL_Driver/Src/stm32l4xx_hal_rcc.c ****          (+) HSI (high-speed internal): 16 MHz factory-trimmed RC used directly or through
 133:Drivers/STM32L4xx_HAL_Driver/Src/stm32l4xx_hal_rcc.c ****              the PLL as System clock source.
 134:Drivers/STM32L4xx_HAL_Driver/Src/stm32l4xx_hal_rcc.c **** 
 135:Drivers/STM32L4xx_HAL_Driver/Src/stm32l4xx_hal_rcc.c ****          (+) MSI (Multiple Speed Internal): Its frequency is software trimmable from 100KHZ to 48MH
 136:Drivers/STM32L4xx_HAL_Driver/Src/stm32l4xx_hal_rcc.c ****              It can be used to generate the clock for the USB OTG FS (48 MHz).
 137:Drivers/STM32L4xx_HAL_Driver/Src/stm32l4xx_hal_rcc.c ****              The number of flash wait states is automatically adjusted when MSI range is updated wi
 138:Drivers/STM32L4xx_HAL_Driver/Src/stm32l4xx_hal_rcc.c ****              HAL_RCC_OscConfig() and the MSI is used as System clock source.
 139:Drivers/STM32L4xx_HAL_Driver/Src/stm32l4xx_hal_rcc.c **** 
 140:Drivers/STM32L4xx_HAL_Driver/Src/stm32l4xx_hal_rcc.c ****          (+) LSI (low-speed internal): 32 KHz low consumption RC used as IWDG and/or RTC
 141:Drivers/STM32L4xx_HAL_Driver/Src/stm32l4xx_hal_rcc.c ****              clock source.
 142:Drivers/STM32L4xx_HAL_Driver/Src/stm32l4xx_hal_rcc.c **** 
 143:Drivers/STM32L4xx_HAL_Driver/Src/stm32l4xx_hal_rcc.c ****          (+) HSE (high-speed external): 4 to 48 MHz crystal oscillator used directly or
 144:Drivers/STM32L4xx_HAL_Driver/Src/stm32l4xx_hal_rcc.c ****              through the PLL as System clock source. Can be used also optionally as RTC clock sourc
ARM GAS  /tmp/ccziZpZZ.s 			page 4


 145:Drivers/STM32L4xx_HAL_Driver/Src/stm32l4xx_hal_rcc.c **** 
 146:Drivers/STM32L4xx_HAL_Driver/Src/stm32l4xx_hal_rcc.c ****          (+) LSE (low-speed external): 32.768 KHz oscillator used optionally as RTC clock source.
 147:Drivers/STM32L4xx_HAL_Driver/Src/stm32l4xx_hal_rcc.c **** 
 148:Drivers/STM32L4xx_HAL_Driver/Src/stm32l4xx_hal_rcc.c ****          (+) PLL (clocked by HSI, HSE or MSI) providing up to three independent output clocks:
 149:Drivers/STM32L4xx_HAL_Driver/Src/stm32l4xx_hal_rcc.c ****            (++) The first output is used to generate the high speed system clock (up to 80MHz).
 150:Drivers/STM32L4xx_HAL_Driver/Src/stm32l4xx_hal_rcc.c ****            (++) The second output is used to generate the clock for the USB OTG FS (48 MHz),
 151:Drivers/STM32L4xx_HAL_Driver/Src/stm32l4xx_hal_rcc.c ****                 the random analog generator (<=48 MHz) and the SDMMC1 (<= 48 MHz).
 152:Drivers/STM32L4xx_HAL_Driver/Src/stm32l4xx_hal_rcc.c ****            (++) The third output is used to generate an accurate clock to achieve
 153:Drivers/STM32L4xx_HAL_Driver/Src/stm32l4xx_hal_rcc.c ****                 high-quality audio performance on SAI interface.
 154:Drivers/STM32L4xx_HAL_Driver/Src/stm32l4xx_hal_rcc.c **** 
 155:Drivers/STM32L4xx_HAL_Driver/Src/stm32l4xx_hal_rcc.c ****          (+) PLLSAI1 (clocked by HSI, HSE or MSI) providing up to three independent output clocks:
 156:Drivers/STM32L4xx_HAL_Driver/Src/stm32l4xx_hal_rcc.c ****            (++) The first output is used to generate SAR ADC1 clock.
 157:Drivers/STM32L4xx_HAL_Driver/Src/stm32l4xx_hal_rcc.c ****            (++) The second output is used to generate the clock for the USB OTG FS (48 MHz),
 158:Drivers/STM32L4xx_HAL_Driver/Src/stm32l4xx_hal_rcc.c ****                 the random analog generator (<=48 MHz) and the SDMMC1 (<= 48 MHz).
 159:Drivers/STM32L4xx_HAL_Driver/Src/stm32l4xx_hal_rcc.c ****            (++) The third output is used to generate an accurate clock to achieve
 160:Drivers/STM32L4xx_HAL_Driver/Src/stm32l4xx_hal_rcc.c ****                 high-quality audio performance on SAI interface.
 161:Drivers/STM32L4xx_HAL_Driver/Src/stm32l4xx_hal_rcc.c **** 
 162:Drivers/STM32L4xx_HAL_Driver/Src/stm32l4xx_hal_rcc.c ****          (+) PLLSAI2 (clocked by HSI, HSE or MSI) providing up to three independent output clocks:
 163:Drivers/STM32L4xx_HAL_Driver/Src/stm32l4xx_hal_rcc.c ****            (++) The first output is used to generate an accurate clock to achieve
 164:Drivers/STM32L4xx_HAL_Driver/Src/stm32l4xx_hal_rcc.c ****                 high-quality audio performance on SAI interface.
 165:Drivers/STM32L4xx_HAL_Driver/Src/stm32l4xx_hal_rcc.c ****            (++) The second output is used to generate either SAR ADC2 clock if ADC2 is present
 166:Drivers/STM32L4xx_HAL_Driver/Src/stm32l4xx_hal_rcc.c ****                 or LCD clock if LTDC is present.
 167:Drivers/STM32L4xx_HAL_Driver/Src/stm32l4xx_hal_rcc.c ****            (++) The third output is used to generate DSI clock if DSI is present.
 168:Drivers/STM32L4xx_HAL_Driver/Src/stm32l4xx_hal_rcc.c **** 
 169:Drivers/STM32L4xx_HAL_Driver/Src/stm32l4xx_hal_rcc.c ****          (+) CSS (Clock security system): once enabled, if a HSE clock failure occurs
 170:Drivers/STM32L4xx_HAL_Driver/Src/stm32l4xx_hal_rcc.c ****             (HSE used directly or through PLL as System clock source), the System clock
 171:Drivers/STM32L4xx_HAL_Driver/Src/stm32l4xx_hal_rcc.c ****              is automatically switched to HSI and an interrupt is generated if enabled.
 172:Drivers/STM32L4xx_HAL_Driver/Src/stm32l4xx_hal_rcc.c ****              The interrupt is linked to the Cortex-M4 NMI (Non-Maskable Interrupt)
 173:Drivers/STM32L4xx_HAL_Driver/Src/stm32l4xx_hal_rcc.c ****              exception vector.
 174:Drivers/STM32L4xx_HAL_Driver/Src/stm32l4xx_hal_rcc.c **** 
 175:Drivers/STM32L4xx_HAL_Driver/Src/stm32l4xx_hal_rcc.c ****          (+) MCO (microcontroller clock output): used to output MSI, LSI, HSI, LSE, HSE or
 176:Drivers/STM32L4xx_HAL_Driver/Src/stm32l4xx_hal_rcc.c ****              main PLL clock (through a configurable prescaler) on PA8 pin.
 177:Drivers/STM32L4xx_HAL_Driver/Src/stm32l4xx_hal_rcc.c **** 
 178:Drivers/STM32L4xx_HAL_Driver/Src/stm32l4xx_hal_rcc.c ****     [..] System, AHB and APB busses clocks configuration
 179:Drivers/STM32L4xx_HAL_Driver/Src/stm32l4xx_hal_rcc.c ****          (+) Several clock sources can be used to drive the System clock (SYSCLK): MSI, HSI,
 180:Drivers/STM32L4xx_HAL_Driver/Src/stm32l4xx_hal_rcc.c ****              HSE and main PLL.
 181:Drivers/STM32L4xx_HAL_Driver/Src/stm32l4xx_hal_rcc.c ****              The AHB clock (HCLK) is derived from System clock through configurable
 182:Drivers/STM32L4xx_HAL_Driver/Src/stm32l4xx_hal_rcc.c ****              prescaler and used to clock the CPU, memory and peripherals mapped
 183:Drivers/STM32L4xx_HAL_Driver/Src/stm32l4xx_hal_rcc.c ****              on AHB bus (DMA, GPIO...). APB1 (PCLK1) and APB2 (PCLK2) clocks are derived
 184:Drivers/STM32L4xx_HAL_Driver/Src/stm32l4xx_hal_rcc.c ****              from AHB clock through configurable prescalers and used to clock
 185:Drivers/STM32L4xx_HAL_Driver/Src/stm32l4xx_hal_rcc.c ****              the peripherals mapped on these busses. You can use
 186:Drivers/STM32L4xx_HAL_Driver/Src/stm32l4xx_hal_rcc.c ****              "HAL_RCC_GetSysClockFreq()" function to retrieve the frequencies of these clocks.
 187:Drivers/STM32L4xx_HAL_Driver/Src/stm32l4xx_hal_rcc.c **** 
 188:Drivers/STM32L4xx_HAL_Driver/Src/stm32l4xx_hal_rcc.c ****          -@- All the peripheral clocks are derived from the System clock (SYSCLK) except:
 189:Drivers/STM32L4xx_HAL_Driver/Src/stm32l4xx_hal_rcc.c **** 
 190:Drivers/STM32L4xx_HAL_Driver/Src/stm32l4xx_hal_rcc.c ****            (+@) SAI: the SAI clock can be derived either from a specific PLL (PLLSAI1) or (PLLSAI2)
 191:Drivers/STM32L4xx_HAL_Driver/Src/stm32l4xx_hal_rcc.c ****                 from an external clock mapped on the SAI_CKIN pin.
 192:Drivers/STM32L4xx_HAL_Driver/Src/stm32l4xx_hal_rcc.c ****                 You have to use HAL_RCCEx_PeriphCLKConfig() function to configure this clock.
 193:Drivers/STM32L4xx_HAL_Driver/Src/stm32l4xx_hal_rcc.c ****            (+@) RTC: the RTC clock can be derived either from the LSI, LSE or HSE clock
 194:Drivers/STM32L4xx_HAL_Driver/Src/stm32l4xx_hal_rcc.c ****                 divided by 2 to 31.
 195:Drivers/STM32L4xx_HAL_Driver/Src/stm32l4xx_hal_rcc.c ****                 You have to use __HAL_RCC_RTC_ENABLE() and HAL_RCCEx_PeriphCLKConfig() function
 196:Drivers/STM32L4xx_HAL_Driver/Src/stm32l4xx_hal_rcc.c ****                 to configure this clock.
 197:Drivers/STM32L4xx_HAL_Driver/Src/stm32l4xx_hal_rcc.c ****            (+@) USB OTG FS, SDMMC1 and RNG: USB OTG FS requires a frequency equal to 48 MHz
 198:Drivers/STM32L4xx_HAL_Driver/Src/stm32l4xx_hal_rcc.c ****                 to work correctly, while the SDMMC1 and RNG peripherals require a frequency
 199:Drivers/STM32L4xx_HAL_Driver/Src/stm32l4xx_hal_rcc.c ****                 equal or lower than to 48 MHz. This clock is derived of the main PLL or PLLSAI1
 200:Drivers/STM32L4xx_HAL_Driver/Src/stm32l4xx_hal_rcc.c ****                 through PLLQ divider. You have to enable the peripheral clock and use
 201:Drivers/STM32L4xx_HAL_Driver/Src/stm32l4xx_hal_rcc.c ****                 HAL_RCCEx_PeriphCLKConfig() function to configure this clock.
ARM GAS  /tmp/ccziZpZZ.s 			page 5


 202:Drivers/STM32L4xx_HAL_Driver/Src/stm32l4xx_hal_rcc.c ****            (+@) IWDG clock which is always the LSI clock.
 203:Drivers/STM32L4xx_HAL_Driver/Src/stm32l4xx_hal_rcc.c **** 
 204:Drivers/STM32L4xx_HAL_Driver/Src/stm32l4xx_hal_rcc.c **** 
 205:Drivers/STM32L4xx_HAL_Driver/Src/stm32l4xx_hal_rcc.c ****          (+) The maximum frequency of the SYSCLK, HCLK, PCLK1 and PCLK2 is 80 MHz.
 206:Drivers/STM32L4xx_HAL_Driver/Src/stm32l4xx_hal_rcc.c ****              The clock source frequency should be adapted depending on the device voltage range
 207:Drivers/STM32L4xx_HAL_Driver/Src/stm32l4xx_hal_rcc.c ****              as listed in the Reference Manual "Clock source frequency versus voltage scaling" chap
 208:Drivers/STM32L4xx_HAL_Driver/Src/stm32l4xx_hal_rcc.c **** 
 209:Drivers/STM32L4xx_HAL_Driver/Src/stm32l4xx_hal_rcc.c ****   @endverbatim
 210:Drivers/STM32L4xx_HAL_Driver/Src/stm32l4xx_hal_rcc.c **** 
 211:Drivers/STM32L4xx_HAL_Driver/Src/stm32l4xx_hal_rcc.c ****            Table 1. HCLK clock frequency for other STM32L4 devices
 212:Drivers/STM32L4xx_HAL_Driver/Src/stm32l4xx_hal_rcc.c ****            +-------------------------------------------------------+
 213:Drivers/STM32L4xx_HAL_Driver/Src/stm32l4xx_hal_rcc.c ****            | Latency         |    HCLK clock frequency (MHz)       |
 214:Drivers/STM32L4xx_HAL_Driver/Src/stm32l4xx_hal_rcc.c ****            |                 |-------------------------------------|
 215:Drivers/STM32L4xx_HAL_Driver/Src/stm32l4xx_hal_rcc.c ****            |                 | voltage range 1  | voltage range 2  |
 216:Drivers/STM32L4xx_HAL_Driver/Src/stm32l4xx_hal_rcc.c ****            |                 |      1.2 V       |     1.0 V        |
 217:Drivers/STM32L4xx_HAL_Driver/Src/stm32l4xx_hal_rcc.c ****            |-----------------|------------------|------------------|
 218:Drivers/STM32L4xx_HAL_Driver/Src/stm32l4xx_hal_rcc.c ****            |0WS(1 CPU cycles)|  0 < HCLK <= 16  |  0 < HCLK <= 6   |
 219:Drivers/STM32L4xx_HAL_Driver/Src/stm32l4xx_hal_rcc.c ****            |-----------------|------------------|------------------|
 220:Drivers/STM32L4xx_HAL_Driver/Src/stm32l4xx_hal_rcc.c ****            |1WS(2 CPU cycles)| 16 < HCLK <= 32  |  6 < HCLK <= 12  |
 221:Drivers/STM32L4xx_HAL_Driver/Src/stm32l4xx_hal_rcc.c ****            |-----------------|------------------|------------------|
 222:Drivers/STM32L4xx_HAL_Driver/Src/stm32l4xx_hal_rcc.c ****            |2WS(3 CPU cycles)| 32 < HCLK <= 48  | 12 < HCLK <= 18  |
 223:Drivers/STM32L4xx_HAL_Driver/Src/stm32l4xx_hal_rcc.c ****            |-----------------|------------------|------------------|
 224:Drivers/STM32L4xx_HAL_Driver/Src/stm32l4xx_hal_rcc.c ****            |3WS(4 CPU cycles)| 48 < HCLK <= 64  | 18 < HCLK <= 26  |
 225:Drivers/STM32L4xx_HAL_Driver/Src/stm32l4xx_hal_rcc.c ****            |-----------------|------------------|------------------|
 226:Drivers/STM32L4xx_HAL_Driver/Src/stm32l4xx_hal_rcc.c ****            |4WS(5 CPU cycles)| 64 < HCLK <= 80  | 18 < HCLK <= 26  |
 227:Drivers/STM32L4xx_HAL_Driver/Src/stm32l4xx_hal_rcc.c ****            +-------------------------------------------------------+
 228:Drivers/STM32L4xx_HAL_Driver/Src/stm32l4xx_hal_rcc.c **** 
 229:Drivers/STM32L4xx_HAL_Driver/Src/stm32l4xx_hal_rcc.c ****            Table 2. HCLK clock frequency for STM32L4+ devices
 230:Drivers/STM32L4xx_HAL_Driver/Src/stm32l4xx_hal_rcc.c ****            +--------------------------------------------------------+
 231:Drivers/STM32L4xx_HAL_Driver/Src/stm32l4xx_hal_rcc.c ****            | Latency         |     HCLK clock frequency (MHz)       |
 232:Drivers/STM32L4xx_HAL_Driver/Src/stm32l4xx_hal_rcc.c ****            |                 |--------------------------------------|
 233:Drivers/STM32L4xx_HAL_Driver/Src/stm32l4xx_hal_rcc.c ****            |                 |  voltage range 1  | voltage range 2  |
 234:Drivers/STM32L4xx_HAL_Driver/Src/stm32l4xx_hal_rcc.c ****            |                 |       1.2 V       |     1.0 V        |
 235:Drivers/STM32L4xx_HAL_Driver/Src/stm32l4xx_hal_rcc.c ****            |-----------------|-------------------|------------------|
 236:Drivers/STM32L4xx_HAL_Driver/Src/stm32l4xx_hal_rcc.c ****            |0WS(1 CPU cycles)|   0 < HCLK <= 20  |  0 < HCLK <= 8   |
 237:Drivers/STM32L4xx_HAL_Driver/Src/stm32l4xx_hal_rcc.c ****            |-----------------|-------------------|------------------|
 238:Drivers/STM32L4xx_HAL_Driver/Src/stm32l4xx_hal_rcc.c ****            |1WS(2 CPU cycles)|  20 < HCLK <= 40  |  8 < HCLK <= 16  |
 239:Drivers/STM32L4xx_HAL_Driver/Src/stm32l4xx_hal_rcc.c ****            |-----------------|-------------------|------------------|
 240:Drivers/STM32L4xx_HAL_Driver/Src/stm32l4xx_hal_rcc.c ****            |2WS(3 CPU cycles)|  40 < HCLK <= 60  | 16 < HCLK <= 26  |
 241:Drivers/STM32L4xx_HAL_Driver/Src/stm32l4xx_hal_rcc.c ****            |-----------------|-------------------|------------------|
 242:Drivers/STM32L4xx_HAL_Driver/Src/stm32l4xx_hal_rcc.c ****            |3WS(4 CPU cycles)|  60 < HCLK <= 80  | 16 < HCLK <= 26  |
 243:Drivers/STM32L4xx_HAL_Driver/Src/stm32l4xx_hal_rcc.c ****            |-----------------|-------------------|------------------|
 244:Drivers/STM32L4xx_HAL_Driver/Src/stm32l4xx_hal_rcc.c ****            |4WS(5 CPU cycles)|  80 < HCLK <= 100 | 16 < HCLK <= 26  |
 245:Drivers/STM32L4xx_HAL_Driver/Src/stm32l4xx_hal_rcc.c ****            |-----------------|-------------------|------------------|
 246:Drivers/STM32L4xx_HAL_Driver/Src/stm32l4xx_hal_rcc.c ****            |5WS(6 CPU cycles)| 100 < HCLK <= 120 | 16 < HCLK <= 26  |
 247:Drivers/STM32L4xx_HAL_Driver/Src/stm32l4xx_hal_rcc.c ****            +--------------------------------------------------------+
 248:Drivers/STM32L4xx_HAL_Driver/Src/stm32l4xx_hal_rcc.c ****   * @{
 249:Drivers/STM32L4xx_HAL_Driver/Src/stm32l4xx_hal_rcc.c ****   */
 250:Drivers/STM32L4xx_HAL_Driver/Src/stm32l4xx_hal_rcc.c **** 
 251:Drivers/STM32L4xx_HAL_Driver/Src/stm32l4xx_hal_rcc.c **** /**
 252:Drivers/STM32L4xx_HAL_Driver/Src/stm32l4xx_hal_rcc.c ****   * @brief  Reset the RCC clock configuration to the default reset state.
 253:Drivers/STM32L4xx_HAL_Driver/Src/stm32l4xx_hal_rcc.c ****   * @note   The default reset state of the clock configuration is given below:
 254:Drivers/STM32L4xx_HAL_Driver/Src/stm32l4xx_hal_rcc.c ****   *            - MSI ON and used as system clock source
 255:Drivers/STM32L4xx_HAL_Driver/Src/stm32l4xx_hal_rcc.c ****   *            - HSE, HSI, PLL, PLLSAI1 and PLLSAI2 OFF
 256:Drivers/STM32L4xx_HAL_Driver/Src/stm32l4xx_hal_rcc.c ****   *            - AHB, APB1 and APB2 prescalers set to 1.
 257:Drivers/STM32L4xx_HAL_Driver/Src/stm32l4xx_hal_rcc.c ****   *            - CSS, MCO1 OFF
 258:Drivers/STM32L4xx_HAL_Driver/Src/stm32l4xx_hal_rcc.c ****   *            - All interrupts disabled
ARM GAS  /tmp/ccziZpZZ.s 			page 6


 259:Drivers/STM32L4xx_HAL_Driver/Src/stm32l4xx_hal_rcc.c ****   *            - All interrupt and reset flags cleared
 260:Drivers/STM32L4xx_HAL_Driver/Src/stm32l4xx_hal_rcc.c ****   * @note   This function does not modify the configuration of the
 261:Drivers/STM32L4xx_HAL_Driver/Src/stm32l4xx_hal_rcc.c ****   *            - Peripheral clock sources
 262:Drivers/STM32L4xx_HAL_Driver/Src/stm32l4xx_hal_rcc.c ****   *            - LSI, LSE and RTC clocks (Backup domain)
 263:Drivers/STM32L4xx_HAL_Driver/Src/stm32l4xx_hal_rcc.c ****   * @retval HAL status
 264:Drivers/STM32L4xx_HAL_Driver/Src/stm32l4xx_hal_rcc.c ****   */
 265:Drivers/STM32L4xx_HAL_Driver/Src/stm32l4xx_hal_rcc.c **** HAL_StatusTypeDef HAL_RCC_DeInit(void)
 266:Drivers/STM32L4xx_HAL_Driver/Src/stm32l4xx_hal_rcc.c **** {
 267:Drivers/STM32L4xx_HAL_Driver/Src/stm32l4xx_hal_rcc.c ****   uint32_t tickstart;
 268:Drivers/STM32L4xx_HAL_Driver/Src/stm32l4xx_hal_rcc.c **** 
 269:Drivers/STM32L4xx_HAL_Driver/Src/stm32l4xx_hal_rcc.c ****   /* Reset to default System clock */
 270:Drivers/STM32L4xx_HAL_Driver/Src/stm32l4xx_hal_rcc.c ****   /* Set MSION bit */
 271:Drivers/STM32L4xx_HAL_Driver/Src/stm32l4xx_hal_rcc.c ****   SET_BIT(RCC->CR, RCC_CR_MSION);
 272:Drivers/STM32L4xx_HAL_Driver/Src/stm32l4xx_hal_rcc.c **** 
 273:Drivers/STM32L4xx_HAL_Driver/Src/stm32l4xx_hal_rcc.c ****   /* Insure MSIRDY bit is set before writing default MSIRANGE value */
 274:Drivers/STM32L4xx_HAL_Driver/Src/stm32l4xx_hal_rcc.c ****   /* Get start tick */
 275:Drivers/STM32L4xx_HAL_Driver/Src/stm32l4xx_hal_rcc.c ****   tickstart = HAL_GetTick();
 276:Drivers/STM32L4xx_HAL_Driver/Src/stm32l4xx_hal_rcc.c **** 
 277:Drivers/STM32L4xx_HAL_Driver/Src/stm32l4xx_hal_rcc.c ****   /* Wait till MSI is ready */
 278:Drivers/STM32L4xx_HAL_Driver/Src/stm32l4xx_hal_rcc.c ****   while(READ_BIT(RCC->CR, RCC_CR_MSIRDY) == 0U)
 279:Drivers/STM32L4xx_HAL_Driver/Src/stm32l4xx_hal_rcc.c ****   {
 280:Drivers/STM32L4xx_HAL_Driver/Src/stm32l4xx_hal_rcc.c ****     if((HAL_GetTick() - tickstart) > MSI_TIMEOUT_VALUE)
 281:Drivers/STM32L4xx_HAL_Driver/Src/stm32l4xx_hal_rcc.c ****     {
 282:Drivers/STM32L4xx_HAL_Driver/Src/stm32l4xx_hal_rcc.c ****       return HAL_TIMEOUT;
 283:Drivers/STM32L4xx_HAL_Driver/Src/stm32l4xx_hal_rcc.c ****     }
 284:Drivers/STM32L4xx_HAL_Driver/Src/stm32l4xx_hal_rcc.c ****   }
 285:Drivers/STM32L4xx_HAL_Driver/Src/stm32l4xx_hal_rcc.c **** 
 286:Drivers/STM32L4xx_HAL_Driver/Src/stm32l4xx_hal_rcc.c ****   /* Set MSIRANGE default value */
 287:Drivers/STM32L4xx_HAL_Driver/Src/stm32l4xx_hal_rcc.c ****   MODIFY_REG(RCC->CR, RCC_CR_MSIRANGE, RCC_MSIRANGE_6);
 288:Drivers/STM32L4xx_HAL_Driver/Src/stm32l4xx_hal_rcc.c **** 
 289:Drivers/STM32L4xx_HAL_Driver/Src/stm32l4xx_hal_rcc.c ****   /* Reset CFGR register (MSI is selected as system clock source) */
 290:Drivers/STM32L4xx_HAL_Driver/Src/stm32l4xx_hal_rcc.c ****   CLEAR_REG(RCC->CFGR);
 291:Drivers/STM32L4xx_HAL_Driver/Src/stm32l4xx_hal_rcc.c **** 
 292:Drivers/STM32L4xx_HAL_Driver/Src/stm32l4xx_hal_rcc.c ****   /* Update the SystemCoreClock global variable for MSI as system clock source */
 293:Drivers/STM32L4xx_HAL_Driver/Src/stm32l4xx_hal_rcc.c ****   SystemCoreClock = MSI_VALUE;
 294:Drivers/STM32L4xx_HAL_Driver/Src/stm32l4xx_hal_rcc.c **** 
 295:Drivers/STM32L4xx_HAL_Driver/Src/stm32l4xx_hal_rcc.c ****   /* Configure the source of time base considering new system clock settings  */
 296:Drivers/STM32L4xx_HAL_Driver/Src/stm32l4xx_hal_rcc.c ****   if(HAL_InitTick(uwTickPrio) != HAL_OK)
 297:Drivers/STM32L4xx_HAL_Driver/Src/stm32l4xx_hal_rcc.c ****   {
 298:Drivers/STM32L4xx_HAL_Driver/Src/stm32l4xx_hal_rcc.c ****     return HAL_ERROR;
 299:Drivers/STM32L4xx_HAL_Driver/Src/stm32l4xx_hal_rcc.c ****   }
 300:Drivers/STM32L4xx_HAL_Driver/Src/stm32l4xx_hal_rcc.c **** 
 301:Drivers/STM32L4xx_HAL_Driver/Src/stm32l4xx_hal_rcc.c ****   /* Insure MSI selected as system clock source */
 302:Drivers/STM32L4xx_HAL_Driver/Src/stm32l4xx_hal_rcc.c ****   /* Get start tick */
 303:Drivers/STM32L4xx_HAL_Driver/Src/stm32l4xx_hal_rcc.c ****   tickstart = HAL_GetTick();
 304:Drivers/STM32L4xx_HAL_Driver/Src/stm32l4xx_hal_rcc.c **** 
 305:Drivers/STM32L4xx_HAL_Driver/Src/stm32l4xx_hal_rcc.c ****   /* Wait till system clock source is ready */
 306:Drivers/STM32L4xx_HAL_Driver/Src/stm32l4xx_hal_rcc.c ****   while(READ_BIT(RCC->CFGR, RCC_CFGR_SWS) != RCC_CFGR_SWS_MSI)
 307:Drivers/STM32L4xx_HAL_Driver/Src/stm32l4xx_hal_rcc.c ****   {
 308:Drivers/STM32L4xx_HAL_Driver/Src/stm32l4xx_hal_rcc.c ****     if((HAL_GetTick() - tickstart) > CLOCKSWITCH_TIMEOUT_VALUE)
 309:Drivers/STM32L4xx_HAL_Driver/Src/stm32l4xx_hal_rcc.c ****     {
 310:Drivers/STM32L4xx_HAL_Driver/Src/stm32l4xx_hal_rcc.c ****       return HAL_TIMEOUT;
 311:Drivers/STM32L4xx_HAL_Driver/Src/stm32l4xx_hal_rcc.c ****     }
 312:Drivers/STM32L4xx_HAL_Driver/Src/stm32l4xx_hal_rcc.c ****   }
 313:Drivers/STM32L4xx_HAL_Driver/Src/stm32l4xx_hal_rcc.c **** 
 314:Drivers/STM32L4xx_HAL_Driver/Src/stm32l4xx_hal_rcc.c ****   /* Reset HSION, HSIKERON, HSIASFS, HSEON, HSECSSON, PLLON, PLLSAIxON bits */
 315:Drivers/STM32L4xx_HAL_Driver/Src/stm32l4xx_hal_rcc.c **** #if defined(RCC_PLLSAI2_SUPPORT)
ARM GAS  /tmp/ccziZpZZ.s 			page 7


 316:Drivers/STM32L4xx_HAL_Driver/Src/stm32l4xx_hal_rcc.c **** 
 317:Drivers/STM32L4xx_HAL_Driver/Src/stm32l4xx_hal_rcc.c ****   CLEAR_BIT(RCC->CR, RCC_CR_HSEON | RCC_CR_HSION | RCC_CR_HSIKERON| RCC_CR_HSIASFS | RCC_CR_PLLON |
 318:Drivers/STM32L4xx_HAL_Driver/Src/stm32l4xx_hal_rcc.c **** 
 319:Drivers/STM32L4xx_HAL_Driver/Src/stm32l4xx_hal_rcc.c **** #elif defined(RCC_PLLSAI1_SUPPORT)
 320:Drivers/STM32L4xx_HAL_Driver/Src/stm32l4xx_hal_rcc.c **** 
 321:Drivers/STM32L4xx_HAL_Driver/Src/stm32l4xx_hal_rcc.c ****   CLEAR_BIT(RCC->CR, RCC_CR_HSEON | RCC_CR_HSION | RCC_CR_HSIKERON| RCC_CR_HSIASFS | RCC_CR_PLLON |
 322:Drivers/STM32L4xx_HAL_Driver/Src/stm32l4xx_hal_rcc.c **** 
 323:Drivers/STM32L4xx_HAL_Driver/Src/stm32l4xx_hal_rcc.c **** #else
 324:Drivers/STM32L4xx_HAL_Driver/Src/stm32l4xx_hal_rcc.c **** 
 325:Drivers/STM32L4xx_HAL_Driver/Src/stm32l4xx_hal_rcc.c ****   CLEAR_BIT(RCC->CR, RCC_CR_HSEON | RCC_CR_HSION | RCC_CR_HSIKERON| RCC_CR_HSIASFS | RCC_CR_PLLON);
 326:Drivers/STM32L4xx_HAL_Driver/Src/stm32l4xx_hal_rcc.c **** 
 327:Drivers/STM32L4xx_HAL_Driver/Src/stm32l4xx_hal_rcc.c **** #endif /* RCC_PLLSAI2_SUPPORT */
 328:Drivers/STM32L4xx_HAL_Driver/Src/stm32l4xx_hal_rcc.c **** 
 329:Drivers/STM32L4xx_HAL_Driver/Src/stm32l4xx_hal_rcc.c ****   /* Insure PLLRDY, PLLSAI1RDY and PLLSAI2RDY (if present) are reset */
 330:Drivers/STM32L4xx_HAL_Driver/Src/stm32l4xx_hal_rcc.c ****   /* Get start tick */
 331:Drivers/STM32L4xx_HAL_Driver/Src/stm32l4xx_hal_rcc.c ****   tickstart = HAL_GetTick();
 332:Drivers/STM32L4xx_HAL_Driver/Src/stm32l4xx_hal_rcc.c **** 
 333:Drivers/STM32L4xx_HAL_Driver/Src/stm32l4xx_hal_rcc.c **** #if defined(RCC_PLLSAI2_SUPPORT)
 334:Drivers/STM32L4xx_HAL_Driver/Src/stm32l4xx_hal_rcc.c **** 
 335:Drivers/STM32L4xx_HAL_Driver/Src/stm32l4xx_hal_rcc.c ****   while(READ_BIT(RCC->CR, RCC_CR_PLLRDY | RCC_CR_PLLSAI1RDY | RCC_CR_PLLSAI2RDY) != 0U)
 336:Drivers/STM32L4xx_HAL_Driver/Src/stm32l4xx_hal_rcc.c **** 
 337:Drivers/STM32L4xx_HAL_Driver/Src/stm32l4xx_hal_rcc.c **** #elif defined(RCC_PLLSAI1_SUPPORT)
 338:Drivers/STM32L4xx_HAL_Driver/Src/stm32l4xx_hal_rcc.c **** 
 339:Drivers/STM32L4xx_HAL_Driver/Src/stm32l4xx_hal_rcc.c ****   while(READ_BIT(RCC->CR, RCC_CR_PLLRDY | RCC_CR_PLLSAI1RDY) != 0U)
 340:Drivers/STM32L4xx_HAL_Driver/Src/stm32l4xx_hal_rcc.c **** 
 341:Drivers/STM32L4xx_HAL_Driver/Src/stm32l4xx_hal_rcc.c **** #else
 342:Drivers/STM32L4xx_HAL_Driver/Src/stm32l4xx_hal_rcc.c **** 
 343:Drivers/STM32L4xx_HAL_Driver/Src/stm32l4xx_hal_rcc.c ****   while(READ_BIT(RCC->CR, RCC_CR_PLLRDY) != 0U)
 344:Drivers/STM32L4xx_HAL_Driver/Src/stm32l4xx_hal_rcc.c **** 
 345:Drivers/STM32L4xx_HAL_Driver/Src/stm32l4xx_hal_rcc.c **** #endif
 346:Drivers/STM32L4xx_HAL_Driver/Src/stm32l4xx_hal_rcc.c ****   {
 347:Drivers/STM32L4xx_HAL_Driver/Src/stm32l4xx_hal_rcc.c ****     if((HAL_GetTick() - tickstart) > PLL_TIMEOUT_VALUE)
 348:Drivers/STM32L4xx_HAL_Driver/Src/stm32l4xx_hal_rcc.c ****     {
 349:Drivers/STM32L4xx_HAL_Driver/Src/stm32l4xx_hal_rcc.c ****       return HAL_TIMEOUT;
 350:Drivers/STM32L4xx_HAL_Driver/Src/stm32l4xx_hal_rcc.c ****     }
 351:Drivers/STM32L4xx_HAL_Driver/Src/stm32l4xx_hal_rcc.c ****   }
 352:Drivers/STM32L4xx_HAL_Driver/Src/stm32l4xx_hal_rcc.c **** 
 353:Drivers/STM32L4xx_HAL_Driver/Src/stm32l4xx_hal_rcc.c ****   /* Reset PLLCFGR register */
 354:Drivers/STM32L4xx_HAL_Driver/Src/stm32l4xx_hal_rcc.c ****   CLEAR_REG(RCC->PLLCFGR);
 355:Drivers/STM32L4xx_HAL_Driver/Src/stm32l4xx_hal_rcc.c ****   SET_BIT(RCC->PLLCFGR, RCC_PLLCFGR_PLLN_4 );
 356:Drivers/STM32L4xx_HAL_Driver/Src/stm32l4xx_hal_rcc.c **** 
 357:Drivers/STM32L4xx_HAL_Driver/Src/stm32l4xx_hal_rcc.c **** #if defined(RCC_PLLSAI1_SUPPORT)
 358:Drivers/STM32L4xx_HAL_Driver/Src/stm32l4xx_hal_rcc.c **** 
 359:Drivers/STM32L4xx_HAL_Driver/Src/stm32l4xx_hal_rcc.c ****   /* Reset PLLSAI1CFGR register */
 360:Drivers/STM32L4xx_HAL_Driver/Src/stm32l4xx_hal_rcc.c ****   CLEAR_REG(RCC->PLLSAI1CFGR);
 361:Drivers/STM32L4xx_HAL_Driver/Src/stm32l4xx_hal_rcc.c ****   SET_BIT(RCC->PLLSAI1CFGR,  RCC_PLLSAI1CFGR_PLLSAI1N_4 );
 362:Drivers/STM32L4xx_HAL_Driver/Src/stm32l4xx_hal_rcc.c **** 
 363:Drivers/STM32L4xx_HAL_Driver/Src/stm32l4xx_hal_rcc.c **** #endif /* RCC_PLLSAI1_SUPPORT */
 364:Drivers/STM32L4xx_HAL_Driver/Src/stm32l4xx_hal_rcc.c **** 
 365:Drivers/STM32L4xx_HAL_Driver/Src/stm32l4xx_hal_rcc.c **** #if defined(RCC_PLLSAI2_SUPPORT)
 366:Drivers/STM32L4xx_HAL_Driver/Src/stm32l4xx_hal_rcc.c **** 
 367:Drivers/STM32L4xx_HAL_Driver/Src/stm32l4xx_hal_rcc.c ****   /* Reset PLLSAI2CFGR register */
 368:Drivers/STM32L4xx_HAL_Driver/Src/stm32l4xx_hal_rcc.c ****   CLEAR_REG(RCC->PLLSAI2CFGR);
 369:Drivers/STM32L4xx_HAL_Driver/Src/stm32l4xx_hal_rcc.c ****   SET_BIT(RCC->PLLSAI2CFGR,  RCC_PLLSAI2CFGR_PLLSAI2N_4 );
 370:Drivers/STM32L4xx_HAL_Driver/Src/stm32l4xx_hal_rcc.c **** 
 371:Drivers/STM32L4xx_HAL_Driver/Src/stm32l4xx_hal_rcc.c **** #endif /* RCC_PLLSAI2_SUPPORT */
 372:Drivers/STM32L4xx_HAL_Driver/Src/stm32l4xx_hal_rcc.c **** 
ARM GAS  /tmp/ccziZpZZ.s 			page 8


 373:Drivers/STM32L4xx_HAL_Driver/Src/stm32l4xx_hal_rcc.c ****   /* Reset HSEBYP bit */
 374:Drivers/STM32L4xx_HAL_Driver/Src/stm32l4xx_hal_rcc.c ****   CLEAR_BIT(RCC->CR, RCC_CR_HSEBYP);
 375:Drivers/STM32L4xx_HAL_Driver/Src/stm32l4xx_hal_rcc.c **** 
 376:Drivers/STM32L4xx_HAL_Driver/Src/stm32l4xx_hal_rcc.c ****   /* Disable all interrupts */
 377:Drivers/STM32L4xx_HAL_Driver/Src/stm32l4xx_hal_rcc.c ****   CLEAR_REG(RCC->CIER);
 378:Drivers/STM32L4xx_HAL_Driver/Src/stm32l4xx_hal_rcc.c **** 
 379:Drivers/STM32L4xx_HAL_Driver/Src/stm32l4xx_hal_rcc.c ****   /* Clear all interrupt flags */
 380:Drivers/STM32L4xx_HAL_Driver/Src/stm32l4xx_hal_rcc.c ****   WRITE_REG(RCC->CICR, 0xFFFFFFFFU);
 381:Drivers/STM32L4xx_HAL_Driver/Src/stm32l4xx_hal_rcc.c **** 
 382:Drivers/STM32L4xx_HAL_Driver/Src/stm32l4xx_hal_rcc.c ****   /* Clear all reset flags */
 383:Drivers/STM32L4xx_HAL_Driver/Src/stm32l4xx_hal_rcc.c ****   SET_BIT(RCC->CSR, RCC_CSR_RMVF);
 384:Drivers/STM32L4xx_HAL_Driver/Src/stm32l4xx_hal_rcc.c **** 
 385:Drivers/STM32L4xx_HAL_Driver/Src/stm32l4xx_hal_rcc.c ****   return HAL_OK;
 386:Drivers/STM32L4xx_HAL_Driver/Src/stm32l4xx_hal_rcc.c **** }
 387:Drivers/STM32L4xx_HAL_Driver/Src/stm32l4xx_hal_rcc.c **** 
 388:Drivers/STM32L4xx_HAL_Driver/Src/stm32l4xx_hal_rcc.c **** /**
 389:Drivers/STM32L4xx_HAL_Driver/Src/stm32l4xx_hal_rcc.c ****   * @brief  Initialize the RCC Oscillators according to the specified parameters in the
 390:Drivers/STM32L4xx_HAL_Driver/Src/stm32l4xx_hal_rcc.c ****   *         RCC_OscInitTypeDef.
 391:Drivers/STM32L4xx_HAL_Driver/Src/stm32l4xx_hal_rcc.c ****   * @param  RCC_OscInitStruct  pointer to an RCC_OscInitTypeDef structure that
 392:Drivers/STM32L4xx_HAL_Driver/Src/stm32l4xx_hal_rcc.c ****   *         contains the configuration information for the RCC Oscillators.
 393:Drivers/STM32L4xx_HAL_Driver/Src/stm32l4xx_hal_rcc.c ****   * @note   The PLL is not disabled when used as system clock.
 394:Drivers/STM32L4xx_HAL_Driver/Src/stm32l4xx_hal_rcc.c ****   * @note   The PLL source is not updated when used as PLLSAI(s) clock source.
 395:Drivers/STM32L4xx_HAL_Driver/Src/stm32l4xx_hal_rcc.c ****   * @note   Transitions LSE Bypass to LSE On and LSE On to LSE Bypass are not
 396:Drivers/STM32L4xx_HAL_Driver/Src/stm32l4xx_hal_rcc.c ****   *         supported by this macro. User should request a transition to LSE Off
 397:Drivers/STM32L4xx_HAL_Driver/Src/stm32l4xx_hal_rcc.c ****   *         first and then LSE On or LSE Bypass.
 398:Drivers/STM32L4xx_HAL_Driver/Src/stm32l4xx_hal_rcc.c ****   * @note   Transition HSE Bypass to HSE On and HSE On to HSE Bypass are not
 399:Drivers/STM32L4xx_HAL_Driver/Src/stm32l4xx_hal_rcc.c ****   *         supported by this macro. User should request a transition to HSE Off
 400:Drivers/STM32L4xx_HAL_Driver/Src/stm32l4xx_hal_rcc.c ****   *         first and then HSE On or HSE Bypass.
 401:Drivers/STM32L4xx_HAL_Driver/Src/stm32l4xx_hal_rcc.c ****   * @note   If HSE failed to start, HSE should be disabled before recalling
 402:Drivers/STM32L4xx_HAL_Driver/Src/stm32l4xx_hal_rcc.c ****             HAL_RCC_OscConfig().
 403:Drivers/STM32L4xx_HAL_Driver/Src/stm32l4xx_hal_rcc.c ****   * @retval HAL status
 404:Drivers/STM32L4xx_HAL_Driver/Src/stm32l4xx_hal_rcc.c ****   */
 405:Drivers/STM32L4xx_HAL_Driver/Src/stm32l4xx_hal_rcc.c **** HAL_StatusTypeDef HAL_RCC_OscConfig(RCC_OscInitTypeDef  *RCC_OscInitStruct)
 406:Drivers/STM32L4xx_HAL_Driver/Src/stm32l4xx_hal_rcc.c **** {
 407:Drivers/STM32L4xx_HAL_Driver/Src/stm32l4xx_hal_rcc.c ****   uint32_t tickstart;
 408:Drivers/STM32L4xx_HAL_Driver/Src/stm32l4xx_hal_rcc.c ****   HAL_StatusTypeDef status;
 409:Drivers/STM32L4xx_HAL_Driver/Src/stm32l4xx_hal_rcc.c ****   uint32_t sysclk_source, pll_config;
 410:Drivers/STM32L4xx_HAL_Driver/Src/stm32l4xx_hal_rcc.c **** 
 411:Drivers/STM32L4xx_HAL_Driver/Src/stm32l4xx_hal_rcc.c ****   /* Check Null pointer */
 412:Drivers/STM32L4xx_HAL_Driver/Src/stm32l4xx_hal_rcc.c ****   if(RCC_OscInitStruct == NULL)
 413:Drivers/STM32L4xx_HAL_Driver/Src/stm32l4xx_hal_rcc.c ****   {
 414:Drivers/STM32L4xx_HAL_Driver/Src/stm32l4xx_hal_rcc.c ****     return HAL_ERROR;
 415:Drivers/STM32L4xx_HAL_Driver/Src/stm32l4xx_hal_rcc.c ****   }
 416:Drivers/STM32L4xx_HAL_Driver/Src/stm32l4xx_hal_rcc.c **** 
 417:Drivers/STM32L4xx_HAL_Driver/Src/stm32l4xx_hal_rcc.c ****   /* Check the parameters */
 418:Drivers/STM32L4xx_HAL_Driver/Src/stm32l4xx_hal_rcc.c ****   assert_param(IS_RCC_OSCILLATORTYPE(RCC_OscInitStruct->OscillatorType));
 419:Drivers/STM32L4xx_HAL_Driver/Src/stm32l4xx_hal_rcc.c **** 
 420:Drivers/STM32L4xx_HAL_Driver/Src/stm32l4xx_hal_rcc.c ****   sysclk_source = __HAL_RCC_GET_SYSCLK_SOURCE();
 421:Drivers/STM32L4xx_HAL_Driver/Src/stm32l4xx_hal_rcc.c ****   pll_config = __HAL_RCC_GET_PLL_OSCSOURCE();
 422:Drivers/STM32L4xx_HAL_Driver/Src/stm32l4xx_hal_rcc.c **** 
 423:Drivers/STM32L4xx_HAL_Driver/Src/stm32l4xx_hal_rcc.c ****   /*----------------------------- MSI Configuration --------------------------*/
 424:Drivers/STM32L4xx_HAL_Driver/Src/stm32l4xx_hal_rcc.c ****   if(((RCC_OscInitStruct->OscillatorType) & RCC_OSCILLATORTYPE_MSI) == RCC_OSCILLATORTYPE_MSI)
 425:Drivers/STM32L4xx_HAL_Driver/Src/stm32l4xx_hal_rcc.c ****   {
 426:Drivers/STM32L4xx_HAL_Driver/Src/stm32l4xx_hal_rcc.c ****     /* Check the parameters */
 427:Drivers/STM32L4xx_HAL_Driver/Src/stm32l4xx_hal_rcc.c ****     assert_param(IS_RCC_MSI(RCC_OscInitStruct->MSIState));
 428:Drivers/STM32L4xx_HAL_Driver/Src/stm32l4xx_hal_rcc.c ****     assert_param(IS_RCC_MSICALIBRATION_VALUE(RCC_OscInitStruct->MSICalibrationValue));
 429:Drivers/STM32L4xx_HAL_Driver/Src/stm32l4xx_hal_rcc.c ****     assert_param(IS_RCC_MSI_CLOCK_RANGE(RCC_OscInitStruct->MSIClockRange));
ARM GAS  /tmp/ccziZpZZ.s 			page 9


 430:Drivers/STM32L4xx_HAL_Driver/Src/stm32l4xx_hal_rcc.c **** 
 431:Drivers/STM32L4xx_HAL_Driver/Src/stm32l4xx_hal_rcc.c ****     /* Check if MSI is used as system clock or as PLL source when PLL is selected as system clock *
 432:Drivers/STM32L4xx_HAL_Driver/Src/stm32l4xx_hal_rcc.c ****     if((sysclk_source == RCC_CFGR_SWS_MSI) ||
 433:Drivers/STM32L4xx_HAL_Driver/Src/stm32l4xx_hal_rcc.c ****        ((sysclk_source == RCC_CFGR_SWS_PLL) && (pll_config == RCC_PLLSOURCE_MSI)))
 434:Drivers/STM32L4xx_HAL_Driver/Src/stm32l4xx_hal_rcc.c ****     {
 435:Drivers/STM32L4xx_HAL_Driver/Src/stm32l4xx_hal_rcc.c ****       if((READ_BIT(RCC->CR, RCC_CR_MSIRDY) != 0U) && (RCC_OscInitStruct->MSIState == RCC_MSI_OFF))
 436:Drivers/STM32L4xx_HAL_Driver/Src/stm32l4xx_hal_rcc.c ****       {
 437:Drivers/STM32L4xx_HAL_Driver/Src/stm32l4xx_hal_rcc.c ****         return HAL_ERROR;
 438:Drivers/STM32L4xx_HAL_Driver/Src/stm32l4xx_hal_rcc.c ****       }
 439:Drivers/STM32L4xx_HAL_Driver/Src/stm32l4xx_hal_rcc.c **** 
 440:Drivers/STM32L4xx_HAL_Driver/Src/stm32l4xx_hal_rcc.c ****        /* Otherwise, just the calibration and MSI range change are allowed */
 441:Drivers/STM32L4xx_HAL_Driver/Src/stm32l4xx_hal_rcc.c ****       else
 442:Drivers/STM32L4xx_HAL_Driver/Src/stm32l4xx_hal_rcc.c ****       {
 443:Drivers/STM32L4xx_HAL_Driver/Src/stm32l4xx_hal_rcc.c ****         /* To correctly read data from FLASH memory, the number of wait states (LATENCY)
 444:Drivers/STM32L4xx_HAL_Driver/Src/stm32l4xx_hal_rcc.c ****            must be correctly programmed according to the frequency of the CPU clock
 445:Drivers/STM32L4xx_HAL_Driver/Src/stm32l4xx_hal_rcc.c ****            (HCLK) and the supply voltage of the device. */
 446:Drivers/STM32L4xx_HAL_Driver/Src/stm32l4xx_hal_rcc.c ****         if(RCC_OscInitStruct->MSIClockRange > __HAL_RCC_GET_MSI_RANGE())
 447:Drivers/STM32L4xx_HAL_Driver/Src/stm32l4xx_hal_rcc.c ****         {
 448:Drivers/STM32L4xx_HAL_Driver/Src/stm32l4xx_hal_rcc.c ****           /* First increase number of wait states update if necessary */
 449:Drivers/STM32L4xx_HAL_Driver/Src/stm32l4xx_hal_rcc.c ****           if(RCC_SetFlashLatencyFromMSIRange(RCC_OscInitStruct->MSIClockRange) != HAL_OK)
 450:Drivers/STM32L4xx_HAL_Driver/Src/stm32l4xx_hal_rcc.c ****           {
 451:Drivers/STM32L4xx_HAL_Driver/Src/stm32l4xx_hal_rcc.c ****             return HAL_ERROR;
 452:Drivers/STM32L4xx_HAL_Driver/Src/stm32l4xx_hal_rcc.c ****           }
 453:Drivers/STM32L4xx_HAL_Driver/Src/stm32l4xx_hal_rcc.c **** 
 454:Drivers/STM32L4xx_HAL_Driver/Src/stm32l4xx_hal_rcc.c ****           /* Selects the Multiple Speed oscillator (MSI) clock range .*/
 455:Drivers/STM32L4xx_HAL_Driver/Src/stm32l4xx_hal_rcc.c ****           __HAL_RCC_MSI_RANGE_CONFIG(RCC_OscInitStruct->MSIClockRange);
 456:Drivers/STM32L4xx_HAL_Driver/Src/stm32l4xx_hal_rcc.c ****           /* Adjusts the Multiple Speed oscillator (MSI) calibration value.*/
 457:Drivers/STM32L4xx_HAL_Driver/Src/stm32l4xx_hal_rcc.c ****           __HAL_RCC_MSI_CALIBRATIONVALUE_ADJUST(RCC_OscInitStruct->MSICalibrationValue);
 458:Drivers/STM32L4xx_HAL_Driver/Src/stm32l4xx_hal_rcc.c ****         }
 459:Drivers/STM32L4xx_HAL_Driver/Src/stm32l4xx_hal_rcc.c ****         else
 460:Drivers/STM32L4xx_HAL_Driver/Src/stm32l4xx_hal_rcc.c ****         {
 461:Drivers/STM32L4xx_HAL_Driver/Src/stm32l4xx_hal_rcc.c ****           /* Else, keep current flash latency while decreasing applies */
 462:Drivers/STM32L4xx_HAL_Driver/Src/stm32l4xx_hal_rcc.c ****           /* Selects the Multiple Speed oscillator (MSI) clock range .*/
 463:Drivers/STM32L4xx_HAL_Driver/Src/stm32l4xx_hal_rcc.c ****           __HAL_RCC_MSI_RANGE_CONFIG(RCC_OscInitStruct->MSIClockRange);
 464:Drivers/STM32L4xx_HAL_Driver/Src/stm32l4xx_hal_rcc.c ****           /* Adjusts the Multiple Speed oscillator (MSI) calibration value.*/
 465:Drivers/STM32L4xx_HAL_Driver/Src/stm32l4xx_hal_rcc.c ****           __HAL_RCC_MSI_CALIBRATIONVALUE_ADJUST(RCC_OscInitStruct->MSICalibrationValue);
 466:Drivers/STM32L4xx_HAL_Driver/Src/stm32l4xx_hal_rcc.c **** 
 467:Drivers/STM32L4xx_HAL_Driver/Src/stm32l4xx_hal_rcc.c ****           /* Decrease number of wait states update if necessary */
 468:Drivers/STM32L4xx_HAL_Driver/Src/stm32l4xx_hal_rcc.c ****           /* Only possible when MSI is the System clock source  */
 469:Drivers/STM32L4xx_HAL_Driver/Src/stm32l4xx_hal_rcc.c ****           if(sysclk_source == RCC_CFGR_SWS_MSI)
 470:Drivers/STM32L4xx_HAL_Driver/Src/stm32l4xx_hal_rcc.c ****           {
 471:Drivers/STM32L4xx_HAL_Driver/Src/stm32l4xx_hal_rcc.c ****             if(RCC_SetFlashLatencyFromMSIRange(RCC_OscInitStruct->MSIClockRange) != HAL_OK)
 472:Drivers/STM32L4xx_HAL_Driver/Src/stm32l4xx_hal_rcc.c ****             {
 473:Drivers/STM32L4xx_HAL_Driver/Src/stm32l4xx_hal_rcc.c ****               return HAL_ERROR;
 474:Drivers/STM32L4xx_HAL_Driver/Src/stm32l4xx_hal_rcc.c ****             }
 475:Drivers/STM32L4xx_HAL_Driver/Src/stm32l4xx_hal_rcc.c ****           }
 476:Drivers/STM32L4xx_HAL_Driver/Src/stm32l4xx_hal_rcc.c ****         }
 477:Drivers/STM32L4xx_HAL_Driver/Src/stm32l4xx_hal_rcc.c **** 
 478:Drivers/STM32L4xx_HAL_Driver/Src/stm32l4xx_hal_rcc.c ****         /* Update the SystemCoreClock global variable */
 479:Drivers/STM32L4xx_HAL_Driver/Src/stm32l4xx_hal_rcc.c ****         SystemCoreClock = HAL_RCC_GetSysClockFreq() >> (AHBPrescTable[READ_BIT(RCC->CFGR, RCC_CFGR_
 480:Drivers/STM32L4xx_HAL_Driver/Src/stm32l4xx_hal_rcc.c **** 
 481:Drivers/STM32L4xx_HAL_Driver/Src/stm32l4xx_hal_rcc.c ****         /* Configure the source of time base considering new system clocks settings*/
 482:Drivers/STM32L4xx_HAL_Driver/Src/stm32l4xx_hal_rcc.c ****         status = HAL_InitTick(uwTickPrio);
 483:Drivers/STM32L4xx_HAL_Driver/Src/stm32l4xx_hal_rcc.c ****         if(status != HAL_OK)
 484:Drivers/STM32L4xx_HAL_Driver/Src/stm32l4xx_hal_rcc.c ****         {
 485:Drivers/STM32L4xx_HAL_Driver/Src/stm32l4xx_hal_rcc.c ****           return status;
 486:Drivers/STM32L4xx_HAL_Driver/Src/stm32l4xx_hal_rcc.c ****         }
ARM GAS  /tmp/ccziZpZZ.s 			page 10


 487:Drivers/STM32L4xx_HAL_Driver/Src/stm32l4xx_hal_rcc.c ****       }
 488:Drivers/STM32L4xx_HAL_Driver/Src/stm32l4xx_hal_rcc.c ****     }
 489:Drivers/STM32L4xx_HAL_Driver/Src/stm32l4xx_hal_rcc.c ****     else
 490:Drivers/STM32L4xx_HAL_Driver/Src/stm32l4xx_hal_rcc.c ****     {
 491:Drivers/STM32L4xx_HAL_Driver/Src/stm32l4xx_hal_rcc.c ****       /* Check the MSI State */
 492:Drivers/STM32L4xx_HAL_Driver/Src/stm32l4xx_hal_rcc.c ****       if(RCC_OscInitStruct->MSIState != RCC_MSI_OFF)
 493:Drivers/STM32L4xx_HAL_Driver/Src/stm32l4xx_hal_rcc.c ****       {
 494:Drivers/STM32L4xx_HAL_Driver/Src/stm32l4xx_hal_rcc.c ****         /* Enable the Internal High Speed oscillator (MSI). */
 495:Drivers/STM32L4xx_HAL_Driver/Src/stm32l4xx_hal_rcc.c ****         __HAL_RCC_MSI_ENABLE();
 496:Drivers/STM32L4xx_HAL_Driver/Src/stm32l4xx_hal_rcc.c **** 
 497:Drivers/STM32L4xx_HAL_Driver/Src/stm32l4xx_hal_rcc.c ****         /* Get timeout */
 498:Drivers/STM32L4xx_HAL_Driver/Src/stm32l4xx_hal_rcc.c ****         tickstart = HAL_GetTick();
 499:Drivers/STM32L4xx_HAL_Driver/Src/stm32l4xx_hal_rcc.c **** 
 500:Drivers/STM32L4xx_HAL_Driver/Src/stm32l4xx_hal_rcc.c ****         /* Wait till MSI is ready */
 501:Drivers/STM32L4xx_HAL_Driver/Src/stm32l4xx_hal_rcc.c ****         while(READ_BIT(RCC->CR, RCC_CR_MSIRDY) == 0U)
 502:Drivers/STM32L4xx_HAL_Driver/Src/stm32l4xx_hal_rcc.c ****         {
 503:Drivers/STM32L4xx_HAL_Driver/Src/stm32l4xx_hal_rcc.c ****           if((HAL_GetTick() - tickstart) > MSI_TIMEOUT_VALUE)
 504:Drivers/STM32L4xx_HAL_Driver/Src/stm32l4xx_hal_rcc.c ****           {
 505:Drivers/STM32L4xx_HAL_Driver/Src/stm32l4xx_hal_rcc.c ****             return HAL_TIMEOUT;
 506:Drivers/STM32L4xx_HAL_Driver/Src/stm32l4xx_hal_rcc.c ****           }
 507:Drivers/STM32L4xx_HAL_Driver/Src/stm32l4xx_hal_rcc.c ****         }
 508:Drivers/STM32L4xx_HAL_Driver/Src/stm32l4xx_hal_rcc.c ****          /* Selects the Multiple Speed oscillator (MSI) clock range .*/
 509:Drivers/STM32L4xx_HAL_Driver/Src/stm32l4xx_hal_rcc.c ****         __HAL_RCC_MSI_RANGE_CONFIG(RCC_OscInitStruct->MSIClockRange);
 510:Drivers/STM32L4xx_HAL_Driver/Src/stm32l4xx_hal_rcc.c ****          /* Adjusts the Multiple Speed oscillator (MSI) calibration value.*/
 511:Drivers/STM32L4xx_HAL_Driver/Src/stm32l4xx_hal_rcc.c ****         __HAL_RCC_MSI_CALIBRATIONVALUE_ADJUST(RCC_OscInitStruct->MSICalibrationValue);
 512:Drivers/STM32L4xx_HAL_Driver/Src/stm32l4xx_hal_rcc.c **** 
 513:Drivers/STM32L4xx_HAL_Driver/Src/stm32l4xx_hal_rcc.c ****       }
 514:Drivers/STM32L4xx_HAL_Driver/Src/stm32l4xx_hal_rcc.c ****       else
 515:Drivers/STM32L4xx_HAL_Driver/Src/stm32l4xx_hal_rcc.c ****       {
 516:Drivers/STM32L4xx_HAL_Driver/Src/stm32l4xx_hal_rcc.c ****         /* Disable the Internal High Speed oscillator (MSI). */
 517:Drivers/STM32L4xx_HAL_Driver/Src/stm32l4xx_hal_rcc.c ****         __HAL_RCC_MSI_DISABLE();
 518:Drivers/STM32L4xx_HAL_Driver/Src/stm32l4xx_hal_rcc.c **** 
 519:Drivers/STM32L4xx_HAL_Driver/Src/stm32l4xx_hal_rcc.c ****         /* Get timeout */
 520:Drivers/STM32L4xx_HAL_Driver/Src/stm32l4xx_hal_rcc.c ****         tickstart = HAL_GetTick();
 521:Drivers/STM32L4xx_HAL_Driver/Src/stm32l4xx_hal_rcc.c **** 
 522:Drivers/STM32L4xx_HAL_Driver/Src/stm32l4xx_hal_rcc.c ****         /* Wait till MSI is ready */
 523:Drivers/STM32L4xx_HAL_Driver/Src/stm32l4xx_hal_rcc.c ****         while(READ_BIT(RCC->CR, RCC_CR_MSIRDY) != 0U)
 524:Drivers/STM32L4xx_HAL_Driver/Src/stm32l4xx_hal_rcc.c ****         {
 525:Drivers/STM32L4xx_HAL_Driver/Src/stm32l4xx_hal_rcc.c ****           if((HAL_GetTick() - tickstart) > MSI_TIMEOUT_VALUE)
 526:Drivers/STM32L4xx_HAL_Driver/Src/stm32l4xx_hal_rcc.c ****           {
 527:Drivers/STM32L4xx_HAL_Driver/Src/stm32l4xx_hal_rcc.c ****             return HAL_TIMEOUT;
 528:Drivers/STM32L4xx_HAL_Driver/Src/stm32l4xx_hal_rcc.c ****           }
 529:Drivers/STM32L4xx_HAL_Driver/Src/stm32l4xx_hal_rcc.c ****         }
 530:Drivers/STM32L4xx_HAL_Driver/Src/stm32l4xx_hal_rcc.c ****       }
 531:Drivers/STM32L4xx_HAL_Driver/Src/stm32l4xx_hal_rcc.c ****     }
 532:Drivers/STM32L4xx_HAL_Driver/Src/stm32l4xx_hal_rcc.c ****   }
 533:Drivers/STM32L4xx_HAL_Driver/Src/stm32l4xx_hal_rcc.c ****   /*------------------------------- HSE Configuration ------------------------*/
 534:Drivers/STM32L4xx_HAL_Driver/Src/stm32l4xx_hal_rcc.c ****   if(((RCC_OscInitStruct->OscillatorType) & RCC_OSCILLATORTYPE_HSE) == RCC_OSCILLATORTYPE_HSE)
 535:Drivers/STM32L4xx_HAL_Driver/Src/stm32l4xx_hal_rcc.c ****   {
 536:Drivers/STM32L4xx_HAL_Driver/Src/stm32l4xx_hal_rcc.c ****     /* Check the parameters */
 537:Drivers/STM32L4xx_HAL_Driver/Src/stm32l4xx_hal_rcc.c ****     assert_param(IS_RCC_HSE(RCC_OscInitStruct->HSEState));
 538:Drivers/STM32L4xx_HAL_Driver/Src/stm32l4xx_hal_rcc.c **** 
 539:Drivers/STM32L4xx_HAL_Driver/Src/stm32l4xx_hal_rcc.c ****     /* When the HSE is used as system clock or clock source for PLL in these cases it is not allowe
 540:Drivers/STM32L4xx_HAL_Driver/Src/stm32l4xx_hal_rcc.c ****     if((sysclk_source == RCC_CFGR_SWS_HSE) ||
 541:Drivers/STM32L4xx_HAL_Driver/Src/stm32l4xx_hal_rcc.c ****        ((sysclk_source == RCC_CFGR_SWS_PLL) && (pll_config == RCC_PLLSOURCE_HSE)))
 542:Drivers/STM32L4xx_HAL_Driver/Src/stm32l4xx_hal_rcc.c ****     {
 543:Drivers/STM32L4xx_HAL_Driver/Src/stm32l4xx_hal_rcc.c ****       if((READ_BIT(RCC->CR, RCC_CR_HSERDY) != 0U) && (RCC_OscInitStruct->HSEState == RCC_HSE_OFF))
ARM GAS  /tmp/ccziZpZZ.s 			page 11


 544:Drivers/STM32L4xx_HAL_Driver/Src/stm32l4xx_hal_rcc.c ****       {
 545:Drivers/STM32L4xx_HAL_Driver/Src/stm32l4xx_hal_rcc.c ****         return HAL_ERROR;
 546:Drivers/STM32L4xx_HAL_Driver/Src/stm32l4xx_hal_rcc.c ****       }
 547:Drivers/STM32L4xx_HAL_Driver/Src/stm32l4xx_hal_rcc.c ****     }
 548:Drivers/STM32L4xx_HAL_Driver/Src/stm32l4xx_hal_rcc.c ****     else
 549:Drivers/STM32L4xx_HAL_Driver/Src/stm32l4xx_hal_rcc.c ****     {
 550:Drivers/STM32L4xx_HAL_Driver/Src/stm32l4xx_hal_rcc.c ****       /* Set the new HSE configuration ---------------------------------------*/
 551:Drivers/STM32L4xx_HAL_Driver/Src/stm32l4xx_hal_rcc.c ****       __HAL_RCC_HSE_CONFIG(RCC_OscInitStruct->HSEState);
 552:Drivers/STM32L4xx_HAL_Driver/Src/stm32l4xx_hal_rcc.c **** 
 553:Drivers/STM32L4xx_HAL_Driver/Src/stm32l4xx_hal_rcc.c ****       /* Check the HSE State */
 554:Drivers/STM32L4xx_HAL_Driver/Src/stm32l4xx_hal_rcc.c ****       if(RCC_OscInitStruct->HSEState != RCC_HSE_OFF)
 555:Drivers/STM32L4xx_HAL_Driver/Src/stm32l4xx_hal_rcc.c ****       {
 556:Drivers/STM32L4xx_HAL_Driver/Src/stm32l4xx_hal_rcc.c ****         /* Get Start Tick*/
 557:Drivers/STM32L4xx_HAL_Driver/Src/stm32l4xx_hal_rcc.c ****         tickstart = HAL_GetTick();
 558:Drivers/STM32L4xx_HAL_Driver/Src/stm32l4xx_hal_rcc.c **** 
 559:Drivers/STM32L4xx_HAL_Driver/Src/stm32l4xx_hal_rcc.c ****         /* Wait till HSE is ready */
 560:Drivers/STM32L4xx_HAL_Driver/Src/stm32l4xx_hal_rcc.c ****         while(READ_BIT(RCC->CR, RCC_CR_HSERDY) == 0U)
 561:Drivers/STM32L4xx_HAL_Driver/Src/stm32l4xx_hal_rcc.c ****         {
 562:Drivers/STM32L4xx_HAL_Driver/Src/stm32l4xx_hal_rcc.c ****           if((HAL_GetTick() - tickstart) > HSE_TIMEOUT_VALUE)
 563:Drivers/STM32L4xx_HAL_Driver/Src/stm32l4xx_hal_rcc.c ****           {
 564:Drivers/STM32L4xx_HAL_Driver/Src/stm32l4xx_hal_rcc.c ****             return HAL_TIMEOUT;
 565:Drivers/STM32L4xx_HAL_Driver/Src/stm32l4xx_hal_rcc.c ****           }
 566:Drivers/STM32L4xx_HAL_Driver/Src/stm32l4xx_hal_rcc.c ****         }
 567:Drivers/STM32L4xx_HAL_Driver/Src/stm32l4xx_hal_rcc.c ****       }
 568:Drivers/STM32L4xx_HAL_Driver/Src/stm32l4xx_hal_rcc.c ****       else
 569:Drivers/STM32L4xx_HAL_Driver/Src/stm32l4xx_hal_rcc.c ****       {
 570:Drivers/STM32L4xx_HAL_Driver/Src/stm32l4xx_hal_rcc.c ****         /* Get Start Tick*/
 571:Drivers/STM32L4xx_HAL_Driver/Src/stm32l4xx_hal_rcc.c ****         tickstart = HAL_GetTick();
 572:Drivers/STM32L4xx_HAL_Driver/Src/stm32l4xx_hal_rcc.c **** 
 573:Drivers/STM32L4xx_HAL_Driver/Src/stm32l4xx_hal_rcc.c ****         /* Wait till HSE is disabled */
 574:Drivers/STM32L4xx_HAL_Driver/Src/stm32l4xx_hal_rcc.c ****         while(READ_BIT(RCC->CR, RCC_CR_HSERDY) != 0U)
 575:Drivers/STM32L4xx_HAL_Driver/Src/stm32l4xx_hal_rcc.c ****         {
 576:Drivers/STM32L4xx_HAL_Driver/Src/stm32l4xx_hal_rcc.c ****           if((HAL_GetTick() - tickstart) > HSE_TIMEOUT_VALUE)
 577:Drivers/STM32L4xx_HAL_Driver/Src/stm32l4xx_hal_rcc.c ****           {
 578:Drivers/STM32L4xx_HAL_Driver/Src/stm32l4xx_hal_rcc.c ****             return HAL_TIMEOUT;
 579:Drivers/STM32L4xx_HAL_Driver/Src/stm32l4xx_hal_rcc.c ****           }
 580:Drivers/STM32L4xx_HAL_Driver/Src/stm32l4xx_hal_rcc.c ****         }
 581:Drivers/STM32L4xx_HAL_Driver/Src/stm32l4xx_hal_rcc.c ****       }
 582:Drivers/STM32L4xx_HAL_Driver/Src/stm32l4xx_hal_rcc.c ****     }
 583:Drivers/STM32L4xx_HAL_Driver/Src/stm32l4xx_hal_rcc.c ****   }
 584:Drivers/STM32L4xx_HAL_Driver/Src/stm32l4xx_hal_rcc.c ****   /*----------------------------- HSI Configuration --------------------------*/
 585:Drivers/STM32L4xx_HAL_Driver/Src/stm32l4xx_hal_rcc.c ****   if(((RCC_OscInitStruct->OscillatorType) & RCC_OSCILLATORTYPE_HSI) == RCC_OSCILLATORTYPE_HSI)
 586:Drivers/STM32L4xx_HAL_Driver/Src/stm32l4xx_hal_rcc.c ****   {
 587:Drivers/STM32L4xx_HAL_Driver/Src/stm32l4xx_hal_rcc.c ****     /* Check the parameters */
 588:Drivers/STM32L4xx_HAL_Driver/Src/stm32l4xx_hal_rcc.c ****     assert_param(IS_RCC_HSI(RCC_OscInitStruct->HSIState));
 589:Drivers/STM32L4xx_HAL_Driver/Src/stm32l4xx_hal_rcc.c ****     assert_param(IS_RCC_HSI_CALIBRATION_VALUE(RCC_OscInitStruct->HSICalibrationValue));
 590:Drivers/STM32L4xx_HAL_Driver/Src/stm32l4xx_hal_rcc.c **** 
 591:Drivers/STM32L4xx_HAL_Driver/Src/stm32l4xx_hal_rcc.c ****     /* Check if HSI is used as system clock or as PLL source when PLL is selected as system clock *
 592:Drivers/STM32L4xx_HAL_Driver/Src/stm32l4xx_hal_rcc.c ****     if((sysclk_source == RCC_CFGR_SWS_HSI) ||
 593:Drivers/STM32L4xx_HAL_Driver/Src/stm32l4xx_hal_rcc.c ****        ((sysclk_source == RCC_CFGR_SWS_PLL) && (pll_config == RCC_PLLSOURCE_HSI)))
 594:Drivers/STM32L4xx_HAL_Driver/Src/stm32l4xx_hal_rcc.c ****     {
 595:Drivers/STM32L4xx_HAL_Driver/Src/stm32l4xx_hal_rcc.c ****       /* When HSI is used as system clock it will not be disabled */
 596:Drivers/STM32L4xx_HAL_Driver/Src/stm32l4xx_hal_rcc.c ****       if((READ_BIT(RCC->CR, RCC_CR_HSIRDY) != 0U) && (RCC_OscInitStruct->HSIState == RCC_HSI_OFF))
 597:Drivers/STM32L4xx_HAL_Driver/Src/stm32l4xx_hal_rcc.c ****       {
 598:Drivers/STM32L4xx_HAL_Driver/Src/stm32l4xx_hal_rcc.c ****         return HAL_ERROR;
 599:Drivers/STM32L4xx_HAL_Driver/Src/stm32l4xx_hal_rcc.c ****       }
 600:Drivers/STM32L4xx_HAL_Driver/Src/stm32l4xx_hal_rcc.c ****       /* Otherwise, just the calibration is allowed */
ARM GAS  /tmp/ccziZpZZ.s 			page 12


 601:Drivers/STM32L4xx_HAL_Driver/Src/stm32l4xx_hal_rcc.c ****       else
 602:Drivers/STM32L4xx_HAL_Driver/Src/stm32l4xx_hal_rcc.c ****       {
 603:Drivers/STM32L4xx_HAL_Driver/Src/stm32l4xx_hal_rcc.c ****         /* Adjusts the Internal High Speed oscillator (HSI) calibration value.*/
 604:Drivers/STM32L4xx_HAL_Driver/Src/stm32l4xx_hal_rcc.c ****         __HAL_RCC_HSI_CALIBRATIONVALUE_ADJUST(RCC_OscInitStruct->HSICalibrationValue);
 605:Drivers/STM32L4xx_HAL_Driver/Src/stm32l4xx_hal_rcc.c ****       }
 606:Drivers/STM32L4xx_HAL_Driver/Src/stm32l4xx_hal_rcc.c ****     }
 607:Drivers/STM32L4xx_HAL_Driver/Src/stm32l4xx_hal_rcc.c ****     else
 608:Drivers/STM32L4xx_HAL_Driver/Src/stm32l4xx_hal_rcc.c ****     {
 609:Drivers/STM32L4xx_HAL_Driver/Src/stm32l4xx_hal_rcc.c ****       /* Check the HSI State */
 610:Drivers/STM32L4xx_HAL_Driver/Src/stm32l4xx_hal_rcc.c ****       if(RCC_OscInitStruct->HSIState != RCC_HSI_OFF)
 611:Drivers/STM32L4xx_HAL_Driver/Src/stm32l4xx_hal_rcc.c ****       {
 612:Drivers/STM32L4xx_HAL_Driver/Src/stm32l4xx_hal_rcc.c ****         /* Enable the Internal High Speed oscillator (HSI). */
 613:Drivers/STM32L4xx_HAL_Driver/Src/stm32l4xx_hal_rcc.c ****         __HAL_RCC_HSI_ENABLE();
 614:Drivers/STM32L4xx_HAL_Driver/Src/stm32l4xx_hal_rcc.c **** 
 615:Drivers/STM32L4xx_HAL_Driver/Src/stm32l4xx_hal_rcc.c ****         /* Get Start Tick*/
 616:Drivers/STM32L4xx_HAL_Driver/Src/stm32l4xx_hal_rcc.c ****         tickstart = HAL_GetTick();
 617:Drivers/STM32L4xx_HAL_Driver/Src/stm32l4xx_hal_rcc.c **** 
 618:Drivers/STM32L4xx_HAL_Driver/Src/stm32l4xx_hal_rcc.c ****         /* Wait till HSI is ready */
 619:Drivers/STM32L4xx_HAL_Driver/Src/stm32l4xx_hal_rcc.c ****         while(READ_BIT(RCC->CR, RCC_CR_HSIRDY) == 0U)
 620:Drivers/STM32L4xx_HAL_Driver/Src/stm32l4xx_hal_rcc.c ****         {
 621:Drivers/STM32L4xx_HAL_Driver/Src/stm32l4xx_hal_rcc.c ****           if((HAL_GetTick() - tickstart) > HSI_TIMEOUT_VALUE)
 622:Drivers/STM32L4xx_HAL_Driver/Src/stm32l4xx_hal_rcc.c ****           {
 623:Drivers/STM32L4xx_HAL_Driver/Src/stm32l4xx_hal_rcc.c ****             return HAL_TIMEOUT;
 624:Drivers/STM32L4xx_HAL_Driver/Src/stm32l4xx_hal_rcc.c ****           }
 625:Drivers/STM32L4xx_HAL_Driver/Src/stm32l4xx_hal_rcc.c ****         }
 626:Drivers/STM32L4xx_HAL_Driver/Src/stm32l4xx_hal_rcc.c **** 
 627:Drivers/STM32L4xx_HAL_Driver/Src/stm32l4xx_hal_rcc.c ****         /* Adjusts the Internal High Speed oscillator (HSI) calibration value.*/
 628:Drivers/STM32L4xx_HAL_Driver/Src/stm32l4xx_hal_rcc.c ****         __HAL_RCC_HSI_CALIBRATIONVALUE_ADJUST(RCC_OscInitStruct->HSICalibrationValue);
 629:Drivers/STM32L4xx_HAL_Driver/Src/stm32l4xx_hal_rcc.c ****       }
 630:Drivers/STM32L4xx_HAL_Driver/Src/stm32l4xx_hal_rcc.c ****       else
 631:Drivers/STM32L4xx_HAL_Driver/Src/stm32l4xx_hal_rcc.c ****       {
 632:Drivers/STM32L4xx_HAL_Driver/Src/stm32l4xx_hal_rcc.c ****         /* Disable the Internal High Speed oscillator (HSI). */
 633:Drivers/STM32L4xx_HAL_Driver/Src/stm32l4xx_hal_rcc.c ****         __HAL_RCC_HSI_DISABLE();
 634:Drivers/STM32L4xx_HAL_Driver/Src/stm32l4xx_hal_rcc.c **** 
 635:Drivers/STM32L4xx_HAL_Driver/Src/stm32l4xx_hal_rcc.c ****         /* Get Start Tick*/
 636:Drivers/STM32L4xx_HAL_Driver/Src/stm32l4xx_hal_rcc.c ****         tickstart = HAL_GetTick();
 637:Drivers/STM32L4xx_HAL_Driver/Src/stm32l4xx_hal_rcc.c **** 
 638:Drivers/STM32L4xx_HAL_Driver/Src/stm32l4xx_hal_rcc.c ****         /* Wait till HSI is disabled */
 639:Drivers/STM32L4xx_HAL_Driver/Src/stm32l4xx_hal_rcc.c ****         while(READ_BIT(RCC->CR, RCC_CR_HSIRDY) != 0U)
 640:Drivers/STM32L4xx_HAL_Driver/Src/stm32l4xx_hal_rcc.c ****         {
 641:Drivers/STM32L4xx_HAL_Driver/Src/stm32l4xx_hal_rcc.c ****           if((HAL_GetTick() - tickstart) > HSI_TIMEOUT_VALUE)
 642:Drivers/STM32L4xx_HAL_Driver/Src/stm32l4xx_hal_rcc.c ****           {
 643:Drivers/STM32L4xx_HAL_Driver/Src/stm32l4xx_hal_rcc.c ****             return HAL_TIMEOUT;
 644:Drivers/STM32L4xx_HAL_Driver/Src/stm32l4xx_hal_rcc.c ****           }
 645:Drivers/STM32L4xx_HAL_Driver/Src/stm32l4xx_hal_rcc.c ****         }
 646:Drivers/STM32L4xx_HAL_Driver/Src/stm32l4xx_hal_rcc.c ****       }
 647:Drivers/STM32L4xx_HAL_Driver/Src/stm32l4xx_hal_rcc.c ****     }
 648:Drivers/STM32L4xx_HAL_Driver/Src/stm32l4xx_hal_rcc.c ****   }
 649:Drivers/STM32L4xx_HAL_Driver/Src/stm32l4xx_hal_rcc.c ****   /*------------------------------ LSI Configuration -------------------------*/
 650:Drivers/STM32L4xx_HAL_Driver/Src/stm32l4xx_hal_rcc.c ****   if(((RCC_OscInitStruct->OscillatorType) & RCC_OSCILLATORTYPE_LSI) == RCC_OSCILLATORTYPE_LSI)
 651:Drivers/STM32L4xx_HAL_Driver/Src/stm32l4xx_hal_rcc.c ****   {
 652:Drivers/STM32L4xx_HAL_Driver/Src/stm32l4xx_hal_rcc.c ****     /* Check the parameters */
 653:Drivers/STM32L4xx_HAL_Driver/Src/stm32l4xx_hal_rcc.c ****     assert_param(IS_RCC_LSI(RCC_OscInitStruct->LSIState));
 654:Drivers/STM32L4xx_HAL_Driver/Src/stm32l4xx_hal_rcc.c **** 
 655:Drivers/STM32L4xx_HAL_Driver/Src/stm32l4xx_hal_rcc.c ****     /* Check the LSI State */
 656:Drivers/STM32L4xx_HAL_Driver/Src/stm32l4xx_hal_rcc.c ****     if(RCC_OscInitStruct->LSIState != RCC_LSI_OFF)
 657:Drivers/STM32L4xx_HAL_Driver/Src/stm32l4xx_hal_rcc.c ****     {
ARM GAS  /tmp/ccziZpZZ.s 			page 13


 658:Drivers/STM32L4xx_HAL_Driver/Src/stm32l4xx_hal_rcc.c **** #if defined(RCC_CSR_LSIPREDIV)
 659:Drivers/STM32L4xx_HAL_Driver/Src/stm32l4xx_hal_rcc.c ****       uint32_t csr_temp = RCC->CSR;
 660:Drivers/STM32L4xx_HAL_Driver/Src/stm32l4xx_hal_rcc.c **** 
 661:Drivers/STM32L4xx_HAL_Driver/Src/stm32l4xx_hal_rcc.c ****       /* Check LSI division factor */
 662:Drivers/STM32L4xx_HAL_Driver/Src/stm32l4xx_hal_rcc.c ****       assert_param(IS_RCC_LSIDIV(RCC_OscInitStruct->LSIDiv));
 663:Drivers/STM32L4xx_HAL_Driver/Src/stm32l4xx_hal_rcc.c **** 
 664:Drivers/STM32L4xx_HAL_Driver/Src/stm32l4xx_hal_rcc.c ****       if (RCC_OscInitStruct->LSIDiv != (csr_temp & RCC_CSR_LSIPREDIV))
 665:Drivers/STM32L4xx_HAL_Driver/Src/stm32l4xx_hal_rcc.c ****       {
 666:Drivers/STM32L4xx_HAL_Driver/Src/stm32l4xx_hal_rcc.c ****         if (((csr_temp & RCC_CSR_LSIRDY) == RCC_CSR_LSIRDY) && \
 667:Drivers/STM32L4xx_HAL_Driver/Src/stm32l4xx_hal_rcc.c ****             ((csr_temp & RCC_CSR_LSION) != RCC_CSR_LSION))
 668:Drivers/STM32L4xx_HAL_Driver/Src/stm32l4xx_hal_rcc.c ****         {
 669:Drivers/STM32L4xx_HAL_Driver/Src/stm32l4xx_hal_rcc.c ****            /* If LSIRDY is set while LSION is not enabled,
 670:Drivers/STM32L4xx_HAL_Driver/Src/stm32l4xx_hal_rcc.c ****               LSIPREDIV can't be updated  */
 671:Drivers/STM32L4xx_HAL_Driver/Src/stm32l4xx_hal_rcc.c ****           return HAL_ERROR;
 672:Drivers/STM32L4xx_HAL_Driver/Src/stm32l4xx_hal_rcc.c ****         }
 673:Drivers/STM32L4xx_HAL_Driver/Src/stm32l4xx_hal_rcc.c **** 
 674:Drivers/STM32L4xx_HAL_Driver/Src/stm32l4xx_hal_rcc.c ****         /* Turn off LSI before changing RCC_CSR_LSIPREDIV */
 675:Drivers/STM32L4xx_HAL_Driver/Src/stm32l4xx_hal_rcc.c ****         if ((csr_temp & RCC_CSR_LSION) == RCC_CSR_LSION)
 676:Drivers/STM32L4xx_HAL_Driver/Src/stm32l4xx_hal_rcc.c ****         {
 677:Drivers/STM32L4xx_HAL_Driver/Src/stm32l4xx_hal_rcc.c ****           __HAL_RCC_LSI_DISABLE();
 678:Drivers/STM32L4xx_HAL_Driver/Src/stm32l4xx_hal_rcc.c **** 
 679:Drivers/STM32L4xx_HAL_Driver/Src/stm32l4xx_hal_rcc.c ****           /* Get Start Tick*/
 680:Drivers/STM32L4xx_HAL_Driver/Src/stm32l4xx_hal_rcc.c ****           tickstart = HAL_GetTick();
 681:Drivers/STM32L4xx_HAL_Driver/Src/stm32l4xx_hal_rcc.c **** 
 682:Drivers/STM32L4xx_HAL_Driver/Src/stm32l4xx_hal_rcc.c ****           /* Wait till LSI is disabled */
 683:Drivers/STM32L4xx_HAL_Driver/Src/stm32l4xx_hal_rcc.c ****           while(READ_BIT(RCC->CSR, RCC_CSR_LSIRDY) != 0U)
 684:Drivers/STM32L4xx_HAL_Driver/Src/stm32l4xx_hal_rcc.c ****           {
 685:Drivers/STM32L4xx_HAL_Driver/Src/stm32l4xx_hal_rcc.c ****             if((HAL_GetTick() - tickstart) > LSI_TIMEOUT_VALUE)
 686:Drivers/STM32L4xx_HAL_Driver/Src/stm32l4xx_hal_rcc.c ****             {
 687:Drivers/STM32L4xx_HAL_Driver/Src/stm32l4xx_hal_rcc.c ****               return HAL_TIMEOUT;
 688:Drivers/STM32L4xx_HAL_Driver/Src/stm32l4xx_hal_rcc.c ****             }
 689:Drivers/STM32L4xx_HAL_Driver/Src/stm32l4xx_hal_rcc.c ****           }
 690:Drivers/STM32L4xx_HAL_Driver/Src/stm32l4xx_hal_rcc.c ****         }
 691:Drivers/STM32L4xx_HAL_Driver/Src/stm32l4xx_hal_rcc.c **** 
 692:Drivers/STM32L4xx_HAL_Driver/Src/stm32l4xx_hal_rcc.c ****         /* Set LSI division factor */
 693:Drivers/STM32L4xx_HAL_Driver/Src/stm32l4xx_hal_rcc.c ****         MODIFY_REG(RCC->CSR, RCC_CSR_LSIPREDIV, RCC_OscInitStruct->LSIDiv);
 694:Drivers/STM32L4xx_HAL_Driver/Src/stm32l4xx_hal_rcc.c ****       }
 695:Drivers/STM32L4xx_HAL_Driver/Src/stm32l4xx_hal_rcc.c **** #endif /* RCC_CSR_LSIPREDIV */
 696:Drivers/STM32L4xx_HAL_Driver/Src/stm32l4xx_hal_rcc.c **** 
 697:Drivers/STM32L4xx_HAL_Driver/Src/stm32l4xx_hal_rcc.c ****       /* Enable the Internal Low Speed oscillator (LSI). */
 698:Drivers/STM32L4xx_HAL_Driver/Src/stm32l4xx_hal_rcc.c ****       __HAL_RCC_LSI_ENABLE();
 699:Drivers/STM32L4xx_HAL_Driver/Src/stm32l4xx_hal_rcc.c **** 
 700:Drivers/STM32L4xx_HAL_Driver/Src/stm32l4xx_hal_rcc.c ****       /* Get Start Tick*/
 701:Drivers/STM32L4xx_HAL_Driver/Src/stm32l4xx_hal_rcc.c ****       tickstart = HAL_GetTick();
 702:Drivers/STM32L4xx_HAL_Driver/Src/stm32l4xx_hal_rcc.c **** 
 703:Drivers/STM32L4xx_HAL_Driver/Src/stm32l4xx_hal_rcc.c ****       /* Wait till LSI is ready */
 704:Drivers/STM32L4xx_HAL_Driver/Src/stm32l4xx_hal_rcc.c ****       while(READ_BIT(RCC->CSR, RCC_CSR_LSIRDY) == 0U)
 705:Drivers/STM32L4xx_HAL_Driver/Src/stm32l4xx_hal_rcc.c ****       {
 706:Drivers/STM32L4xx_HAL_Driver/Src/stm32l4xx_hal_rcc.c ****         if((HAL_GetTick() - tickstart) > LSI_TIMEOUT_VALUE)
 707:Drivers/STM32L4xx_HAL_Driver/Src/stm32l4xx_hal_rcc.c ****         {
 708:Drivers/STM32L4xx_HAL_Driver/Src/stm32l4xx_hal_rcc.c ****           return HAL_TIMEOUT;
 709:Drivers/STM32L4xx_HAL_Driver/Src/stm32l4xx_hal_rcc.c ****         }
 710:Drivers/STM32L4xx_HAL_Driver/Src/stm32l4xx_hal_rcc.c ****       }
 711:Drivers/STM32L4xx_HAL_Driver/Src/stm32l4xx_hal_rcc.c ****     }
 712:Drivers/STM32L4xx_HAL_Driver/Src/stm32l4xx_hal_rcc.c ****     else
 713:Drivers/STM32L4xx_HAL_Driver/Src/stm32l4xx_hal_rcc.c ****     {
 714:Drivers/STM32L4xx_HAL_Driver/Src/stm32l4xx_hal_rcc.c ****       /* Disable the Internal Low Speed oscillator (LSI). */
ARM GAS  /tmp/ccziZpZZ.s 			page 14


 715:Drivers/STM32L4xx_HAL_Driver/Src/stm32l4xx_hal_rcc.c ****       __HAL_RCC_LSI_DISABLE();
 716:Drivers/STM32L4xx_HAL_Driver/Src/stm32l4xx_hal_rcc.c **** 
 717:Drivers/STM32L4xx_HAL_Driver/Src/stm32l4xx_hal_rcc.c ****       /* Get Start Tick*/
 718:Drivers/STM32L4xx_HAL_Driver/Src/stm32l4xx_hal_rcc.c ****       tickstart = HAL_GetTick();
 719:Drivers/STM32L4xx_HAL_Driver/Src/stm32l4xx_hal_rcc.c **** 
 720:Drivers/STM32L4xx_HAL_Driver/Src/stm32l4xx_hal_rcc.c ****       /* Wait till LSI is disabled */
 721:Drivers/STM32L4xx_HAL_Driver/Src/stm32l4xx_hal_rcc.c ****       while(READ_BIT(RCC->CSR, RCC_CSR_LSIRDY) != 0U)
 722:Drivers/STM32L4xx_HAL_Driver/Src/stm32l4xx_hal_rcc.c ****       {
 723:Drivers/STM32L4xx_HAL_Driver/Src/stm32l4xx_hal_rcc.c ****         if((HAL_GetTick() - tickstart) > LSI_TIMEOUT_VALUE)
 724:Drivers/STM32L4xx_HAL_Driver/Src/stm32l4xx_hal_rcc.c ****         {
 725:Drivers/STM32L4xx_HAL_Driver/Src/stm32l4xx_hal_rcc.c ****           return HAL_TIMEOUT;
 726:Drivers/STM32L4xx_HAL_Driver/Src/stm32l4xx_hal_rcc.c ****         }
 727:Drivers/STM32L4xx_HAL_Driver/Src/stm32l4xx_hal_rcc.c ****       }
 728:Drivers/STM32L4xx_HAL_Driver/Src/stm32l4xx_hal_rcc.c ****     }
 729:Drivers/STM32L4xx_HAL_Driver/Src/stm32l4xx_hal_rcc.c ****   }
 730:Drivers/STM32L4xx_HAL_Driver/Src/stm32l4xx_hal_rcc.c ****   /*------------------------------ LSE Configuration -------------------------*/
 731:Drivers/STM32L4xx_HAL_Driver/Src/stm32l4xx_hal_rcc.c ****   if(((RCC_OscInitStruct->OscillatorType) & RCC_OSCILLATORTYPE_LSE) == RCC_OSCILLATORTYPE_LSE)
 732:Drivers/STM32L4xx_HAL_Driver/Src/stm32l4xx_hal_rcc.c ****   {
 733:Drivers/STM32L4xx_HAL_Driver/Src/stm32l4xx_hal_rcc.c ****     FlagStatus       pwrclkchanged = RESET;
 734:Drivers/STM32L4xx_HAL_Driver/Src/stm32l4xx_hal_rcc.c **** 
 735:Drivers/STM32L4xx_HAL_Driver/Src/stm32l4xx_hal_rcc.c ****     /* Check the parameters */
 736:Drivers/STM32L4xx_HAL_Driver/Src/stm32l4xx_hal_rcc.c ****     assert_param(IS_RCC_LSE(RCC_OscInitStruct->LSEState));
 737:Drivers/STM32L4xx_HAL_Driver/Src/stm32l4xx_hal_rcc.c **** 
 738:Drivers/STM32L4xx_HAL_Driver/Src/stm32l4xx_hal_rcc.c ****     /* Update LSE configuration in Backup Domain control register    */
 739:Drivers/STM32L4xx_HAL_Driver/Src/stm32l4xx_hal_rcc.c ****     /* Requires to enable write access to Backup Domain of necessary */
 740:Drivers/STM32L4xx_HAL_Driver/Src/stm32l4xx_hal_rcc.c ****     if(HAL_IS_BIT_CLR(RCC->APB1ENR1, RCC_APB1ENR1_PWREN))
 741:Drivers/STM32L4xx_HAL_Driver/Src/stm32l4xx_hal_rcc.c ****     {
 742:Drivers/STM32L4xx_HAL_Driver/Src/stm32l4xx_hal_rcc.c ****       __HAL_RCC_PWR_CLK_ENABLE();
 743:Drivers/STM32L4xx_HAL_Driver/Src/stm32l4xx_hal_rcc.c ****       pwrclkchanged = SET;
 744:Drivers/STM32L4xx_HAL_Driver/Src/stm32l4xx_hal_rcc.c ****     }
 745:Drivers/STM32L4xx_HAL_Driver/Src/stm32l4xx_hal_rcc.c **** 
 746:Drivers/STM32L4xx_HAL_Driver/Src/stm32l4xx_hal_rcc.c ****     if(HAL_IS_BIT_CLR(PWR->CR1, PWR_CR1_DBP))
 747:Drivers/STM32L4xx_HAL_Driver/Src/stm32l4xx_hal_rcc.c ****     {
 748:Drivers/STM32L4xx_HAL_Driver/Src/stm32l4xx_hal_rcc.c ****       /* Enable write access to Backup domain */
 749:Drivers/STM32L4xx_HAL_Driver/Src/stm32l4xx_hal_rcc.c ****       SET_BIT(PWR->CR1, PWR_CR1_DBP);
 750:Drivers/STM32L4xx_HAL_Driver/Src/stm32l4xx_hal_rcc.c **** 
 751:Drivers/STM32L4xx_HAL_Driver/Src/stm32l4xx_hal_rcc.c ****       /* Wait for Backup domain Write protection disable */
 752:Drivers/STM32L4xx_HAL_Driver/Src/stm32l4xx_hal_rcc.c ****       tickstart = HAL_GetTick();
 753:Drivers/STM32L4xx_HAL_Driver/Src/stm32l4xx_hal_rcc.c **** 
 754:Drivers/STM32L4xx_HAL_Driver/Src/stm32l4xx_hal_rcc.c ****       while(HAL_IS_BIT_CLR(PWR->CR1, PWR_CR1_DBP))
 755:Drivers/STM32L4xx_HAL_Driver/Src/stm32l4xx_hal_rcc.c ****       {
 756:Drivers/STM32L4xx_HAL_Driver/Src/stm32l4xx_hal_rcc.c ****         if((HAL_GetTick() - tickstart) > RCC_DBP_TIMEOUT_VALUE)
 757:Drivers/STM32L4xx_HAL_Driver/Src/stm32l4xx_hal_rcc.c ****         {
 758:Drivers/STM32L4xx_HAL_Driver/Src/stm32l4xx_hal_rcc.c ****           return HAL_TIMEOUT;
 759:Drivers/STM32L4xx_HAL_Driver/Src/stm32l4xx_hal_rcc.c ****         }
 760:Drivers/STM32L4xx_HAL_Driver/Src/stm32l4xx_hal_rcc.c ****       }
 761:Drivers/STM32L4xx_HAL_Driver/Src/stm32l4xx_hal_rcc.c ****     }
 762:Drivers/STM32L4xx_HAL_Driver/Src/stm32l4xx_hal_rcc.c **** 
 763:Drivers/STM32L4xx_HAL_Driver/Src/stm32l4xx_hal_rcc.c ****     /* Set the new LSE configuration -----------------------------------------*/
 764:Drivers/STM32L4xx_HAL_Driver/Src/stm32l4xx_hal_rcc.c **** #if defined(RCC_BDCR_LSESYSDIS)
 765:Drivers/STM32L4xx_HAL_Driver/Src/stm32l4xx_hal_rcc.c ****     if((RCC_OscInitStruct->LSEState & RCC_BDCR_LSEON) != 0U)
 766:Drivers/STM32L4xx_HAL_Driver/Src/stm32l4xx_hal_rcc.c ****     {
 767:Drivers/STM32L4xx_HAL_Driver/Src/stm32l4xx_hal_rcc.c ****       /* Set LSESYSDIS bit according to LSE propagation option (enabled or disabled) */
 768:Drivers/STM32L4xx_HAL_Driver/Src/stm32l4xx_hal_rcc.c ****       MODIFY_REG(RCC->BDCR, RCC_BDCR_LSESYSDIS, (RCC_OscInitStruct->LSEState & RCC_BDCR_LSESYSDIS))
 769:Drivers/STM32L4xx_HAL_Driver/Src/stm32l4xx_hal_rcc.c **** 
 770:Drivers/STM32L4xx_HAL_Driver/Src/stm32l4xx_hal_rcc.c ****       if((RCC_OscInitStruct->LSEState & RCC_BDCR_LSEBYP) != 0U)
 771:Drivers/STM32L4xx_HAL_Driver/Src/stm32l4xx_hal_rcc.c ****       {
ARM GAS  /tmp/ccziZpZZ.s 			page 15


 772:Drivers/STM32L4xx_HAL_Driver/Src/stm32l4xx_hal_rcc.c ****         /* LSE oscillator bypass enable */
 773:Drivers/STM32L4xx_HAL_Driver/Src/stm32l4xx_hal_rcc.c ****         SET_BIT(RCC->BDCR, RCC_BDCR_LSEBYP);
 774:Drivers/STM32L4xx_HAL_Driver/Src/stm32l4xx_hal_rcc.c ****         SET_BIT(RCC->BDCR, RCC_BDCR_LSEON);
 775:Drivers/STM32L4xx_HAL_Driver/Src/stm32l4xx_hal_rcc.c ****       }
 776:Drivers/STM32L4xx_HAL_Driver/Src/stm32l4xx_hal_rcc.c ****       else
 777:Drivers/STM32L4xx_HAL_Driver/Src/stm32l4xx_hal_rcc.c ****       {
 778:Drivers/STM32L4xx_HAL_Driver/Src/stm32l4xx_hal_rcc.c ****         /* LSE oscillator enable */
 779:Drivers/STM32L4xx_HAL_Driver/Src/stm32l4xx_hal_rcc.c ****         SET_BIT(RCC->BDCR, RCC_BDCR_LSEON);
 780:Drivers/STM32L4xx_HAL_Driver/Src/stm32l4xx_hal_rcc.c ****       }
 781:Drivers/STM32L4xx_HAL_Driver/Src/stm32l4xx_hal_rcc.c ****     }
 782:Drivers/STM32L4xx_HAL_Driver/Src/stm32l4xx_hal_rcc.c ****     else
 783:Drivers/STM32L4xx_HAL_Driver/Src/stm32l4xx_hal_rcc.c ****     {
 784:Drivers/STM32L4xx_HAL_Driver/Src/stm32l4xx_hal_rcc.c ****       CLEAR_BIT(RCC->BDCR, RCC_BDCR_LSEON);
 785:Drivers/STM32L4xx_HAL_Driver/Src/stm32l4xx_hal_rcc.c ****       CLEAR_BIT(RCC->BDCR, RCC_BDCR_LSEBYP);
 786:Drivers/STM32L4xx_HAL_Driver/Src/stm32l4xx_hal_rcc.c ****     }
 787:Drivers/STM32L4xx_HAL_Driver/Src/stm32l4xx_hal_rcc.c **** #else
 788:Drivers/STM32L4xx_HAL_Driver/Src/stm32l4xx_hal_rcc.c ****     __HAL_RCC_LSE_CONFIG(RCC_OscInitStruct->LSEState);
 789:Drivers/STM32L4xx_HAL_Driver/Src/stm32l4xx_hal_rcc.c **** #endif /* RCC_BDCR_LSESYSDIS */
 790:Drivers/STM32L4xx_HAL_Driver/Src/stm32l4xx_hal_rcc.c **** 
 791:Drivers/STM32L4xx_HAL_Driver/Src/stm32l4xx_hal_rcc.c ****     /* Check the LSE State */
 792:Drivers/STM32L4xx_HAL_Driver/Src/stm32l4xx_hal_rcc.c ****     if(RCC_OscInitStruct->LSEState != RCC_LSE_OFF)
 793:Drivers/STM32L4xx_HAL_Driver/Src/stm32l4xx_hal_rcc.c ****     {
 794:Drivers/STM32L4xx_HAL_Driver/Src/stm32l4xx_hal_rcc.c ****       /* Get Start Tick*/
 795:Drivers/STM32L4xx_HAL_Driver/Src/stm32l4xx_hal_rcc.c ****       tickstart = HAL_GetTick();
 796:Drivers/STM32L4xx_HAL_Driver/Src/stm32l4xx_hal_rcc.c **** 
 797:Drivers/STM32L4xx_HAL_Driver/Src/stm32l4xx_hal_rcc.c ****       /* Wait till LSE is ready */
 798:Drivers/STM32L4xx_HAL_Driver/Src/stm32l4xx_hal_rcc.c ****       while(READ_BIT(RCC->BDCR, RCC_BDCR_LSERDY) == 0U)
 799:Drivers/STM32L4xx_HAL_Driver/Src/stm32l4xx_hal_rcc.c ****       {
 800:Drivers/STM32L4xx_HAL_Driver/Src/stm32l4xx_hal_rcc.c ****         if((HAL_GetTick() - tickstart) > RCC_LSE_TIMEOUT_VALUE)
 801:Drivers/STM32L4xx_HAL_Driver/Src/stm32l4xx_hal_rcc.c ****         {
 802:Drivers/STM32L4xx_HAL_Driver/Src/stm32l4xx_hal_rcc.c ****           return HAL_TIMEOUT;
 803:Drivers/STM32L4xx_HAL_Driver/Src/stm32l4xx_hal_rcc.c ****         }
 804:Drivers/STM32L4xx_HAL_Driver/Src/stm32l4xx_hal_rcc.c ****       }
 805:Drivers/STM32L4xx_HAL_Driver/Src/stm32l4xx_hal_rcc.c ****     }
 806:Drivers/STM32L4xx_HAL_Driver/Src/stm32l4xx_hal_rcc.c ****     else
 807:Drivers/STM32L4xx_HAL_Driver/Src/stm32l4xx_hal_rcc.c ****     {
 808:Drivers/STM32L4xx_HAL_Driver/Src/stm32l4xx_hal_rcc.c ****       /* Get Start Tick*/
 809:Drivers/STM32L4xx_HAL_Driver/Src/stm32l4xx_hal_rcc.c ****       tickstart = HAL_GetTick();
 810:Drivers/STM32L4xx_HAL_Driver/Src/stm32l4xx_hal_rcc.c **** 
 811:Drivers/STM32L4xx_HAL_Driver/Src/stm32l4xx_hal_rcc.c ****       /* Wait till LSE is disabled */
 812:Drivers/STM32L4xx_HAL_Driver/Src/stm32l4xx_hal_rcc.c ****       while(READ_BIT(RCC->BDCR, RCC_BDCR_LSERDY) != 0U)
 813:Drivers/STM32L4xx_HAL_Driver/Src/stm32l4xx_hal_rcc.c ****       {
 814:Drivers/STM32L4xx_HAL_Driver/Src/stm32l4xx_hal_rcc.c ****         if((HAL_GetTick() - tickstart) > RCC_LSE_TIMEOUT_VALUE)
 815:Drivers/STM32L4xx_HAL_Driver/Src/stm32l4xx_hal_rcc.c ****         {
 816:Drivers/STM32L4xx_HAL_Driver/Src/stm32l4xx_hal_rcc.c ****           return HAL_TIMEOUT;
 817:Drivers/STM32L4xx_HAL_Driver/Src/stm32l4xx_hal_rcc.c ****         }
 818:Drivers/STM32L4xx_HAL_Driver/Src/stm32l4xx_hal_rcc.c ****       }
 819:Drivers/STM32L4xx_HAL_Driver/Src/stm32l4xx_hal_rcc.c **** 
 820:Drivers/STM32L4xx_HAL_Driver/Src/stm32l4xx_hal_rcc.c **** #if defined(RCC_BDCR_LSESYSDIS)
 821:Drivers/STM32L4xx_HAL_Driver/Src/stm32l4xx_hal_rcc.c ****       /* By default, stop disabling LSE propagation */
 822:Drivers/STM32L4xx_HAL_Driver/Src/stm32l4xx_hal_rcc.c ****       CLEAR_BIT(RCC->BDCR, RCC_BDCR_LSESYSDIS);
 823:Drivers/STM32L4xx_HAL_Driver/Src/stm32l4xx_hal_rcc.c **** #endif /* RCC_BDCR_LSESYSDIS */
 824:Drivers/STM32L4xx_HAL_Driver/Src/stm32l4xx_hal_rcc.c ****     }
 825:Drivers/STM32L4xx_HAL_Driver/Src/stm32l4xx_hal_rcc.c **** 
 826:Drivers/STM32L4xx_HAL_Driver/Src/stm32l4xx_hal_rcc.c ****     /* Restore clock configuration if changed */
 827:Drivers/STM32L4xx_HAL_Driver/Src/stm32l4xx_hal_rcc.c ****     if(pwrclkchanged == SET)
 828:Drivers/STM32L4xx_HAL_Driver/Src/stm32l4xx_hal_rcc.c ****     {
ARM GAS  /tmp/ccziZpZZ.s 			page 16


 829:Drivers/STM32L4xx_HAL_Driver/Src/stm32l4xx_hal_rcc.c ****       __HAL_RCC_PWR_CLK_DISABLE();
 830:Drivers/STM32L4xx_HAL_Driver/Src/stm32l4xx_hal_rcc.c ****     }
 831:Drivers/STM32L4xx_HAL_Driver/Src/stm32l4xx_hal_rcc.c ****   }
 832:Drivers/STM32L4xx_HAL_Driver/Src/stm32l4xx_hal_rcc.c **** #if defined(RCC_HSI48_SUPPORT)
 833:Drivers/STM32L4xx_HAL_Driver/Src/stm32l4xx_hal_rcc.c ****   /*------------------------------ HSI48 Configuration -----------------------*/
 834:Drivers/STM32L4xx_HAL_Driver/Src/stm32l4xx_hal_rcc.c ****   if(((RCC_OscInitStruct->OscillatorType) & RCC_OSCILLATORTYPE_HSI48) == RCC_OSCILLATORTYPE_HSI48)
 835:Drivers/STM32L4xx_HAL_Driver/Src/stm32l4xx_hal_rcc.c ****   {
 836:Drivers/STM32L4xx_HAL_Driver/Src/stm32l4xx_hal_rcc.c ****     /* Check the parameters */
 837:Drivers/STM32L4xx_HAL_Driver/Src/stm32l4xx_hal_rcc.c ****     assert_param(IS_RCC_HSI48(RCC_OscInitStruct->HSI48State));
 838:Drivers/STM32L4xx_HAL_Driver/Src/stm32l4xx_hal_rcc.c **** 
 839:Drivers/STM32L4xx_HAL_Driver/Src/stm32l4xx_hal_rcc.c ****     /* Check the LSI State */
 840:Drivers/STM32L4xx_HAL_Driver/Src/stm32l4xx_hal_rcc.c ****     if(RCC_OscInitStruct->HSI48State != RCC_HSI48_OFF)
 841:Drivers/STM32L4xx_HAL_Driver/Src/stm32l4xx_hal_rcc.c ****     {
 842:Drivers/STM32L4xx_HAL_Driver/Src/stm32l4xx_hal_rcc.c ****       /* Enable the Internal Low Speed oscillator (HSI48). */
 843:Drivers/STM32L4xx_HAL_Driver/Src/stm32l4xx_hal_rcc.c ****       __HAL_RCC_HSI48_ENABLE();
 844:Drivers/STM32L4xx_HAL_Driver/Src/stm32l4xx_hal_rcc.c **** 
 845:Drivers/STM32L4xx_HAL_Driver/Src/stm32l4xx_hal_rcc.c ****       /* Get Start Tick*/
 846:Drivers/STM32L4xx_HAL_Driver/Src/stm32l4xx_hal_rcc.c ****       tickstart = HAL_GetTick();
 847:Drivers/STM32L4xx_HAL_Driver/Src/stm32l4xx_hal_rcc.c **** 
 848:Drivers/STM32L4xx_HAL_Driver/Src/stm32l4xx_hal_rcc.c ****       /* Wait till HSI48 is ready */
 849:Drivers/STM32L4xx_HAL_Driver/Src/stm32l4xx_hal_rcc.c ****       while(READ_BIT(RCC->CRRCR, RCC_CRRCR_HSI48RDY) == 0U)
 850:Drivers/STM32L4xx_HAL_Driver/Src/stm32l4xx_hal_rcc.c ****       {
 851:Drivers/STM32L4xx_HAL_Driver/Src/stm32l4xx_hal_rcc.c ****         if((HAL_GetTick() - tickstart) > HSI48_TIMEOUT_VALUE)
 852:Drivers/STM32L4xx_HAL_Driver/Src/stm32l4xx_hal_rcc.c ****         {
 853:Drivers/STM32L4xx_HAL_Driver/Src/stm32l4xx_hal_rcc.c ****           return HAL_TIMEOUT;
 854:Drivers/STM32L4xx_HAL_Driver/Src/stm32l4xx_hal_rcc.c ****         }
 855:Drivers/STM32L4xx_HAL_Driver/Src/stm32l4xx_hal_rcc.c ****       }
 856:Drivers/STM32L4xx_HAL_Driver/Src/stm32l4xx_hal_rcc.c ****     }
 857:Drivers/STM32L4xx_HAL_Driver/Src/stm32l4xx_hal_rcc.c ****     else
 858:Drivers/STM32L4xx_HAL_Driver/Src/stm32l4xx_hal_rcc.c ****     {
 859:Drivers/STM32L4xx_HAL_Driver/Src/stm32l4xx_hal_rcc.c ****       /* Disable the Internal Low Speed oscillator (HSI48). */
 860:Drivers/STM32L4xx_HAL_Driver/Src/stm32l4xx_hal_rcc.c ****       __HAL_RCC_HSI48_DISABLE();
 861:Drivers/STM32L4xx_HAL_Driver/Src/stm32l4xx_hal_rcc.c **** 
 862:Drivers/STM32L4xx_HAL_Driver/Src/stm32l4xx_hal_rcc.c ****       /* Get Start Tick*/
 863:Drivers/STM32L4xx_HAL_Driver/Src/stm32l4xx_hal_rcc.c ****       tickstart = HAL_GetTick();
 864:Drivers/STM32L4xx_HAL_Driver/Src/stm32l4xx_hal_rcc.c **** 
 865:Drivers/STM32L4xx_HAL_Driver/Src/stm32l4xx_hal_rcc.c ****       /* Wait till HSI48 is disabled */
 866:Drivers/STM32L4xx_HAL_Driver/Src/stm32l4xx_hal_rcc.c ****       while(READ_BIT(RCC->CRRCR, RCC_CRRCR_HSI48RDY) != 0U)
 867:Drivers/STM32L4xx_HAL_Driver/Src/stm32l4xx_hal_rcc.c ****       {
 868:Drivers/STM32L4xx_HAL_Driver/Src/stm32l4xx_hal_rcc.c ****         if((HAL_GetTick() - tickstart) > HSI48_TIMEOUT_VALUE)
 869:Drivers/STM32L4xx_HAL_Driver/Src/stm32l4xx_hal_rcc.c ****         {
 870:Drivers/STM32L4xx_HAL_Driver/Src/stm32l4xx_hal_rcc.c ****           return HAL_TIMEOUT;
 871:Drivers/STM32L4xx_HAL_Driver/Src/stm32l4xx_hal_rcc.c ****         }
 872:Drivers/STM32L4xx_HAL_Driver/Src/stm32l4xx_hal_rcc.c ****       }
 873:Drivers/STM32L4xx_HAL_Driver/Src/stm32l4xx_hal_rcc.c ****     }
 874:Drivers/STM32L4xx_HAL_Driver/Src/stm32l4xx_hal_rcc.c ****   }
 875:Drivers/STM32L4xx_HAL_Driver/Src/stm32l4xx_hal_rcc.c **** #endif /* RCC_HSI48_SUPPORT */
 876:Drivers/STM32L4xx_HAL_Driver/Src/stm32l4xx_hal_rcc.c ****   /*-------------------------------- PLL Configuration -----------------------*/
 877:Drivers/STM32L4xx_HAL_Driver/Src/stm32l4xx_hal_rcc.c ****   /* Check the parameters */
 878:Drivers/STM32L4xx_HAL_Driver/Src/stm32l4xx_hal_rcc.c ****   assert_param(IS_RCC_PLL(RCC_OscInitStruct->PLL.PLLState));
 879:Drivers/STM32L4xx_HAL_Driver/Src/stm32l4xx_hal_rcc.c **** 
 880:Drivers/STM32L4xx_HAL_Driver/Src/stm32l4xx_hal_rcc.c ****   if(RCC_OscInitStruct->PLL.PLLState != RCC_PLL_NONE)
 881:Drivers/STM32L4xx_HAL_Driver/Src/stm32l4xx_hal_rcc.c ****   {
 882:Drivers/STM32L4xx_HAL_Driver/Src/stm32l4xx_hal_rcc.c ****     /* PLL On ? */
 883:Drivers/STM32L4xx_HAL_Driver/Src/stm32l4xx_hal_rcc.c ****     if(RCC_OscInitStruct->PLL.PLLState == RCC_PLL_ON)
 884:Drivers/STM32L4xx_HAL_Driver/Src/stm32l4xx_hal_rcc.c ****     {
 885:Drivers/STM32L4xx_HAL_Driver/Src/stm32l4xx_hal_rcc.c ****       /* Check the parameters */
ARM GAS  /tmp/ccziZpZZ.s 			page 17


 886:Drivers/STM32L4xx_HAL_Driver/Src/stm32l4xx_hal_rcc.c ****       assert_param(IS_RCC_PLLSOURCE(RCC_OscInitStruct->PLL.PLLSource));
 887:Drivers/STM32L4xx_HAL_Driver/Src/stm32l4xx_hal_rcc.c ****       assert_param(IS_RCC_PLLM_VALUE(RCC_OscInitStruct->PLL.PLLM));
 888:Drivers/STM32L4xx_HAL_Driver/Src/stm32l4xx_hal_rcc.c ****       assert_param(IS_RCC_PLLN_VALUE(RCC_OscInitStruct->PLL.PLLN));
 889:Drivers/STM32L4xx_HAL_Driver/Src/stm32l4xx_hal_rcc.c **** #if defined(RCC_PLLP_SUPPORT)
 890:Drivers/STM32L4xx_HAL_Driver/Src/stm32l4xx_hal_rcc.c ****       assert_param(IS_RCC_PLLP_VALUE(RCC_OscInitStruct->PLL.PLLP));
 891:Drivers/STM32L4xx_HAL_Driver/Src/stm32l4xx_hal_rcc.c **** #endif /* RCC_PLLP_SUPPORT */
 892:Drivers/STM32L4xx_HAL_Driver/Src/stm32l4xx_hal_rcc.c ****       assert_param(IS_RCC_PLLQ_VALUE(RCC_OscInitStruct->PLL.PLLQ));
 893:Drivers/STM32L4xx_HAL_Driver/Src/stm32l4xx_hal_rcc.c ****       assert_param(IS_RCC_PLLR_VALUE(RCC_OscInitStruct->PLL.PLLR));
 894:Drivers/STM32L4xx_HAL_Driver/Src/stm32l4xx_hal_rcc.c **** 
 895:Drivers/STM32L4xx_HAL_Driver/Src/stm32l4xx_hal_rcc.c ****       /* Do nothing if PLL configuration is the unchanged */
 896:Drivers/STM32L4xx_HAL_Driver/Src/stm32l4xx_hal_rcc.c ****       pll_config = RCC->PLLCFGR;
 897:Drivers/STM32L4xx_HAL_Driver/Src/stm32l4xx_hal_rcc.c ****       if((READ_BIT(pll_config, RCC_PLLCFGR_PLLSRC)  != RCC_OscInitStruct->PLL.PLLSource) ||
 898:Drivers/STM32L4xx_HAL_Driver/Src/stm32l4xx_hal_rcc.c ****          (READ_BIT(pll_config, RCC_PLLCFGR_PLLM)    != ((RCC_OscInitStruct->PLL.PLLM - 1U) << RCC_P
 899:Drivers/STM32L4xx_HAL_Driver/Src/stm32l4xx_hal_rcc.c ****          (READ_BIT(pll_config, RCC_PLLCFGR_PLLN)    != (RCC_OscInitStruct->PLL.PLLN << RCC_PLLCFGR_
 900:Drivers/STM32L4xx_HAL_Driver/Src/stm32l4xx_hal_rcc.c **** #if defined(RCC_PLLP_SUPPORT)
 901:Drivers/STM32L4xx_HAL_Driver/Src/stm32l4xx_hal_rcc.c **** #if defined(RCC_PLLP_DIV_2_31_SUPPORT)
 902:Drivers/STM32L4xx_HAL_Driver/Src/stm32l4xx_hal_rcc.c ****          (READ_BIT(pll_config, RCC_PLLCFGR_PLLPDIV) != (RCC_OscInitStruct->PLL.PLLP << RCC_PLLCFGR_
 903:Drivers/STM32L4xx_HAL_Driver/Src/stm32l4xx_hal_rcc.c **** #else
 904:Drivers/STM32L4xx_HAL_Driver/Src/stm32l4xx_hal_rcc.c ****          (READ_BIT(pll_config, RCC_PLLCFGR_PLLP)    != ((RCC_OscInitStruct->PLL.PLLP == RCC_PLLP_DI
 905:Drivers/STM32L4xx_HAL_Driver/Src/stm32l4xx_hal_rcc.c **** #endif
 906:Drivers/STM32L4xx_HAL_Driver/Src/stm32l4xx_hal_rcc.c **** #endif
 907:Drivers/STM32L4xx_HAL_Driver/Src/stm32l4xx_hal_rcc.c ****          (READ_BIT(pll_config, RCC_PLLCFGR_PLLQ)    != ((((RCC_OscInitStruct->PLL.PLLQ) >> 1U) - 1U
 908:Drivers/STM32L4xx_HAL_Driver/Src/stm32l4xx_hal_rcc.c ****          (READ_BIT(pll_config, RCC_PLLCFGR_PLLR)    != ((((RCC_OscInitStruct->PLL.PLLR) >> 1U) - 1U
 909:Drivers/STM32L4xx_HAL_Driver/Src/stm32l4xx_hal_rcc.c ****       {
 910:Drivers/STM32L4xx_HAL_Driver/Src/stm32l4xx_hal_rcc.c ****         /* Check if the PLL is used as system clock or not */
 911:Drivers/STM32L4xx_HAL_Driver/Src/stm32l4xx_hal_rcc.c ****         if(sysclk_source != RCC_CFGR_SWS_PLL)
 912:Drivers/STM32L4xx_HAL_Driver/Src/stm32l4xx_hal_rcc.c ****         {
 913:Drivers/STM32L4xx_HAL_Driver/Src/stm32l4xx_hal_rcc.c **** #if defined(RCC_PLLSAI1_SUPPORT) || defined(RCC_PLLSAI2_SUPPORT)
 914:Drivers/STM32L4xx_HAL_Driver/Src/stm32l4xx_hal_rcc.c ****           /* Check if main PLL can be updated */
 915:Drivers/STM32L4xx_HAL_Driver/Src/stm32l4xx_hal_rcc.c ****           /* Not possible if the source is shared by other enabled PLLSAIx */
 916:Drivers/STM32L4xx_HAL_Driver/Src/stm32l4xx_hal_rcc.c ****           if((READ_BIT(RCC->CR, RCC_CR_PLLSAI1ON) != 0U)
 917:Drivers/STM32L4xx_HAL_Driver/Src/stm32l4xx_hal_rcc.c **** #if defined(RCC_PLLSAI2_SUPPORT)
 918:Drivers/STM32L4xx_HAL_Driver/Src/stm32l4xx_hal_rcc.c ****              || (READ_BIT(RCC->CR, RCC_CR_PLLSAI2ON) != 0U)
 919:Drivers/STM32L4xx_HAL_Driver/Src/stm32l4xx_hal_rcc.c **** #endif
 920:Drivers/STM32L4xx_HAL_Driver/Src/stm32l4xx_hal_rcc.c ****             )
 921:Drivers/STM32L4xx_HAL_Driver/Src/stm32l4xx_hal_rcc.c ****           {
 922:Drivers/STM32L4xx_HAL_Driver/Src/stm32l4xx_hal_rcc.c ****             return HAL_ERROR;
 923:Drivers/STM32L4xx_HAL_Driver/Src/stm32l4xx_hal_rcc.c ****           }
 924:Drivers/STM32L4xx_HAL_Driver/Src/stm32l4xx_hal_rcc.c ****           else
 925:Drivers/STM32L4xx_HAL_Driver/Src/stm32l4xx_hal_rcc.c **** #endif /* RCC_PLLSAI1_SUPPORT || RCC_PLLSAI2_SUPPORT */
 926:Drivers/STM32L4xx_HAL_Driver/Src/stm32l4xx_hal_rcc.c ****           {
 927:Drivers/STM32L4xx_HAL_Driver/Src/stm32l4xx_hal_rcc.c ****             /* Disable the main PLL. */
 928:Drivers/STM32L4xx_HAL_Driver/Src/stm32l4xx_hal_rcc.c ****             __HAL_RCC_PLL_DISABLE();
 929:Drivers/STM32L4xx_HAL_Driver/Src/stm32l4xx_hal_rcc.c **** 
 930:Drivers/STM32L4xx_HAL_Driver/Src/stm32l4xx_hal_rcc.c ****             /* Get Start Tick*/
 931:Drivers/STM32L4xx_HAL_Driver/Src/stm32l4xx_hal_rcc.c ****             tickstart = HAL_GetTick();
 932:Drivers/STM32L4xx_HAL_Driver/Src/stm32l4xx_hal_rcc.c **** 
 933:Drivers/STM32L4xx_HAL_Driver/Src/stm32l4xx_hal_rcc.c ****             /* Wait till PLL is ready */
 934:Drivers/STM32L4xx_HAL_Driver/Src/stm32l4xx_hal_rcc.c ****             while(READ_BIT(RCC->CR, RCC_CR_PLLRDY) != 0U)
 935:Drivers/STM32L4xx_HAL_Driver/Src/stm32l4xx_hal_rcc.c ****             {
 936:Drivers/STM32L4xx_HAL_Driver/Src/stm32l4xx_hal_rcc.c ****               if((HAL_GetTick() - tickstart) > PLL_TIMEOUT_VALUE)
 937:Drivers/STM32L4xx_HAL_Driver/Src/stm32l4xx_hal_rcc.c ****               {
 938:Drivers/STM32L4xx_HAL_Driver/Src/stm32l4xx_hal_rcc.c ****                 return HAL_TIMEOUT;
 939:Drivers/STM32L4xx_HAL_Driver/Src/stm32l4xx_hal_rcc.c ****               }
 940:Drivers/STM32L4xx_HAL_Driver/Src/stm32l4xx_hal_rcc.c ****             }
 941:Drivers/STM32L4xx_HAL_Driver/Src/stm32l4xx_hal_rcc.c **** 
 942:Drivers/STM32L4xx_HAL_Driver/Src/stm32l4xx_hal_rcc.c ****             /* Configure the main PLL clock source, multiplication and division factors. */
ARM GAS  /tmp/ccziZpZZ.s 			page 18


 943:Drivers/STM32L4xx_HAL_Driver/Src/stm32l4xx_hal_rcc.c **** #if defined(RCC_PLLP_SUPPORT)
 944:Drivers/STM32L4xx_HAL_Driver/Src/stm32l4xx_hal_rcc.c ****             __HAL_RCC_PLL_CONFIG(RCC_OscInitStruct->PLL.PLLSource,
 945:Drivers/STM32L4xx_HAL_Driver/Src/stm32l4xx_hal_rcc.c ****                                  RCC_OscInitStruct->PLL.PLLM,
 946:Drivers/STM32L4xx_HAL_Driver/Src/stm32l4xx_hal_rcc.c ****                                  RCC_OscInitStruct->PLL.PLLN,
 947:Drivers/STM32L4xx_HAL_Driver/Src/stm32l4xx_hal_rcc.c ****                                  RCC_OscInitStruct->PLL.PLLP,
 948:Drivers/STM32L4xx_HAL_Driver/Src/stm32l4xx_hal_rcc.c ****                                  RCC_OscInitStruct->PLL.PLLQ,
 949:Drivers/STM32L4xx_HAL_Driver/Src/stm32l4xx_hal_rcc.c ****                                  RCC_OscInitStruct->PLL.PLLR);
 950:Drivers/STM32L4xx_HAL_Driver/Src/stm32l4xx_hal_rcc.c **** #else
 951:Drivers/STM32L4xx_HAL_Driver/Src/stm32l4xx_hal_rcc.c ****             __HAL_RCC_PLL_CONFIG(RCC_OscInitStruct->PLL.PLLSource,
 952:Drivers/STM32L4xx_HAL_Driver/Src/stm32l4xx_hal_rcc.c ****                                  RCC_OscInitStruct->PLL.PLLM,
 953:Drivers/STM32L4xx_HAL_Driver/Src/stm32l4xx_hal_rcc.c ****                                  RCC_OscInitStruct->PLL.PLLN,
 954:Drivers/STM32L4xx_HAL_Driver/Src/stm32l4xx_hal_rcc.c ****                                  RCC_OscInitStruct->PLL.PLLQ,
 955:Drivers/STM32L4xx_HAL_Driver/Src/stm32l4xx_hal_rcc.c ****                                  RCC_OscInitStruct->PLL.PLLR);
 956:Drivers/STM32L4xx_HAL_Driver/Src/stm32l4xx_hal_rcc.c **** #endif
 957:Drivers/STM32L4xx_HAL_Driver/Src/stm32l4xx_hal_rcc.c **** 
 958:Drivers/STM32L4xx_HAL_Driver/Src/stm32l4xx_hal_rcc.c ****             /* Enable the main PLL. */
 959:Drivers/STM32L4xx_HAL_Driver/Src/stm32l4xx_hal_rcc.c ****             __HAL_RCC_PLL_ENABLE();
 960:Drivers/STM32L4xx_HAL_Driver/Src/stm32l4xx_hal_rcc.c **** 
 961:Drivers/STM32L4xx_HAL_Driver/Src/stm32l4xx_hal_rcc.c ****             /* Enable PLL System Clock output. */
 962:Drivers/STM32L4xx_HAL_Driver/Src/stm32l4xx_hal_rcc.c ****             __HAL_RCC_PLLCLKOUT_ENABLE(RCC_PLL_SYSCLK);
 963:Drivers/STM32L4xx_HAL_Driver/Src/stm32l4xx_hal_rcc.c **** 
 964:Drivers/STM32L4xx_HAL_Driver/Src/stm32l4xx_hal_rcc.c ****             /* Get Start Tick*/
 965:Drivers/STM32L4xx_HAL_Driver/Src/stm32l4xx_hal_rcc.c ****             tickstart = HAL_GetTick();
 966:Drivers/STM32L4xx_HAL_Driver/Src/stm32l4xx_hal_rcc.c **** 
 967:Drivers/STM32L4xx_HAL_Driver/Src/stm32l4xx_hal_rcc.c ****             /* Wait till PLL is ready */
 968:Drivers/STM32L4xx_HAL_Driver/Src/stm32l4xx_hal_rcc.c ****             while(READ_BIT(RCC->CR, RCC_CR_PLLRDY) == 0U)
 969:Drivers/STM32L4xx_HAL_Driver/Src/stm32l4xx_hal_rcc.c ****             {
 970:Drivers/STM32L4xx_HAL_Driver/Src/stm32l4xx_hal_rcc.c ****               if((HAL_GetTick() - tickstart) > PLL_TIMEOUT_VALUE)
 971:Drivers/STM32L4xx_HAL_Driver/Src/stm32l4xx_hal_rcc.c ****               {
 972:Drivers/STM32L4xx_HAL_Driver/Src/stm32l4xx_hal_rcc.c ****                 return HAL_TIMEOUT;
 973:Drivers/STM32L4xx_HAL_Driver/Src/stm32l4xx_hal_rcc.c ****               }
 974:Drivers/STM32L4xx_HAL_Driver/Src/stm32l4xx_hal_rcc.c ****             }
 975:Drivers/STM32L4xx_HAL_Driver/Src/stm32l4xx_hal_rcc.c ****           }
 976:Drivers/STM32L4xx_HAL_Driver/Src/stm32l4xx_hal_rcc.c ****         }
 977:Drivers/STM32L4xx_HAL_Driver/Src/stm32l4xx_hal_rcc.c ****         else
 978:Drivers/STM32L4xx_HAL_Driver/Src/stm32l4xx_hal_rcc.c ****         {
 979:Drivers/STM32L4xx_HAL_Driver/Src/stm32l4xx_hal_rcc.c ****           /* PLL is already used as System core clock */
 980:Drivers/STM32L4xx_HAL_Driver/Src/stm32l4xx_hal_rcc.c ****           return HAL_ERROR;
 981:Drivers/STM32L4xx_HAL_Driver/Src/stm32l4xx_hal_rcc.c ****         }
 982:Drivers/STM32L4xx_HAL_Driver/Src/stm32l4xx_hal_rcc.c ****       }
 983:Drivers/STM32L4xx_HAL_Driver/Src/stm32l4xx_hal_rcc.c ****       else
 984:Drivers/STM32L4xx_HAL_Driver/Src/stm32l4xx_hal_rcc.c ****       {
 985:Drivers/STM32L4xx_HAL_Driver/Src/stm32l4xx_hal_rcc.c ****         /* PLL configuration is unchanged */
 986:Drivers/STM32L4xx_HAL_Driver/Src/stm32l4xx_hal_rcc.c ****         /* Re-enable PLL if it was disabled (ie. low power mode) */
 987:Drivers/STM32L4xx_HAL_Driver/Src/stm32l4xx_hal_rcc.c ****         if(READ_BIT(RCC->CR, RCC_CR_PLLRDY) == 0U)
 988:Drivers/STM32L4xx_HAL_Driver/Src/stm32l4xx_hal_rcc.c ****         {
 989:Drivers/STM32L4xx_HAL_Driver/Src/stm32l4xx_hal_rcc.c ****           /* Enable the main PLL. */
 990:Drivers/STM32L4xx_HAL_Driver/Src/stm32l4xx_hal_rcc.c ****           __HAL_RCC_PLL_ENABLE();
 991:Drivers/STM32L4xx_HAL_Driver/Src/stm32l4xx_hal_rcc.c **** 
 992:Drivers/STM32L4xx_HAL_Driver/Src/stm32l4xx_hal_rcc.c ****           /* Enable PLL System Clock output. */
 993:Drivers/STM32L4xx_HAL_Driver/Src/stm32l4xx_hal_rcc.c ****           __HAL_RCC_PLLCLKOUT_ENABLE(RCC_PLL_SYSCLK);
 994:Drivers/STM32L4xx_HAL_Driver/Src/stm32l4xx_hal_rcc.c **** 
 995:Drivers/STM32L4xx_HAL_Driver/Src/stm32l4xx_hal_rcc.c ****           /* Get Start Tick*/
 996:Drivers/STM32L4xx_HAL_Driver/Src/stm32l4xx_hal_rcc.c ****           tickstart = HAL_GetTick();
 997:Drivers/STM32L4xx_HAL_Driver/Src/stm32l4xx_hal_rcc.c **** 
 998:Drivers/STM32L4xx_HAL_Driver/Src/stm32l4xx_hal_rcc.c ****           /* Wait till PLL is ready */
 999:Drivers/STM32L4xx_HAL_Driver/Src/stm32l4xx_hal_rcc.c ****           while(READ_BIT(RCC->CR, RCC_CR_PLLRDY) == 0U)
ARM GAS  /tmp/ccziZpZZ.s 			page 19


1000:Drivers/STM32L4xx_HAL_Driver/Src/stm32l4xx_hal_rcc.c ****           {
1001:Drivers/STM32L4xx_HAL_Driver/Src/stm32l4xx_hal_rcc.c ****             if((HAL_GetTick() - tickstart) > PLL_TIMEOUT_VALUE)
1002:Drivers/STM32L4xx_HAL_Driver/Src/stm32l4xx_hal_rcc.c ****             {
1003:Drivers/STM32L4xx_HAL_Driver/Src/stm32l4xx_hal_rcc.c ****               return HAL_TIMEOUT;
1004:Drivers/STM32L4xx_HAL_Driver/Src/stm32l4xx_hal_rcc.c ****             }
1005:Drivers/STM32L4xx_HAL_Driver/Src/stm32l4xx_hal_rcc.c ****           }
1006:Drivers/STM32L4xx_HAL_Driver/Src/stm32l4xx_hal_rcc.c ****         }
1007:Drivers/STM32L4xx_HAL_Driver/Src/stm32l4xx_hal_rcc.c ****       }
1008:Drivers/STM32L4xx_HAL_Driver/Src/stm32l4xx_hal_rcc.c ****     }
1009:Drivers/STM32L4xx_HAL_Driver/Src/stm32l4xx_hal_rcc.c ****     else
1010:Drivers/STM32L4xx_HAL_Driver/Src/stm32l4xx_hal_rcc.c ****     {
1011:Drivers/STM32L4xx_HAL_Driver/Src/stm32l4xx_hal_rcc.c ****       /* Check that PLL is not used as system clock or not */
1012:Drivers/STM32L4xx_HAL_Driver/Src/stm32l4xx_hal_rcc.c ****       if(sysclk_source != RCC_CFGR_SWS_PLL)
1013:Drivers/STM32L4xx_HAL_Driver/Src/stm32l4xx_hal_rcc.c ****       {
1014:Drivers/STM32L4xx_HAL_Driver/Src/stm32l4xx_hal_rcc.c ****         /* Disable the main PLL. */
1015:Drivers/STM32L4xx_HAL_Driver/Src/stm32l4xx_hal_rcc.c ****         __HAL_RCC_PLL_DISABLE();
1016:Drivers/STM32L4xx_HAL_Driver/Src/stm32l4xx_hal_rcc.c **** 
1017:Drivers/STM32L4xx_HAL_Driver/Src/stm32l4xx_hal_rcc.c ****         /* Get Start Tick*/
1018:Drivers/STM32L4xx_HAL_Driver/Src/stm32l4xx_hal_rcc.c ****         tickstart = HAL_GetTick();
1019:Drivers/STM32L4xx_HAL_Driver/Src/stm32l4xx_hal_rcc.c **** 
1020:Drivers/STM32L4xx_HAL_Driver/Src/stm32l4xx_hal_rcc.c ****         /* Wait till PLL is disabled */
1021:Drivers/STM32L4xx_HAL_Driver/Src/stm32l4xx_hal_rcc.c ****         while(READ_BIT(RCC->CR, RCC_CR_PLLRDY) != 0U)
1022:Drivers/STM32L4xx_HAL_Driver/Src/stm32l4xx_hal_rcc.c ****         {
1023:Drivers/STM32L4xx_HAL_Driver/Src/stm32l4xx_hal_rcc.c ****           if((HAL_GetTick() - tickstart) > PLL_TIMEOUT_VALUE)
1024:Drivers/STM32L4xx_HAL_Driver/Src/stm32l4xx_hal_rcc.c ****           {
1025:Drivers/STM32L4xx_HAL_Driver/Src/stm32l4xx_hal_rcc.c ****             return HAL_TIMEOUT;
1026:Drivers/STM32L4xx_HAL_Driver/Src/stm32l4xx_hal_rcc.c ****           }
1027:Drivers/STM32L4xx_HAL_Driver/Src/stm32l4xx_hal_rcc.c ****         }
1028:Drivers/STM32L4xx_HAL_Driver/Src/stm32l4xx_hal_rcc.c ****         /* Unselect main PLL clock source and disable main PLL outputs to save power */
1029:Drivers/STM32L4xx_HAL_Driver/Src/stm32l4xx_hal_rcc.c **** #if defined(RCC_PLLSAI2_SUPPORT)
1030:Drivers/STM32L4xx_HAL_Driver/Src/stm32l4xx_hal_rcc.c ****         RCC->PLLCFGR &= ~(RCC_PLLCFGR_PLLSRC | RCC_PLL_SYSCLK | RCC_PLL_48M1CLK | RCC_PLL_SAI3CLK);
1031:Drivers/STM32L4xx_HAL_Driver/Src/stm32l4xx_hal_rcc.c **** #elif defined(RCC_PLLSAI1_SUPPORT)
1032:Drivers/STM32L4xx_HAL_Driver/Src/stm32l4xx_hal_rcc.c ****         RCC->PLLCFGR &= ~(RCC_PLLCFGR_PLLSRC | RCC_PLL_SYSCLK | RCC_PLL_48M1CLK | RCC_PLL_SAI2CLK);
1033:Drivers/STM32L4xx_HAL_Driver/Src/stm32l4xx_hal_rcc.c **** #else
1034:Drivers/STM32L4xx_HAL_Driver/Src/stm32l4xx_hal_rcc.c ****         RCC->PLLCFGR &= ~(RCC_PLLCFGR_PLLSRC | RCC_PLL_SYSCLK | RCC_PLL_48M1CLK);
1035:Drivers/STM32L4xx_HAL_Driver/Src/stm32l4xx_hal_rcc.c **** #endif /* RCC_PLLSAI2_SUPPORT */
1036:Drivers/STM32L4xx_HAL_Driver/Src/stm32l4xx_hal_rcc.c ****       }
1037:Drivers/STM32L4xx_HAL_Driver/Src/stm32l4xx_hal_rcc.c ****       else
1038:Drivers/STM32L4xx_HAL_Driver/Src/stm32l4xx_hal_rcc.c ****       {
1039:Drivers/STM32L4xx_HAL_Driver/Src/stm32l4xx_hal_rcc.c ****         /* PLL is already used as System core clock */
1040:Drivers/STM32L4xx_HAL_Driver/Src/stm32l4xx_hal_rcc.c ****         return HAL_ERROR;
1041:Drivers/STM32L4xx_HAL_Driver/Src/stm32l4xx_hal_rcc.c ****       }
1042:Drivers/STM32L4xx_HAL_Driver/Src/stm32l4xx_hal_rcc.c ****     }
1043:Drivers/STM32L4xx_HAL_Driver/Src/stm32l4xx_hal_rcc.c ****   }
1044:Drivers/STM32L4xx_HAL_Driver/Src/stm32l4xx_hal_rcc.c ****   return HAL_OK;
1045:Drivers/STM32L4xx_HAL_Driver/Src/stm32l4xx_hal_rcc.c **** }
1046:Drivers/STM32L4xx_HAL_Driver/Src/stm32l4xx_hal_rcc.c **** 
1047:Drivers/STM32L4xx_HAL_Driver/Src/stm32l4xx_hal_rcc.c **** /**
1048:Drivers/STM32L4xx_HAL_Driver/Src/stm32l4xx_hal_rcc.c ****   * @brief  Initialize the CPU, AHB and APB busses clocks according to the specified
1049:Drivers/STM32L4xx_HAL_Driver/Src/stm32l4xx_hal_rcc.c ****   *         parameters in the RCC_ClkInitStruct.
1050:Drivers/STM32L4xx_HAL_Driver/Src/stm32l4xx_hal_rcc.c ****   * @param  RCC_ClkInitStruct  pointer to an RCC_OscInitTypeDef structure that
1051:Drivers/STM32L4xx_HAL_Driver/Src/stm32l4xx_hal_rcc.c ****   *         contains the configuration information for the RCC peripheral.
1052:Drivers/STM32L4xx_HAL_Driver/Src/stm32l4xx_hal_rcc.c ****   * @param  FLatency  FLASH Latency
1053:Drivers/STM32L4xx_HAL_Driver/Src/stm32l4xx_hal_rcc.c ****   *          This parameter can be one of the following values:
1054:Drivers/STM32L4xx_HAL_Driver/Src/stm32l4xx_hal_rcc.c ****   *            @arg FLASH_LATENCY_0   FLASH 0 Latency cycle
1055:Drivers/STM32L4xx_HAL_Driver/Src/stm32l4xx_hal_rcc.c ****   *            @arg FLASH_LATENCY_1   FLASH 1 Latency cycle
1056:Drivers/STM32L4xx_HAL_Driver/Src/stm32l4xx_hal_rcc.c ****   *            @arg FLASH_LATENCY_2   FLASH 2 Latency cycles
ARM GAS  /tmp/ccziZpZZ.s 			page 20


1057:Drivers/STM32L4xx_HAL_Driver/Src/stm32l4xx_hal_rcc.c ****   *            @arg FLASH_LATENCY_3   FLASH 3 Latency cycles
1058:Drivers/STM32L4xx_HAL_Driver/Src/stm32l4xx_hal_rcc.c ****   *            @arg FLASH_LATENCY_4   FLASH 4 Latency cycles
1059:Drivers/STM32L4xx_HAL_Driver/Src/stm32l4xx_hal_rcc.c ****   @if STM32L4S9xx
1060:Drivers/STM32L4xx_HAL_Driver/Src/stm32l4xx_hal_rcc.c ****   *            @arg FLASH_LATENCY_5   FLASH 5 Latency cycles
1061:Drivers/STM32L4xx_HAL_Driver/Src/stm32l4xx_hal_rcc.c ****   *            @arg FLASH_LATENCY_6   FLASH 6 Latency cycles
1062:Drivers/STM32L4xx_HAL_Driver/Src/stm32l4xx_hal_rcc.c ****   *            @arg FLASH_LATENCY_7   FLASH 7 Latency cycles
1063:Drivers/STM32L4xx_HAL_Driver/Src/stm32l4xx_hal_rcc.c ****   *            @arg FLASH_LATENCY_8   FLASH 8 Latency cycles
1064:Drivers/STM32L4xx_HAL_Driver/Src/stm32l4xx_hal_rcc.c ****   *            @arg FLASH_LATENCY_9   FLASH 9 Latency cycles
1065:Drivers/STM32L4xx_HAL_Driver/Src/stm32l4xx_hal_rcc.c ****   *            @arg FLASH_LATENCY_10  FLASH 10 Latency cycles
1066:Drivers/STM32L4xx_HAL_Driver/Src/stm32l4xx_hal_rcc.c ****   *            @arg FLASH_LATENCY_11  FLASH 11 Latency cycles
1067:Drivers/STM32L4xx_HAL_Driver/Src/stm32l4xx_hal_rcc.c ****   *            @arg FLASH_LATENCY_12  FLASH 12 Latency cycles
1068:Drivers/STM32L4xx_HAL_Driver/Src/stm32l4xx_hal_rcc.c ****   *            @arg FLASH_LATENCY_13  FLASH 13 Latency cycles
1069:Drivers/STM32L4xx_HAL_Driver/Src/stm32l4xx_hal_rcc.c ****   *            @arg FLASH_LATENCY_14  FLASH 14 Latency cycles
1070:Drivers/STM32L4xx_HAL_Driver/Src/stm32l4xx_hal_rcc.c ****   *            @arg FLASH_LATENCY_15  FLASH 15 Latency cycles
1071:Drivers/STM32L4xx_HAL_Driver/Src/stm32l4xx_hal_rcc.c ****   @endif
1072:Drivers/STM32L4xx_HAL_Driver/Src/stm32l4xx_hal_rcc.c ****   *
1073:Drivers/STM32L4xx_HAL_Driver/Src/stm32l4xx_hal_rcc.c ****   * @note   The SystemCoreClock CMSIS variable is used to store System Clock Frequency
1074:Drivers/STM32L4xx_HAL_Driver/Src/stm32l4xx_hal_rcc.c ****   *         and updated by HAL_RCC_GetHCLKFreq() function called within this function
1075:Drivers/STM32L4xx_HAL_Driver/Src/stm32l4xx_hal_rcc.c ****   *
1076:Drivers/STM32L4xx_HAL_Driver/Src/stm32l4xx_hal_rcc.c ****   * @note   The MSI is used by default as system clock source after
1077:Drivers/STM32L4xx_HAL_Driver/Src/stm32l4xx_hal_rcc.c ****   *         startup from Reset, wake-up from STANDBY mode. After restart from Reset,
1078:Drivers/STM32L4xx_HAL_Driver/Src/stm32l4xx_hal_rcc.c ****   *         the MSI frequency is set to its default value 4 MHz.
1079:Drivers/STM32L4xx_HAL_Driver/Src/stm32l4xx_hal_rcc.c ****   *
1080:Drivers/STM32L4xx_HAL_Driver/Src/stm32l4xx_hal_rcc.c ****   * @note   The HSI can be selected as system clock source after
1081:Drivers/STM32L4xx_HAL_Driver/Src/stm32l4xx_hal_rcc.c ****   *         from STOP modes or in case of failure of the HSE used directly or indirectly
1082:Drivers/STM32L4xx_HAL_Driver/Src/stm32l4xx_hal_rcc.c ****   *         as system clock (if the Clock Security System CSS is enabled).
1083:Drivers/STM32L4xx_HAL_Driver/Src/stm32l4xx_hal_rcc.c ****   *
1084:Drivers/STM32L4xx_HAL_Driver/Src/stm32l4xx_hal_rcc.c ****   * @note   A switch from one clock source to another occurs only if the target
1085:Drivers/STM32L4xx_HAL_Driver/Src/stm32l4xx_hal_rcc.c ****   *         clock source is ready (clock stable after startup delay or PLL locked).
1086:Drivers/STM32L4xx_HAL_Driver/Src/stm32l4xx_hal_rcc.c ****   *         If a clock source which is not yet ready is selected, the switch will
1087:Drivers/STM32L4xx_HAL_Driver/Src/stm32l4xx_hal_rcc.c ****   *         occur when the clock source is ready.
1088:Drivers/STM32L4xx_HAL_Driver/Src/stm32l4xx_hal_rcc.c ****   *
1089:Drivers/STM32L4xx_HAL_Driver/Src/stm32l4xx_hal_rcc.c ****   * @note   You can use HAL_RCC_GetClockConfig() function to know which clock is
1090:Drivers/STM32L4xx_HAL_Driver/Src/stm32l4xx_hal_rcc.c ****   *         currently used as system clock source.
1091:Drivers/STM32L4xx_HAL_Driver/Src/stm32l4xx_hal_rcc.c ****   *
1092:Drivers/STM32L4xx_HAL_Driver/Src/stm32l4xx_hal_rcc.c ****   * @note   Depending on the device voltage range, the software has to set correctly
1093:Drivers/STM32L4xx_HAL_Driver/Src/stm32l4xx_hal_rcc.c ****   *         HPRE[3:0] bits to ensure that HCLK not exceed the maximum allowed frequency
1094:Drivers/STM32L4xx_HAL_Driver/Src/stm32l4xx_hal_rcc.c ****   *         (for more details refer to section above "Initialization/de-initialization functions")
1095:Drivers/STM32L4xx_HAL_Driver/Src/stm32l4xx_hal_rcc.c ****   * @retval None
1096:Drivers/STM32L4xx_HAL_Driver/Src/stm32l4xx_hal_rcc.c ****   */
1097:Drivers/STM32L4xx_HAL_Driver/Src/stm32l4xx_hal_rcc.c **** HAL_StatusTypeDef HAL_RCC_ClockConfig(RCC_ClkInitTypeDef  *RCC_ClkInitStruct, uint32_t FLatency)
1098:Drivers/STM32L4xx_HAL_Driver/Src/stm32l4xx_hal_rcc.c **** {
1099:Drivers/STM32L4xx_HAL_Driver/Src/stm32l4xx_hal_rcc.c ****   uint32_t tickstart;
1100:Drivers/STM32L4xx_HAL_Driver/Src/stm32l4xx_hal_rcc.c **** #if defined(STM32L4P5xx) || defined(STM32L4Q5xx) || \
1101:Drivers/STM32L4xx_HAL_Driver/Src/stm32l4xx_hal_rcc.c ****     defined(STM32L4R5xx) || defined(STM32L4R7xx) || defined(STM32L4R9xx) || defined(STM32L4S5xx) ||
1102:Drivers/STM32L4xx_HAL_Driver/Src/stm32l4xx_hal_rcc.c ****   uint32_t hpre = RCC_SYSCLK_DIV1;
1103:Drivers/STM32L4xx_HAL_Driver/Src/stm32l4xx_hal_rcc.c **** #endif
1104:Drivers/STM32L4xx_HAL_Driver/Src/stm32l4xx_hal_rcc.c ****   HAL_StatusTypeDef status;
1105:Drivers/STM32L4xx_HAL_Driver/Src/stm32l4xx_hal_rcc.c **** 
1106:Drivers/STM32L4xx_HAL_Driver/Src/stm32l4xx_hal_rcc.c ****   /* Check Null pointer */
1107:Drivers/STM32L4xx_HAL_Driver/Src/stm32l4xx_hal_rcc.c ****   if(RCC_ClkInitStruct == NULL)
1108:Drivers/STM32L4xx_HAL_Driver/Src/stm32l4xx_hal_rcc.c ****   {
1109:Drivers/STM32L4xx_HAL_Driver/Src/stm32l4xx_hal_rcc.c ****     return HAL_ERROR;
1110:Drivers/STM32L4xx_HAL_Driver/Src/stm32l4xx_hal_rcc.c ****   }
1111:Drivers/STM32L4xx_HAL_Driver/Src/stm32l4xx_hal_rcc.c **** 
1112:Drivers/STM32L4xx_HAL_Driver/Src/stm32l4xx_hal_rcc.c ****   /* Check the parameters */
1113:Drivers/STM32L4xx_HAL_Driver/Src/stm32l4xx_hal_rcc.c ****   assert_param(IS_RCC_CLOCKTYPE(RCC_ClkInitStruct->ClockType));
ARM GAS  /tmp/ccziZpZZ.s 			page 21


1114:Drivers/STM32L4xx_HAL_Driver/Src/stm32l4xx_hal_rcc.c ****   assert_param(IS_FLASH_LATENCY(FLatency));
1115:Drivers/STM32L4xx_HAL_Driver/Src/stm32l4xx_hal_rcc.c **** 
1116:Drivers/STM32L4xx_HAL_Driver/Src/stm32l4xx_hal_rcc.c ****   /* To correctly read data from FLASH memory, the number of wait states (LATENCY)
1117:Drivers/STM32L4xx_HAL_Driver/Src/stm32l4xx_hal_rcc.c ****     must be correctly programmed according to the frequency of the CPU clock
1118:Drivers/STM32L4xx_HAL_Driver/Src/stm32l4xx_hal_rcc.c ****     (HCLK) and the supply voltage of the device. */
1119:Drivers/STM32L4xx_HAL_Driver/Src/stm32l4xx_hal_rcc.c **** 
1120:Drivers/STM32L4xx_HAL_Driver/Src/stm32l4xx_hal_rcc.c ****   /* Increasing the number of wait states because of higher CPU frequency */
1121:Drivers/STM32L4xx_HAL_Driver/Src/stm32l4xx_hal_rcc.c ****   if(FLatency > __HAL_FLASH_GET_LATENCY())
1122:Drivers/STM32L4xx_HAL_Driver/Src/stm32l4xx_hal_rcc.c ****   {
1123:Drivers/STM32L4xx_HAL_Driver/Src/stm32l4xx_hal_rcc.c ****     /* Program the new number of wait states to the LATENCY bits in the FLASH_ACR register */
1124:Drivers/STM32L4xx_HAL_Driver/Src/stm32l4xx_hal_rcc.c ****     __HAL_FLASH_SET_LATENCY(FLatency);
1125:Drivers/STM32L4xx_HAL_Driver/Src/stm32l4xx_hal_rcc.c **** 
1126:Drivers/STM32L4xx_HAL_Driver/Src/stm32l4xx_hal_rcc.c ****     /* Check that the new number of wait states is taken into account to access the Flash
1127:Drivers/STM32L4xx_HAL_Driver/Src/stm32l4xx_hal_rcc.c ****     memory by reading the FLASH_ACR register */
1128:Drivers/STM32L4xx_HAL_Driver/Src/stm32l4xx_hal_rcc.c ****     if(__HAL_FLASH_GET_LATENCY() != FLatency)
1129:Drivers/STM32L4xx_HAL_Driver/Src/stm32l4xx_hal_rcc.c ****     {
1130:Drivers/STM32L4xx_HAL_Driver/Src/stm32l4xx_hal_rcc.c ****       return HAL_ERROR;
1131:Drivers/STM32L4xx_HAL_Driver/Src/stm32l4xx_hal_rcc.c ****     }
1132:Drivers/STM32L4xx_HAL_Driver/Src/stm32l4xx_hal_rcc.c ****   }
1133:Drivers/STM32L4xx_HAL_Driver/Src/stm32l4xx_hal_rcc.c **** 
1134:Drivers/STM32L4xx_HAL_Driver/Src/stm32l4xx_hal_rcc.c ****   /*----------------- HCLK Configuration prior to SYSCLK----------------------*/
1135:Drivers/STM32L4xx_HAL_Driver/Src/stm32l4xx_hal_rcc.c ****   /* Apply higher HCLK prescaler request here to ensure CPU clock is not of of spec when SYSCLK is 
1136:Drivers/STM32L4xx_HAL_Driver/Src/stm32l4xx_hal_rcc.c ****   if(((RCC_ClkInitStruct->ClockType) & RCC_CLOCKTYPE_HCLK) == RCC_CLOCKTYPE_HCLK)
1137:Drivers/STM32L4xx_HAL_Driver/Src/stm32l4xx_hal_rcc.c ****   {
1138:Drivers/STM32L4xx_HAL_Driver/Src/stm32l4xx_hal_rcc.c ****     assert_param(IS_RCC_HCLK(RCC_ClkInitStruct->AHBCLKDivider));
1139:Drivers/STM32L4xx_HAL_Driver/Src/stm32l4xx_hal_rcc.c **** 
1140:Drivers/STM32L4xx_HAL_Driver/Src/stm32l4xx_hal_rcc.c ****     if(RCC_ClkInitStruct->AHBCLKDivider > READ_BIT(RCC->CFGR, RCC_CFGR_HPRE))
1141:Drivers/STM32L4xx_HAL_Driver/Src/stm32l4xx_hal_rcc.c ****     {
1142:Drivers/STM32L4xx_HAL_Driver/Src/stm32l4xx_hal_rcc.c ****       MODIFY_REG(RCC->CFGR, RCC_CFGR_HPRE, RCC_ClkInitStruct->AHBCLKDivider);
1143:Drivers/STM32L4xx_HAL_Driver/Src/stm32l4xx_hal_rcc.c ****     }
1144:Drivers/STM32L4xx_HAL_Driver/Src/stm32l4xx_hal_rcc.c ****   }
1145:Drivers/STM32L4xx_HAL_Driver/Src/stm32l4xx_hal_rcc.c **** 
1146:Drivers/STM32L4xx_HAL_Driver/Src/stm32l4xx_hal_rcc.c ****   /*------------------------- SYSCLK Configuration ---------------------------*/
1147:Drivers/STM32L4xx_HAL_Driver/Src/stm32l4xx_hal_rcc.c ****   if(((RCC_ClkInitStruct->ClockType) & RCC_CLOCKTYPE_SYSCLK) == RCC_CLOCKTYPE_SYSCLK)
1148:Drivers/STM32L4xx_HAL_Driver/Src/stm32l4xx_hal_rcc.c ****   {
1149:Drivers/STM32L4xx_HAL_Driver/Src/stm32l4xx_hal_rcc.c ****     assert_param(IS_RCC_SYSCLKSOURCE(RCC_ClkInitStruct->SYSCLKSource));
1150:Drivers/STM32L4xx_HAL_Driver/Src/stm32l4xx_hal_rcc.c **** 
1151:Drivers/STM32L4xx_HAL_Driver/Src/stm32l4xx_hal_rcc.c ****     /* PLL is selected as System Clock Source */
1152:Drivers/STM32L4xx_HAL_Driver/Src/stm32l4xx_hal_rcc.c ****     if(RCC_ClkInitStruct->SYSCLKSource == RCC_SYSCLKSOURCE_PLLCLK)
1153:Drivers/STM32L4xx_HAL_Driver/Src/stm32l4xx_hal_rcc.c ****     {
1154:Drivers/STM32L4xx_HAL_Driver/Src/stm32l4xx_hal_rcc.c ****       /* Check the PLL ready flag */
1155:Drivers/STM32L4xx_HAL_Driver/Src/stm32l4xx_hal_rcc.c ****       if(READ_BIT(RCC->CR, RCC_CR_PLLRDY) == 0U)
1156:Drivers/STM32L4xx_HAL_Driver/Src/stm32l4xx_hal_rcc.c ****       {
1157:Drivers/STM32L4xx_HAL_Driver/Src/stm32l4xx_hal_rcc.c ****         return HAL_ERROR;
1158:Drivers/STM32L4xx_HAL_Driver/Src/stm32l4xx_hal_rcc.c ****       }
1159:Drivers/STM32L4xx_HAL_Driver/Src/stm32l4xx_hal_rcc.c **** #if defined(STM32L4P5xx) || defined(STM32L4Q5xx) || \
1160:Drivers/STM32L4xx_HAL_Driver/Src/stm32l4xx_hal_rcc.c ****     defined(STM32L4R5xx) || defined(STM32L4R7xx) || defined(STM32L4R9xx) || defined(STM32L4S5xx) ||
1161:Drivers/STM32L4xx_HAL_Driver/Src/stm32l4xx_hal_rcc.c ****       /* Undershoot management when selection PLL as SYSCLK source and frequency above 80Mhz */
1162:Drivers/STM32L4xx_HAL_Driver/Src/stm32l4xx_hal_rcc.c ****       /* Compute target PLL output frequency */
1163:Drivers/STM32L4xx_HAL_Driver/Src/stm32l4xx_hal_rcc.c ****       if(RCC_GetSysClockFreqFromPLLSource() > 80000000U)
1164:Drivers/STM32L4xx_HAL_Driver/Src/stm32l4xx_hal_rcc.c ****       {
1165:Drivers/STM32L4xx_HAL_Driver/Src/stm32l4xx_hal_rcc.c ****         /* If lowest HCLK prescaler, apply intermediate step with HCLK prescaler 2 necessary before
1166:Drivers/STM32L4xx_HAL_Driver/Src/stm32l4xx_hal_rcc.c ****         if(READ_BIT(RCC->CFGR, RCC_CFGR_HPRE) == RCC_SYSCLK_DIV1)
1167:Drivers/STM32L4xx_HAL_Driver/Src/stm32l4xx_hal_rcc.c ****         {
1168:Drivers/STM32L4xx_HAL_Driver/Src/stm32l4xx_hal_rcc.c ****           MODIFY_REG(RCC->CFGR, RCC_CFGR_HPRE, RCC_SYSCLK_DIV2);
1169:Drivers/STM32L4xx_HAL_Driver/Src/stm32l4xx_hal_rcc.c ****           hpre = RCC_SYSCLK_DIV2;
1170:Drivers/STM32L4xx_HAL_Driver/Src/stm32l4xx_hal_rcc.c ****         }
ARM GAS  /tmp/ccziZpZZ.s 			page 22


1171:Drivers/STM32L4xx_HAL_Driver/Src/stm32l4xx_hal_rcc.c ****       }
1172:Drivers/STM32L4xx_HAL_Driver/Src/stm32l4xx_hal_rcc.c **** #endif
1173:Drivers/STM32L4xx_HAL_Driver/Src/stm32l4xx_hal_rcc.c ****     }
1174:Drivers/STM32L4xx_HAL_Driver/Src/stm32l4xx_hal_rcc.c ****     else
1175:Drivers/STM32L4xx_HAL_Driver/Src/stm32l4xx_hal_rcc.c ****     {
1176:Drivers/STM32L4xx_HAL_Driver/Src/stm32l4xx_hal_rcc.c ****       /* HSE is selected as System Clock Source */
1177:Drivers/STM32L4xx_HAL_Driver/Src/stm32l4xx_hal_rcc.c ****       if(RCC_ClkInitStruct->SYSCLKSource == RCC_SYSCLKSOURCE_HSE)
1178:Drivers/STM32L4xx_HAL_Driver/Src/stm32l4xx_hal_rcc.c ****       {
1179:Drivers/STM32L4xx_HAL_Driver/Src/stm32l4xx_hal_rcc.c ****         /* Check the HSE ready flag */
1180:Drivers/STM32L4xx_HAL_Driver/Src/stm32l4xx_hal_rcc.c ****         if(READ_BIT(RCC->CR, RCC_CR_HSERDY) == 0U)
1181:Drivers/STM32L4xx_HAL_Driver/Src/stm32l4xx_hal_rcc.c ****         {
1182:Drivers/STM32L4xx_HAL_Driver/Src/stm32l4xx_hal_rcc.c ****           return HAL_ERROR;
1183:Drivers/STM32L4xx_HAL_Driver/Src/stm32l4xx_hal_rcc.c ****         }
1184:Drivers/STM32L4xx_HAL_Driver/Src/stm32l4xx_hal_rcc.c ****       }
1185:Drivers/STM32L4xx_HAL_Driver/Src/stm32l4xx_hal_rcc.c ****       /* MSI is selected as System Clock Source */
1186:Drivers/STM32L4xx_HAL_Driver/Src/stm32l4xx_hal_rcc.c ****       else if(RCC_ClkInitStruct->SYSCLKSource == RCC_SYSCLKSOURCE_MSI)
1187:Drivers/STM32L4xx_HAL_Driver/Src/stm32l4xx_hal_rcc.c ****       {
1188:Drivers/STM32L4xx_HAL_Driver/Src/stm32l4xx_hal_rcc.c ****         /* Check the MSI ready flag */
1189:Drivers/STM32L4xx_HAL_Driver/Src/stm32l4xx_hal_rcc.c ****         if(READ_BIT(RCC->CR, RCC_CR_MSIRDY) == 0U)
1190:Drivers/STM32L4xx_HAL_Driver/Src/stm32l4xx_hal_rcc.c ****         {
1191:Drivers/STM32L4xx_HAL_Driver/Src/stm32l4xx_hal_rcc.c ****           return HAL_ERROR;
1192:Drivers/STM32L4xx_HAL_Driver/Src/stm32l4xx_hal_rcc.c ****         }
1193:Drivers/STM32L4xx_HAL_Driver/Src/stm32l4xx_hal_rcc.c ****       }
1194:Drivers/STM32L4xx_HAL_Driver/Src/stm32l4xx_hal_rcc.c ****       /* HSI is selected as System Clock Source */
1195:Drivers/STM32L4xx_HAL_Driver/Src/stm32l4xx_hal_rcc.c ****       else
1196:Drivers/STM32L4xx_HAL_Driver/Src/stm32l4xx_hal_rcc.c ****       {
1197:Drivers/STM32L4xx_HAL_Driver/Src/stm32l4xx_hal_rcc.c ****         /* Check the HSI ready flag */
1198:Drivers/STM32L4xx_HAL_Driver/Src/stm32l4xx_hal_rcc.c ****         if(READ_BIT(RCC->CR, RCC_CR_HSIRDY) == 0U)
1199:Drivers/STM32L4xx_HAL_Driver/Src/stm32l4xx_hal_rcc.c ****         {
1200:Drivers/STM32L4xx_HAL_Driver/Src/stm32l4xx_hal_rcc.c ****           return HAL_ERROR;
1201:Drivers/STM32L4xx_HAL_Driver/Src/stm32l4xx_hal_rcc.c ****         }
1202:Drivers/STM32L4xx_HAL_Driver/Src/stm32l4xx_hal_rcc.c ****       }
1203:Drivers/STM32L4xx_HAL_Driver/Src/stm32l4xx_hal_rcc.c **** #if defined(STM32L4P5xx) || defined(STM32L4Q5xx) || \
1204:Drivers/STM32L4xx_HAL_Driver/Src/stm32l4xx_hal_rcc.c ****     defined(STM32L4R5xx) || defined(STM32L4R7xx) || defined(STM32L4R9xx) || defined(STM32L4S5xx) ||
1205:Drivers/STM32L4xx_HAL_Driver/Src/stm32l4xx_hal_rcc.c ****       /* Overshoot management when going down from PLL as SYSCLK source and frequency above 80Mhz *
1206:Drivers/STM32L4xx_HAL_Driver/Src/stm32l4xx_hal_rcc.c ****       if(HAL_RCC_GetSysClockFreq() > 80000000U)
1207:Drivers/STM32L4xx_HAL_Driver/Src/stm32l4xx_hal_rcc.c ****       {
1208:Drivers/STM32L4xx_HAL_Driver/Src/stm32l4xx_hal_rcc.c ****         /* If lowest HCLK prescaler, apply intermediate step with HCLK prescaler 2 necessary before
1209:Drivers/STM32L4xx_HAL_Driver/Src/stm32l4xx_hal_rcc.c ****         if(READ_BIT(RCC->CFGR, RCC_CFGR_HPRE) == RCC_SYSCLK_DIV1)
1210:Drivers/STM32L4xx_HAL_Driver/Src/stm32l4xx_hal_rcc.c ****         {
1211:Drivers/STM32L4xx_HAL_Driver/Src/stm32l4xx_hal_rcc.c ****           MODIFY_REG(RCC->CFGR, RCC_CFGR_HPRE, RCC_SYSCLK_DIV2);
1212:Drivers/STM32L4xx_HAL_Driver/Src/stm32l4xx_hal_rcc.c ****           hpre = RCC_SYSCLK_DIV2;
1213:Drivers/STM32L4xx_HAL_Driver/Src/stm32l4xx_hal_rcc.c ****         }
1214:Drivers/STM32L4xx_HAL_Driver/Src/stm32l4xx_hal_rcc.c ****       }
1215:Drivers/STM32L4xx_HAL_Driver/Src/stm32l4xx_hal_rcc.c **** #endif
1216:Drivers/STM32L4xx_HAL_Driver/Src/stm32l4xx_hal_rcc.c **** 
1217:Drivers/STM32L4xx_HAL_Driver/Src/stm32l4xx_hal_rcc.c ****     }
1218:Drivers/STM32L4xx_HAL_Driver/Src/stm32l4xx_hal_rcc.c **** 
1219:Drivers/STM32L4xx_HAL_Driver/Src/stm32l4xx_hal_rcc.c ****     MODIFY_REG(RCC->CFGR, RCC_CFGR_SW, RCC_ClkInitStruct->SYSCLKSource);
1220:Drivers/STM32L4xx_HAL_Driver/Src/stm32l4xx_hal_rcc.c **** 
1221:Drivers/STM32L4xx_HAL_Driver/Src/stm32l4xx_hal_rcc.c ****     /* Get Start Tick*/
1222:Drivers/STM32L4xx_HAL_Driver/Src/stm32l4xx_hal_rcc.c ****     tickstart = HAL_GetTick();
1223:Drivers/STM32L4xx_HAL_Driver/Src/stm32l4xx_hal_rcc.c **** 
1224:Drivers/STM32L4xx_HAL_Driver/Src/stm32l4xx_hal_rcc.c ****     while(__HAL_RCC_GET_SYSCLK_SOURCE() != (RCC_ClkInitStruct->SYSCLKSource << RCC_CFGR_SWS_Pos))
1225:Drivers/STM32L4xx_HAL_Driver/Src/stm32l4xx_hal_rcc.c ****     {
1226:Drivers/STM32L4xx_HAL_Driver/Src/stm32l4xx_hal_rcc.c ****       if((HAL_GetTick() - tickstart) > CLOCKSWITCH_TIMEOUT_VALUE)
1227:Drivers/STM32L4xx_HAL_Driver/Src/stm32l4xx_hal_rcc.c ****       {
ARM GAS  /tmp/ccziZpZZ.s 			page 23


1228:Drivers/STM32L4xx_HAL_Driver/Src/stm32l4xx_hal_rcc.c ****         return HAL_TIMEOUT;
1229:Drivers/STM32L4xx_HAL_Driver/Src/stm32l4xx_hal_rcc.c ****       }
1230:Drivers/STM32L4xx_HAL_Driver/Src/stm32l4xx_hal_rcc.c ****     }
1231:Drivers/STM32L4xx_HAL_Driver/Src/stm32l4xx_hal_rcc.c ****   }
1232:Drivers/STM32L4xx_HAL_Driver/Src/stm32l4xx_hal_rcc.c **** 
1233:Drivers/STM32L4xx_HAL_Driver/Src/stm32l4xx_hal_rcc.c **** #if defined(STM32L4P5xx) || defined(STM32L4Q5xx) || \
1234:Drivers/STM32L4xx_HAL_Driver/Src/stm32l4xx_hal_rcc.c ****     defined(STM32L4R5xx) || defined(STM32L4R7xx) || defined(STM32L4R9xx) || defined(STM32L4S5xx) ||
1235:Drivers/STM32L4xx_HAL_Driver/Src/stm32l4xx_hal_rcc.c ****   /* Is intermediate HCLK prescaler 2 applied internally, resume with HCLK prescaler 1 */
1236:Drivers/STM32L4xx_HAL_Driver/Src/stm32l4xx_hal_rcc.c ****   if(hpre == RCC_SYSCLK_DIV2)
1237:Drivers/STM32L4xx_HAL_Driver/Src/stm32l4xx_hal_rcc.c ****   {
1238:Drivers/STM32L4xx_HAL_Driver/Src/stm32l4xx_hal_rcc.c ****     MODIFY_REG(RCC->CFGR, RCC_CFGR_HPRE, RCC_SYSCLK_DIV1);
1239:Drivers/STM32L4xx_HAL_Driver/Src/stm32l4xx_hal_rcc.c ****   }
1240:Drivers/STM32L4xx_HAL_Driver/Src/stm32l4xx_hal_rcc.c **** #endif
1241:Drivers/STM32L4xx_HAL_Driver/Src/stm32l4xx_hal_rcc.c **** 
1242:Drivers/STM32L4xx_HAL_Driver/Src/stm32l4xx_hal_rcc.c ****   /*----------------- HCLK Configuration after SYSCLK-------------------------*/
1243:Drivers/STM32L4xx_HAL_Driver/Src/stm32l4xx_hal_rcc.c ****   /* Apply lower HCLK prescaler request here to ensure CPU clock is not of of spec when SYSCLK is s
1244:Drivers/STM32L4xx_HAL_Driver/Src/stm32l4xx_hal_rcc.c ****   if(((RCC_ClkInitStruct->ClockType) & RCC_CLOCKTYPE_HCLK) == RCC_CLOCKTYPE_HCLK)
1245:Drivers/STM32L4xx_HAL_Driver/Src/stm32l4xx_hal_rcc.c ****   {
1246:Drivers/STM32L4xx_HAL_Driver/Src/stm32l4xx_hal_rcc.c ****     if(RCC_ClkInitStruct->AHBCLKDivider < READ_BIT(RCC->CFGR, RCC_CFGR_HPRE))
1247:Drivers/STM32L4xx_HAL_Driver/Src/stm32l4xx_hal_rcc.c ****     {
1248:Drivers/STM32L4xx_HAL_Driver/Src/stm32l4xx_hal_rcc.c ****       MODIFY_REG(RCC->CFGR, RCC_CFGR_HPRE, RCC_ClkInitStruct->AHBCLKDivider);
1249:Drivers/STM32L4xx_HAL_Driver/Src/stm32l4xx_hal_rcc.c ****     }
1250:Drivers/STM32L4xx_HAL_Driver/Src/stm32l4xx_hal_rcc.c ****   }
1251:Drivers/STM32L4xx_HAL_Driver/Src/stm32l4xx_hal_rcc.c **** 
1252:Drivers/STM32L4xx_HAL_Driver/Src/stm32l4xx_hal_rcc.c ****   /* Allow decreasing of the number of wait states (because of lower CPU frequency expected) */
1253:Drivers/STM32L4xx_HAL_Driver/Src/stm32l4xx_hal_rcc.c ****   if(FLatency < __HAL_FLASH_GET_LATENCY())
1254:Drivers/STM32L4xx_HAL_Driver/Src/stm32l4xx_hal_rcc.c ****   {
1255:Drivers/STM32L4xx_HAL_Driver/Src/stm32l4xx_hal_rcc.c ****     /* Program the new number of wait states to the LATENCY bits in the FLASH_ACR register */
1256:Drivers/STM32L4xx_HAL_Driver/Src/stm32l4xx_hal_rcc.c ****     __HAL_FLASH_SET_LATENCY(FLatency);
1257:Drivers/STM32L4xx_HAL_Driver/Src/stm32l4xx_hal_rcc.c **** 
1258:Drivers/STM32L4xx_HAL_Driver/Src/stm32l4xx_hal_rcc.c ****     /* Check that the new number of wait states is taken into account to access the Flash
1259:Drivers/STM32L4xx_HAL_Driver/Src/stm32l4xx_hal_rcc.c ****     memory by reading the FLASH_ACR register */
1260:Drivers/STM32L4xx_HAL_Driver/Src/stm32l4xx_hal_rcc.c ****     if(__HAL_FLASH_GET_LATENCY() != FLatency)
1261:Drivers/STM32L4xx_HAL_Driver/Src/stm32l4xx_hal_rcc.c ****     {
1262:Drivers/STM32L4xx_HAL_Driver/Src/stm32l4xx_hal_rcc.c ****       return HAL_ERROR;
1263:Drivers/STM32L4xx_HAL_Driver/Src/stm32l4xx_hal_rcc.c ****     }
1264:Drivers/STM32L4xx_HAL_Driver/Src/stm32l4xx_hal_rcc.c ****   }
1265:Drivers/STM32L4xx_HAL_Driver/Src/stm32l4xx_hal_rcc.c **** 
1266:Drivers/STM32L4xx_HAL_Driver/Src/stm32l4xx_hal_rcc.c ****   /*-------------------------- PCLK1 Configuration ---------------------------*/
1267:Drivers/STM32L4xx_HAL_Driver/Src/stm32l4xx_hal_rcc.c ****   if(((RCC_ClkInitStruct->ClockType) & RCC_CLOCKTYPE_PCLK1) == RCC_CLOCKTYPE_PCLK1)
1268:Drivers/STM32L4xx_HAL_Driver/Src/stm32l4xx_hal_rcc.c ****   {
1269:Drivers/STM32L4xx_HAL_Driver/Src/stm32l4xx_hal_rcc.c ****     assert_param(IS_RCC_PCLK(RCC_ClkInitStruct->APB1CLKDivider));
1270:Drivers/STM32L4xx_HAL_Driver/Src/stm32l4xx_hal_rcc.c ****     MODIFY_REG(RCC->CFGR, RCC_CFGR_PPRE1, RCC_ClkInitStruct->APB1CLKDivider);
1271:Drivers/STM32L4xx_HAL_Driver/Src/stm32l4xx_hal_rcc.c ****   }
1272:Drivers/STM32L4xx_HAL_Driver/Src/stm32l4xx_hal_rcc.c **** 
1273:Drivers/STM32L4xx_HAL_Driver/Src/stm32l4xx_hal_rcc.c ****   /*-------------------------- PCLK2 Configuration ---------------------------*/
1274:Drivers/STM32L4xx_HAL_Driver/Src/stm32l4xx_hal_rcc.c ****   if(((RCC_ClkInitStruct->ClockType) & RCC_CLOCKTYPE_PCLK2) == RCC_CLOCKTYPE_PCLK2)
1275:Drivers/STM32L4xx_HAL_Driver/Src/stm32l4xx_hal_rcc.c ****   {
1276:Drivers/STM32L4xx_HAL_Driver/Src/stm32l4xx_hal_rcc.c ****     assert_param(IS_RCC_PCLK(RCC_ClkInitStruct->APB2CLKDivider));
1277:Drivers/STM32L4xx_HAL_Driver/Src/stm32l4xx_hal_rcc.c ****     MODIFY_REG(RCC->CFGR, RCC_CFGR_PPRE2, ((RCC_ClkInitStruct->APB2CLKDivider) << 3U));
1278:Drivers/STM32L4xx_HAL_Driver/Src/stm32l4xx_hal_rcc.c ****   }
1279:Drivers/STM32L4xx_HAL_Driver/Src/stm32l4xx_hal_rcc.c **** 
1280:Drivers/STM32L4xx_HAL_Driver/Src/stm32l4xx_hal_rcc.c ****   /* Update the SystemCoreClock global variable */
1281:Drivers/STM32L4xx_HAL_Driver/Src/stm32l4xx_hal_rcc.c ****   SystemCoreClock = HAL_RCC_GetSysClockFreq() >> (AHBPrescTable[READ_BIT(RCC->CFGR, RCC_CFGR_HPRE) 
1282:Drivers/STM32L4xx_HAL_Driver/Src/stm32l4xx_hal_rcc.c **** 
1283:Drivers/STM32L4xx_HAL_Driver/Src/stm32l4xx_hal_rcc.c ****   /* Configure the source of time base considering new system clocks settings*/
1284:Drivers/STM32L4xx_HAL_Driver/Src/stm32l4xx_hal_rcc.c ****   status = HAL_InitTick(uwTickPrio);
ARM GAS  /tmp/ccziZpZZ.s 			page 24


1285:Drivers/STM32L4xx_HAL_Driver/Src/stm32l4xx_hal_rcc.c **** 
1286:Drivers/STM32L4xx_HAL_Driver/Src/stm32l4xx_hal_rcc.c ****   return status;
1287:Drivers/STM32L4xx_HAL_Driver/Src/stm32l4xx_hal_rcc.c **** }
1288:Drivers/STM32L4xx_HAL_Driver/Src/stm32l4xx_hal_rcc.c **** 
1289:Drivers/STM32L4xx_HAL_Driver/Src/stm32l4xx_hal_rcc.c **** /**
1290:Drivers/STM32L4xx_HAL_Driver/Src/stm32l4xx_hal_rcc.c ****   * @}
1291:Drivers/STM32L4xx_HAL_Driver/Src/stm32l4xx_hal_rcc.c ****   */
1292:Drivers/STM32L4xx_HAL_Driver/Src/stm32l4xx_hal_rcc.c **** 
1293:Drivers/STM32L4xx_HAL_Driver/Src/stm32l4xx_hal_rcc.c **** /** @defgroup RCC_Exported_Functions_Group2 Peripheral Control functions
1294:Drivers/STM32L4xx_HAL_Driver/Src/stm32l4xx_hal_rcc.c ****  *  @brief   RCC clocks control functions
1295:Drivers/STM32L4xx_HAL_Driver/Src/stm32l4xx_hal_rcc.c ****  *
1296:Drivers/STM32L4xx_HAL_Driver/Src/stm32l4xx_hal_rcc.c **** @verbatim
1297:Drivers/STM32L4xx_HAL_Driver/Src/stm32l4xx_hal_rcc.c ****  ===============================================================================
1298:Drivers/STM32L4xx_HAL_Driver/Src/stm32l4xx_hal_rcc.c ****                       ##### Peripheral Control functions #####
1299:Drivers/STM32L4xx_HAL_Driver/Src/stm32l4xx_hal_rcc.c ****  ===============================================================================
1300:Drivers/STM32L4xx_HAL_Driver/Src/stm32l4xx_hal_rcc.c ****     [..]
1301:Drivers/STM32L4xx_HAL_Driver/Src/stm32l4xx_hal_rcc.c ****     This subsection provides a set of functions allowing to:
1302:Drivers/STM32L4xx_HAL_Driver/Src/stm32l4xx_hal_rcc.c **** 
1303:Drivers/STM32L4xx_HAL_Driver/Src/stm32l4xx_hal_rcc.c ****     (+) Output clock to MCO pin.
1304:Drivers/STM32L4xx_HAL_Driver/Src/stm32l4xx_hal_rcc.c ****     (+) Retrieve current clock frequencies.
1305:Drivers/STM32L4xx_HAL_Driver/Src/stm32l4xx_hal_rcc.c ****     (+) Enable the Clock Security System.
1306:Drivers/STM32L4xx_HAL_Driver/Src/stm32l4xx_hal_rcc.c **** 
1307:Drivers/STM32L4xx_HAL_Driver/Src/stm32l4xx_hal_rcc.c **** @endverbatim
1308:Drivers/STM32L4xx_HAL_Driver/Src/stm32l4xx_hal_rcc.c ****   * @{
1309:Drivers/STM32L4xx_HAL_Driver/Src/stm32l4xx_hal_rcc.c ****   */
1310:Drivers/STM32L4xx_HAL_Driver/Src/stm32l4xx_hal_rcc.c **** 
1311:Drivers/STM32L4xx_HAL_Driver/Src/stm32l4xx_hal_rcc.c **** /**
1312:Drivers/STM32L4xx_HAL_Driver/Src/stm32l4xx_hal_rcc.c ****   * @brief  Select the clock source to output on MCO pin(PA8).
1313:Drivers/STM32L4xx_HAL_Driver/Src/stm32l4xx_hal_rcc.c ****   * @note   PA8 should be configured in alternate function mode.
1314:Drivers/STM32L4xx_HAL_Driver/Src/stm32l4xx_hal_rcc.c ****   * @param  RCC_MCOx  specifies the output direction for the clock source.
1315:Drivers/STM32L4xx_HAL_Driver/Src/stm32l4xx_hal_rcc.c ****   *          For STM32L4xx family this parameter can have only one value:
1316:Drivers/STM32L4xx_HAL_Driver/Src/stm32l4xx_hal_rcc.c ****   *            @arg @ref RCC_MCO1  Clock source to output on MCO1 pin(PA8).
1317:Drivers/STM32L4xx_HAL_Driver/Src/stm32l4xx_hal_rcc.c ****   * @param  RCC_MCOSource  specifies the clock source to output.
1318:Drivers/STM32L4xx_HAL_Driver/Src/stm32l4xx_hal_rcc.c ****   *          This parameter can be one of the following values:
1319:Drivers/STM32L4xx_HAL_Driver/Src/stm32l4xx_hal_rcc.c ****   *            @arg @ref RCC_MCO1SOURCE_NOCLOCK  MCO output disabled, no clock on MCO
1320:Drivers/STM32L4xx_HAL_Driver/Src/stm32l4xx_hal_rcc.c ****   *            @arg @ref RCC_MCO1SOURCE_SYSCLK  system  clock selected as MCO source
1321:Drivers/STM32L4xx_HAL_Driver/Src/stm32l4xx_hal_rcc.c ****   *            @arg @ref RCC_MCO1SOURCE_MSI  MSI clock selected as MCO source
1322:Drivers/STM32L4xx_HAL_Driver/Src/stm32l4xx_hal_rcc.c ****   *            @arg @ref RCC_MCO1SOURCE_HSI  HSI clock selected as MCO source
1323:Drivers/STM32L4xx_HAL_Driver/Src/stm32l4xx_hal_rcc.c ****   *            @arg @ref RCC_MCO1SOURCE_HSE  HSE clock selected as MCO source
1324:Drivers/STM32L4xx_HAL_Driver/Src/stm32l4xx_hal_rcc.c ****   *            @arg @ref RCC_MCO1SOURCE_PLLCLK  main PLL clock selected as MCO source
1325:Drivers/STM32L4xx_HAL_Driver/Src/stm32l4xx_hal_rcc.c ****   *            @arg @ref RCC_MCO1SOURCE_LSI  LSI clock selected as MCO source
1326:Drivers/STM32L4xx_HAL_Driver/Src/stm32l4xx_hal_rcc.c ****   *            @arg @ref RCC_MCO1SOURCE_LSE  LSE clock selected as MCO source
1327:Drivers/STM32L4xx_HAL_Driver/Src/stm32l4xx_hal_rcc.c ****   @if STM32L443xx
1328:Drivers/STM32L4xx_HAL_Driver/Src/stm32l4xx_hal_rcc.c ****   *            @arg @ref RCC_MCO1SOURCE_HSI48  HSI48 clock selected as MCO source for devices with 
1329:Drivers/STM32L4xx_HAL_Driver/Src/stm32l4xx_hal_rcc.c ****   @endif
1330:Drivers/STM32L4xx_HAL_Driver/Src/stm32l4xx_hal_rcc.c ****   * @param  RCC_MCODiv  specifies the MCO prescaler.
1331:Drivers/STM32L4xx_HAL_Driver/Src/stm32l4xx_hal_rcc.c ****   *          This parameter can be one of the following values:
1332:Drivers/STM32L4xx_HAL_Driver/Src/stm32l4xx_hal_rcc.c ****   *            @arg @ref RCC_MCODIV_1  no division applied to MCO clock
1333:Drivers/STM32L4xx_HAL_Driver/Src/stm32l4xx_hal_rcc.c ****   *            @arg @ref RCC_MCODIV_2  division by 2 applied to MCO clock
1334:Drivers/STM32L4xx_HAL_Driver/Src/stm32l4xx_hal_rcc.c ****   *            @arg @ref RCC_MCODIV_4  division by 4 applied to MCO clock
1335:Drivers/STM32L4xx_HAL_Driver/Src/stm32l4xx_hal_rcc.c ****   *            @arg @ref RCC_MCODIV_8  division by 8 applied to MCO clock
1336:Drivers/STM32L4xx_HAL_Driver/Src/stm32l4xx_hal_rcc.c ****   *            @arg @ref RCC_MCODIV_16  division by 16 applied to MCO clock
1337:Drivers/STM32L4xx_HAL_Driver/Src/stm32l4xx_hal_rcc.c ****   * @retval None
1338:Drivers/STM32L4xx_HAL_Driver/Src/stm32l4xx_hal_rcc.c ****   */
1339:Drivers/STM32L4xx_HAL_Driver/Src/stm32l4xx_hal_rcc.c **** void HAL_RCC_MCOConfig( uint32_t RCC_MCOx, uint32_t RCC_MCOSource, uint32_t RCC_MCODiv)
1340:Drivers/STM32L4xx_HAL_Driver/Src/stm32l4xx_hal_rcc.c **** {
1341:Drivers/STM32L4xx_HAL_Driver/Src/stm32l4xx_hal_rcc.c ****   GPIO_InitTypeDef GPIO_InitStruct;
ARM GAS  /tmp/ccziZpZZ.s 			page 25


1342:Drivers/STM32L4xx_HAL_Driver/Src/stm32l4xx_hal_rcc.c **** 
1343:Drivers/STM32L4xx_HAL_Driver/Src/stm32l4xx_hal_rcc.c ****   /* Check the parameters */
1344:Drivers/STM32L4xx_HAL_Driver/Src/stm32l4xx_hal_rcc.c ****   assert_param(IS_RCC_MCO(RCC_MCOx));
1345:Drivers/STM32L4xx_HAL_Driver/Src/stm32l4xx_hal_rcc.c ****   assert_param(IS_RCC_MCODIV(RCC_MCODiv));
1346:Drivers/STM32L4xx_HAL_Driver/Src/stm32l4xx_hal_rcc.c ****   assert_param(IS_RCC_MCO1SOURCE(RCC_MCOSource));
1347:Drivers/STM32L4xx_HAL_Driver/Src/stm32l4xx_hal_rcc.c **** 
1348:Drivers/STM32L4xx_HAL_Driver/Src/stm32l4xx_hal_rcc.c ****   /* Prevent unused argument(s) compilation warning if no assert_param check */
1349:Drivers/STM32L4xx_HAL_Driver/Src/stm32l4xx_hal_rcc.c ****   UNUSED(RCC_MCOx);
1350:Drivers/STM32L4xx_HAL_Driver/Src/stm32l4xx_hal_rcc.c **** 
1351:Drivers/STM32L4xx_HAL_Driver/Src/stm32l4xx_hal_rcc.c ****   /* MCO Clock Enable */
1352:Drivers/STM32L4xx_HAL_Driver/Src/stm32l4xx_hal_rcc.c ****   __MCO1_CLK_ENABLE();
1353:Drivers/STM32L4xx_HAL_Driver/Src/stm32l4xx_hal_rcc.c **** 
1354:Drivers/STM32L4xx_HAL_Driver/Src/stm32l4xx_hal_rcc.c ****   /* Configure the MCO1 pin in alternate function mode */
1355:Drivers/STM32L4xx_HAL_Driver/Src/stm32l4xx_hal_rcc.c ****   GPIO_InitStruct.Pin = MCO1_PIN;
1356:Drivers/STM32L4xx_HAL_Driver/Src/stm32l4xx_hal_rcc.c ****   GPIO_InitStruct.Mode = GPIO_MODE_AF_PP;
1357:Drivers/STM32L4xx_HAL_Driver/Src/stm32l4xx_hal_rcc.c ****   GPIO_InitStruct.Speed = GPIO_SPEED_FREQ_HIGH;
1358:Drivers/STM32L4xx_HAL_Driver/Src/stm32l4xx_hal_rcc.c ****   GPIO_InitStruct.Pull = GPIO_NOPULL;
1359:Drivers/STM32L4xx_HAL_Driver/Src/stm32l4xx_hal_rcc.c ****   GPIO_InitStruct.Alternate = GPIO_AF0_MCO;
1360:Drivers/STM32L4xx_HAL_Driver/Src/stm32l4xx_hal_rcc.c ****   HAL_GPIO_Init(MCO1_GPIO_PORT, &GPIO_InitStruct);
1361:Drivers/STM32L4xx_HAL_Driver/Src/stm32l4xx_hal_rcc.c **** 
1362:Drivers/STM32L4xx_HAL_Driver/Src/stm32l4xx_hal_rcc.c ****   /* Mask MCOSEL[] and MCOPRE[] bits then set MCO1 clock source and prescaler */
1363:Drivers/STM32L4xx_HAL_Driver/Src/stm32l4xx_hal_rcc.c ****   MODIFY_REG(RCC->CFGR, (RCC_CFGR_MCOSEL | RCC_CFGR_MCOPRE), (RCC_MCOSource | RCC_MCODiv ));
1364:Drivers/STM32L4xx_HAL_Driver/Src/stm32l4xx_hal_rcc.c **** }
1365:Drivers/STM32L4xx_HAL_Driver/Src/stm32l4xx_hal_rcc.c **** 
1366:Drivers/STM32L4xx_HAL_Driver/Src/stm32l4xx_hal_rcc.c **** /**
1367:Drivers/STM32L4xx_HAL_Driver/Src/stm32l4xx_hal_rcc.c ****   * @brief  Return the SYSCLK frequency.
1368:Drivers/STM32L4xx_HAL_Driver/Src/stm32l4xx_hal_rcc.c ****   *
1369:Drivers/STM32L4xx_HAL_Driver/Src/stm32l4xx_hal_rcc.c ****   * @note   The system frequency computed by this function is not the real
1370:Drivers/STM32L4xx_HAL_Driver/Src/stm32l4xx_hal_rcc.c ****   *         frequency in the chip. It is calculated based on the predefined
1371:Drivers/STM32L4xx_HAL_Driver/Src/stm32l4xx_hal_rcc.c ****   *         constant and the selected clock source:
1372:Drivers/STM32L4xx_HAL_Driver/Src/stm32l4xx_hal_rcc.c ****   * @note     If SYSCLK source is MSI, function returns values based on MSI
1373:Drivers/STM32L4xx_HAL_Driver/Src/stm32l4xx_hal_rcc.c ****   *             Value as defined by the MSI range.
1374:Drivers/STM32L4xx_HAL_Driver/Src/stm32l4xx_hal_rcc.c ****   * @note     If SYSCLK source is HSI, function returns values based on HSI_VALUE(*)
1375:Drivers/STM32L4xx_HAL_Driver/Src/stm32l4xx_hal_rcc.c ****   * @note     If SYSCLK source is HSE, function returns values based on HSE_VALUE(**)
1376:Drivers/STM32L4xx_HAL_Driver/Src/stm32l4xx_hal_rcc.c ****   * @note     If SYSCLK source is PLL, function returns values based on HSE_VALUE(**),
1377:Drivers/STM32L4xx_HAL_Driver/Src/stm32l4xx_hal_rcc.c ****   *           HSI_VALUE(*) or MSI Value multiplied/divided by the PLL factors.
1378:Drivers/STM32L4xx_HAL_Driver/Src/stm32l4xx_hal_rcc.c ****   * @note     (*) HSI_VALUE is a constant defined in stm32l4xx_hal_conf.h file (default value
1379:Drivers/STM32L4xx_HAL_Driver/Src/stm32l4xx_hal_rcc.c ****   *               16 MHz) but the real value may vary depending on the variations
1380:Drivers/STM32L4xx_HAL_Driver/Src/stm32l4xx_hal_rcc.c ****   *               in voltage and temperature.
1381:Drivers/STM32L4xx_HAL_Driver/Src/stm32l4xx_hal_rcc.c ****   * @note     (**) HSE_VALUE is a constant defined in stm32l4xx_hal_conf.h file (default value
1382:Drivers/STM32L4xx_HAL_Driver/Src/stm32l4xx_hal_rcc.c ****   *                8 MHz), user has to ensure that HSE_VALUE is same as the real
1383:Drivers/STM32L4xx_HAL_Driver/Src/stm32l4xx_hal_rcc.c ****   *                frequency of the crystal used. Otherwise, this function may
1384:Drivers/STM32L4xx_HAL_Driver/Src/stm32l4xx_hal_rcc.c ****   *                have wrong result.
1385:Drivers/STM32L4xx_HAL_Driver/Src/stm32l4xx_hal_rcc.c ****   *
1386:Drivers/STM32L4xx_HAL_Driver/Src/stm32l4xx_hal_rcc.c ****   * @note   The result of this function could be not correct when using fractional
1387:Drivers/STM32L4xx_HAL_Driver/Src/stm32l4xx_hal_rcc.c ****   *         value for HSE crystal.
1388:Drivers/STM32L4xx_HAL_Driver/Src/stm32l4xx_hal_rcc.c ****   *
1389:Drivers/STM32L4xx_HAL_Driver/Src/stm32l4xx_hal_rcc.c ****   * @note   This function can be used by the user application to compute the
1390:Drivers/STM32L4xx_HAL_Driver/Src/stm32l4xx_hal_rcc.c ****   *         baudrate for the communication peripherals or configure other parameters.
1391:Drivers/STM32L4xx_HAL_Driver/Src/stm32l4xx_hal_rcc.c ****   *
1392:Drivers/STM32L4xx_HAL_Driver/Src/stm32l4xx_hal_rcc.c ****   * @note   Each time SYSCLK changes, this function must be called to update the
1393:Drivers/STM32L4xx_HAL_Driver/Src/stm32l4xx_hal_rcc.c ****   *         right SYSCLK value. Otherwise, any configuration based on this function will be incorre
1394:Drivers/STM32L4xx_HAL_Driver/Src/stm32l4xx_hal_rcc.c ****   *
1395:Drivers/STM32L4xx_HAL_Driver/Src/stm32l4xx_hal_rcc.c ****   *
1396:Drivers/STM32L4xx_HAL_Driver/Src/stm32l4xx_hal_rcc.c ****   * @retval SYSCLK frequency
1397:Drivers/STM32L4xx_HAL_Driver/Src/stm32l4xx_hal_rcc.c ****   */
1398:Drivers/STM32L4xx_HAL_Driver/Src/stm32l4xx_hal_rcc.c **** uint32_t HAL_RCC_GetSysClockFreq(void)
ARM GAS  /tmp/ccziZpZZ.s 			page 26


1399:Drivers/STM32L4xx_HAL_Driver/Src/stm32l4xx_hal_rcc.c **** {
1400:Drivers/STM32L4xx_HAL_Driver/Src/stm32l4xx_hal_rcc.c ****   uint32_t msirange = 0U, sysclockfreq = 0U;
1401:Drivers/STM32L4xx_HAL_Driver/Src/stm32l4xx_hal_rcc.c ****   uint32_t pllvco, pllsource, pllr, pllm;    /* no init needed */
1402:Drivers/STM32L4xx_HAL_Driver/Src/stm32l4xx_hal_rcc.c ****   uint32_t sysclk_source, pll_oscsource;
1403:Drivers/STM32L4xx_HAL_Driver/Src/stm32l4xx_hal_rcc.c **** 
1404:Drivers/STM32L4xx_HAL_Driver/Src/stm32l4xx_hal_rcc.c ****   sysclk_source = __HAL_RCC_GET_SYSCLK_SOURCE();
1405:Drivers/STM32L4xx_HAL_Driver/Src/stm32l4xx_hal_rcc.c ****   pll_oscsource = __HAL_RCC_GET_PLL_OSCSOURCE();
1406:Drivers/STM32L4xx_HAL_Driver/Src/stm32l4xx_hal_rcc.c **** 
1407:Drivers/STM32L4xx_HAL_Driver/Src/stm32l4xx_hal_rcc.c ****   if((sysclk_source == RCC_CFGR_SWS_MSI) ||
1408:Drivers/STM32L4xx_HAL_Driver/Src/stm32l4xx_hal_rcc.c ****      ((sysclk_source == RCC_CFGR_SWS_PLL) && (pll_oscsource == RCC_PLLSOURCE_MSI)))
1409:Drivers/STM32L4xx_HAL_Driver/Src/stm32l4xx_hal_rcc.c ****   {
1410:Drivers/STM32L4xx_HAL_Driver/Src/stm32l4xx_hal_rcc.c ****     /* MSI or PLL with MSI source used as system clock source */
1411:Drivers/STM32L4xx_HAL_Driver/Src/stm32l4xx_hal_rcc.c **** 
1412:Drivers/STM32L4xx_HAL_Driver/Src/stm32l4xx_hal_rcc.c ****     /* Get SYSCLK source */
1413:Drivers/STM32L4xx_HAL_Driver/Src/stm32l4xx_hal_rcc.c ****     if(READ_BIT(RCC->CR, RCC_CR_MSIRGSEL) == 0U)
1414:Drivers/STM32L4xx_HAL_Driver/Src/stm32l4xx_hal_rcc.c ****     { /* MSISRANGE from RCC_CSR applies */
1415:Drivers/STM32L4xx_HAL_Driver/Src/stm32l4xx_hal_rcc.c ****       msirange = READ_BIT(RCC->CSR, RCC_CSR_MSISRANGE) >> RCC_CSR_MSISRANGE_Pos;
1416:Drivers/STM32L4xx_HAL_Driver/Src/stm32l4xx_hal_rcc.c ****     }
1417:Drivers/STM32L4xx_HAL_Driver/Src/stm32l4xx_hal_rcc.c ****     else
1418:Drivers/STM32L4xx_HAL_Driver/Src/stm32l4xx_hal_rcc.c ****     { /* MSIRANGE from RCC_CR applies */
1419:Drivers/STM32L4xx_HAL_Driver/Src/stm32l4xx_hal_rcc.c ****       msirange = READ_BIT(RCC->CR, RCC_CR_MSIRANGE) >> RCC_CR_MSIRANGE_Pos;
1420:Drivers/STM32L4xx_HAL_Driver/Src/stm32l4xx_hal_rcc.c ****     }
1421:Drivers/STM32L4xx_HAL_Driver/Src/stm32l4xx_hal_rcc.c ****     /*MSI frequency range in HZ*/
1422:Drivers/STM32L4xx_HAL_Driver/Src/stm32l4xx_hal_rcc.c ****     msirange = MSIRangeTable[msirange];
1423:Drivers/STM32L4xx_HAL_Driver/Src/stm32l4xx_hal_rcc.c **** 
1424:Drivers/STM32L4xx_HAL_Driver/Src/stm32l4xx_hal_rcc.c ****     if(sysclk_source == RCC_CFGR_SWS_MSI)
1425:Drivers/STM32L4xx_HAL_Driver/Src/stm32l4xx_hal_rcc.c ****     {
1426:Drivers/STM32L4xx_HAL_Driver/Src/stm32l4xx_hal_rcc.c ****       /* MSI used as system clock source */
1427:Drivers/STM32L4xx_HAL_Driver/Src/stm32l4xx_hal_rcc.c ****       sysclockfreq = msirange;
1428:Drivers/STM32L4xx_HAL_Driver/Src/stm32l4xx_hal_rcc.c ****     }
1429:Drivers/STM32L4xx_HAL_Driver/Src/stm32l4xx_hal_rcc.c ****   }
1430:Drivers/STM32L4xx_HAL_Driver/Src/stm32l4xx_hal_rcc.c ****   else if(sysclk_source == RCC_CFGR_SWS_HSI)
1431:Drivers/STM32L4xx_HAL_Driver/Src/stm32l4xx_hal_rcc.c ****   {
1432:Drivers/STM32L4xx_HAL_Driver/Src/stm32l4xx_hal_rcc.c ****     /* HSI used as system clock source */
1433:Drivers/STM32L4xx_HAL_Driver/Src/stm32l4xx_hal_rcc.c ****     sysclockfreq = HSI_VALUE;
1434:Drivers/STM32L4xx_HAL_Driver/Src/stm32l4xx_hal_rcc.c ****   }
1435:Drivers/STM32L4xx_HAL_Driver/Src/stm32l4xx_hal_rcc.c ****   else if(sysclk_source == RCC_CFGR_SWS_HSE)
1436:Drivers/STM32L4xx_HAL_Driver/Src/stm32l4xx_hal_rcc.c ****   {
1437:Drivers/STM32L4xx_HAL_Driver/Src/stm32l4xx_hal_rcc.c ****     /* HSE used as system clock source */
1438:Drivers/STM32L4xx_HAL_Driver/Src/stm32l4xx_hal_rcc.c ****     sysclockfreq = HSE_VALUE;
1439:Drivers/STM32L4xx_HAL_Driver/Src/stm32l4xx_hal_rcc.c ****   }
1440:Drivers/STM32L4xx_HAL_Driver/Src/stm32l4xx_hal_rcc.c ****   else
1441:Drivers/STM32L4xx_HAL_Driver/Src/stm32l4xx_hal_rcc.c ****   {
1442:Drivers/STM32L4xx_HAL_Driver/Src/stm32l4xx_hal_rcc.c ****     /* unexpected case: sysclockfreq at 0 */
1443:Drivers/STM32L4xx_HAL_Driver/Src/stm32l4xx_hal_rcc.c ****   }
1444:Drivers/STM32L4xx_HAL_Driver/Src/stm32l4xx_hal_rcc.c **** 
1445:Drivers/STM32L4xx_HAL_Driver/Src/stm32l4xx_hal_rcc.c ****   if(sysclk_source == RCC_CFGR_SWS_PLL)
1446:Drivers/STM32L4xx_HAL_Driver/Src/stm32l4xx_hal_rcc.c ****   {
1447:Drivers/STM32L4xx_HAL_Driver/Src/stm32l4xx_hal_rcc.c ****     /* PLL used as system clock  source */
1448:Drivers/STM32L4xx_HAL_Driver/Src/stm32l4xx_hal_rcc.c **** 
1449:Drivers/STM32L4xx_HAL_Driver/Src/stm32l4xx_hal_rcc.c ****     /* PLL_VCO = (HSE_VALUE or HSI_VALUE or MSI_VALUE) * PLLN / PLLM
1450:Drivers/STM32L4xx_HAL_Driver/Src/stm32l4xx_hal_rcc.c ****     SYSCLK = PLL_VCO / PLLR
1451:Drivers/STM32L4xx_HAL_Driver/Src/stm32l4xx_hal_rcc.c ****     */
1452:Drivers/STM32L4xx_HAL_Driver/Src/stm32l4xx_hal_rcc.c ****     pllsource = READ_BIT(RCC->PLLCFGR, RCC_PLLCFGR_PLLSRC);
1453:Drivers/STM32L4xx_HAL_Driver/Src/stm32l4xx_hal_rcc.c **** 
1454:Drivers/STM32L4xx_HAL_Driver/Src/stm32l4xx_hal_rcc.c ****     switch (pllsource)
1455:Drivers/STM32L4xx_HAL_Driver/Src/stm32l4xx_hal_rcc.c ****     {
ARM GAS  /tmp/ccziZpZZ.s 			page 27


1456:Drivers/STM32L4xx_HAL_Driver/Src/stm32l4xx_hal_rcc.c ****     case RCC_PLLSOURCE_HSI:  /* HSI used as PLL clock source */
1457:Drivers/STM32L4xx_HAL_Driver/Src/stm32l4xx_hal_rcc.c ****       pllvco = HSI_VALUE;
1458:Drivers/STM32L4xx_HAL_Driver/Src/stm32l4xx_hal_rcc.c ****       break;
1459:Drivers/STM32L4xx_HAL_Driver/Src/stm32l4xx_hal_rcc.c **** 
1460:Drivers/STM32L4xx_HAL_Driver/Src/stm32l4xx_hal_rcc.c ****     case RCC_PLLSOURCE_HSE:  /* HSE used as PLL clock source */
1461:Drivers/STM32L4xx_HAL_Driver/Src/stm32l4xx_hal_rcc.c ****       pllvco = HSE_VALUE;
1462:Drivers/STM32L4xx_HAL_Driver/Src/stm32l4xx_hal_rcc.c ****       break;
1463:Drivers/STM32L4xx_HAL_Driver/Src/stm32l4xx_hal_rcc.c **** 
1464:Drivers/STM32L4xx_HAL_Driver/Src/stm32l4xx_hal_rcc.c ****     case RCC_PLLSOURCE_MSI:  /* MSI used as PLL clock source */
1465:Drivers/STM32L4xx_HAL_Driver/Src/stm32l4xx_hal_rcc.c ****     default:
1466:Drivers/STM32L4xx_HAL_Driver/Src/stm32l4xx_hal_rcc.c ****       pllvco = msirange;
1467:Drivers/STM32L4xx_HAL_Driver/Src/stm32l4xx_hal_rcc.c ****       break;
1468:Drivers/STM32L4xx_HAL_Driver/Src/stm32l4xx_hal_rcc.c ****     }
1469:Drivers/STM32L4xx_HAL_Driver/Src/stm32l4xx_hal_rcc.c ****     pllm = (READ_BIT(RCC->PLLCFGR, RCC_PLLCFGR_PLLM) >> RCC_PLLCFGR_PLLM_Pos) + 1U ;
1470:Drivers/STM32L4xx_HAL_Driver/Src/stm32l4xx_hal_rcc.c ****     pllvco = (pllvco * (READ_BIT(RCC->PLLCFGR, RCC_PLLCFGR_PLLN) >> RCC_PLLCFGR_PLLN_Pos)) / pllm;
1471:Drivers/STM32L4xx_HAL_Driver/Src/stm32l4xx_hal_rcc.c ****     pllr = ((READ_BIT(RCC->PLLCFGR, RCC_PLLCFGR_PLLR) >> RCC_PLLCFGR_PLLR_Pos) + 1U ) * 2U;
1472:Drivers/STM32L4xx_HAL_Driver/Src/stm32l4xx_hal_rcc.c ****     sysclockfreq = pllvco / pllr;
1473:Drivers/STM32L4xx_HAL_Driver/Src/stm32l4xx_hal_rcc.c ****   }
1474:Drivers/STM32L4xx_HAL_Driver/Src/stm32l4xx_hal_rcc.c **** 
1475:Drivers/STM32L4xx_HAL_Driver/Src/stm32l4xx_hal_rcc.c ****   return sysclockfreq;
1476:Drivers/STM32L4xx_HAL_Driver/Src/stm32l4xx_hal_rcc.c **** }
1477:Drivers/STM32L4xx_HAL_Driver/Src/stm32l4xx_hal_rcc.c **** 
1478:Drivers/STM32L4xx_HAL_Driver/Src/stm32l4xx_hal_rcc.c **** /**
1479:Drivers/STM32L4xx_HAL_Driver/Src/stm32l4xx_hal_rcc.c ****   * @brief  Return the HCLK frequency.
1480:Drivers/STM32L4xx_HAL_Driver/Src/stm32l4xx_hal_rcc.c ****   * @note   Each time HCLK changes, this function must be called to update the
1481:Drivers/STM32L4xx_HAL_Driver/Src/stm32l4xx_hal_rcc.c ****   *         right HCLK value. Otherwise, any configuration based on this function will be incorrect
1482:Drivers/STM32L4xx_HAL_Driver/Src/stm32l4xx_hal_rcc.c ****   *
1483:Drivers/STM32L4xx_HAL_Driver/Src/stm32l4xx_hal_rcc.c ****   * @note   The SystemCoreClock CMSIS variable is used to store System Clock Frequency.
1484:Drivers/STM32L4xx_HAL_Driver/Src/stm32l4xx_hal_rcc.c ****   * @retval HCLK frequency in Hz
1485:Drivers/STM32L4xx_HAL_Driver/Src/stm32l4xx_hal_rcc.c ****   */
1486:Drivers/STM32L4xx_HAL_Driver/Src/stm32l4xx_hal_rcc.c **** uint32_t HAL_RCC_GetHCLKFreq(void)
1487:Drivers/STM32L4xx_HAL_Driver/Src/stm32l4xx_hal_rcc.c **** {
1488:Drivers/STM32L4xx_HAL_Driver/Src/stm32l4xx_hal_rcc.c ****   return SystemCoreClock;
1489:Drivers/STM32L4xx_HAL_Driver/Src/stm32l4xx_hal_rcc.c **** }
1490:Drivers/STM32L4xx_HAL_Driver/Src/stm32l4xx_hal_rcc.c **** 
1491:Drivers/STM32L4xx_HAL_Driver/Src/stm32l4xx_hal_rcc.c **** /**
1492:Drivers/STM32L4xx_HAL_Driver/Src/stm32l4xx_hal_rcc.c ****   * @brief  Return the PCLK1 frequency.
1493:Drivers/STM32L4xx_HAL_Driver/Src/stm32l4xx_hal_rcc.c ****   * @note   Each time PCLK1 changes, this function must be called to update the
1494:Drivers/STM32L4xx_HAL_Driver/Src/stm32l4xx_hal_rcc.c ****   *         right PCLK1 value. Otherwise, any configuration based on this function will be incorrec
1495:Drivers/STM32L4xx_HAL_Driver/Src/stm32l4xx_hal_rcc.c ****   * @retval PCLK1 frequency in Hz
1496:Drivers/STM32L4xx_HAL_Driver/Src/stm32l4xx_hal_rcc.c ****   */
1497:Drivers/STM32L4xx_HAL_Driver/Src/stm32l4xx_hal_rcc.c **** uint32_t HAL_RCC_GetPCLK1Freq(void)
1498:Drivers/STM32L4xx_HAL_Driver/Src/stm32l4xx_hal_rcc.c **** {
1499:Drivers/STM32L4xx_HAL_Driver/Src/stm32l4xx_hal_rcc.c ****   /* Get HCLK source and Compute PCLK1 frequency ---------------------------*/
1500:Drivers/STM32L4xx_HAL_Driver/Src/stm32l4xx_hal_rcc.c ****   return (HAL_RCC_GetHCLKFreq() >> (APBPrescTable[READ_BIT(RCC->CFGR, RCC_CFGR_PPRE1) >> RCC_CFGR_P
1501:Drivers/STM32L4xx_HAL_Driver/Src/stm32l4xx_hal_rcc.c **** }
1502:Drivers/STM32L4xx_HAL_Driver/Src/stm32l4xx_hal_rcc.c **** 
1503:Drivers/STM32L4xx_HAL_Driver/Src/stm32l4xx_hal_rcc.c **** /**
1504:Drivers/STM32L4xx_HAL_Driver/Src/stm32l4xx_hal_rcc.c ****   * @brief  Return the PCLK2 frequency.
1505:Drivers/STM32L4xx_HAL_Driver/Src/stm32l4xx_hal_rcc.c ****   * @note   Each time PCLK2 changes, this function must be called to update the
1506:Drivers/STM32L4xx_HAL_Driver/Src/stm32l4xx_hal_rcc.c ****   *         right PCLK2 value. Otherwise, any configuration based on this function will be incorrec
1507:Drivers/STM32L4xx_HAL_Driver/Src/stm32l4xx_hal_rcc.c ****   * @retval PCLK2 frequency in Hz
1508:Drivers/STM32L4xx_HAL_Driver/Src/stm32l4xx_hal_rcc.c ****   */
1509:Drivers/STM32L4xx_HAL_Driver/Src/stm32l4xx_hal_rcc.c **** uint32_t HAL_RCC_GetPCLK2Freq(void)
1510:Drivers/STM32L4xx_HAL_Driver/Src/stm32l4xx_hal_rcc.c **** {
1511:Drivers/STM32L4xx_HAL_Driver/Src/stm32l4xx_hal_rcc.c ****   /* Get HCLK source and Compute PCLK2 frequency ---------------------------*/
1512:Drivers/STM32L4xx_HAL_Driver/Src/stm32l4xx_hal_rcc.c ****   return (HAL_RCC_GetHCLKFreq()>> (APBPrescTable[READ_BIT(RCC->CFGR, RCC_CFGR_PPRE2) >> RCC_CFGR_PP
ARM GAS  /tmp/ccziZpZZ.s 			page 28


1513:Drivers/STM32L4xx_HAL_Driver/Src/stm32l4xx_hal_rcc.c **** }
1514:Drivers/STM32L4xx_HAL_Driver/Src/stm32l4xx_hal_rcc.c **** 
1515:Drivers/STM32L4xx_HAL_Driver/Src/stm32l4xx_hal_rcc.c **** /**
1516:Drivers/STM32L4xx_HAL_Driver/Src/stm32l4xx_hal_rcc.c ****   * @brief  Configure the RCC_OscInitStruct according to the internal
1517:Drivers/STM32L4xx_HAL_Driver/Src/stm32l4xx_hal_rcc.c ****   *         RCC configuration registers.
1518:Drivers/STM32L4xx_HAL_Driver/Src/stm32l4xx_hal_rcc.c ****   * @param  RCC_OscInitStruct  pointer to an RCC_OscInitTypeDef structure that
1519:Drivers/STM32L4xx_HAL_Driver/Src/stm32l4xx_hal_rcc.c ****   *         will be configured.
1520:Drivers/STM32L4xx_HAL_Driver/Src/stm32l4xx_hal_rcc.c ****   * @retval None
1521:Drivers/STM32L4xx_HAL_Driver/Src/stm32l4xx_hal_rcc.c ****   */
1522:Drivers/STM32L4xx_HAL_Driver/Src/stm32l4xx_hal_rcc.c **** void HAL_RCC_GetOscConfig(RCC_OscInitTypeDef  *RCC_OscInitStruct)
1523:Drivers/STM32L4xx_HAL_Driver/Src/stm32l4xx_hal_rcc.c **** {
1524:Drivers/STM32L4xx_HAL_Driver/Src/stm32l4xx_hal_rcc.c ****   /* Check the parameters */
1525:Drivers/STM32L4xx_HAL_Driver/Src/stm32l4xx_hal_rcc.c ****   assert_param(RCC_OscInitStruct != (void *)NULL);
1526:Drivers/STM32L4xx_HAL_Driver/Src/stm32l4xx_hal_rcc.c **** 
1527:Drivers/STM32L4xx_HAL_Driver/Src/stm32l4xx_hal_rcc.c ****   /* Set all possible values for the Oscillator type parameter ---------------*/
1528:Drivers/STM32L4xx_HAL_Driver/Src/stm32l4xx_hal_rcc.c **** #if defined(RCC_HSI48_SUPPORT)
1529:Drivers/STM32L4xx_HAL_Driver/Src/stm32l4xx_hal_rcc.c ****   RCC_OscInitStruct->OscillatorType = RCC_OSCILLATORTYPE_HSE | RCC_OSCILLATORTYPE_HSI | RCC_OSCILLA
1530:Drivers/STM32L4xx_HAL_Driver/Src/stm32l4xx_hal_rcc.c ****                                       RCC_OSCILLATORTYPE_LSE | RCC_OSCILLATORTYPE_LSI | RCC_OSCILLA
1531:Drivers/STM32L4xx_HAL_Driver/Src/stm32l4xx_hal_rcc.c **** #else
1532:Drivers/STM32L4xx_HAL_Driver/Src/stm32l4xx_hal_rcc.c ****   RCC_OscInitStruct->OscillatorType = RCC_OSCILLATORTYPE_HSE | RCC_OSCILLATORTYPE_HSI | RCC_OSCILLA
1533:Drivers/STM32L4xx_HAL_Driver/Src/stm32l4xx_hal_rcc.c ****                                       RCC_OSCILLATORTYPE_LSE | RCC_OSCILLATORTYPE_LSI;
1534:Drivers/STM32L4xx_HAL_Driver/Src/stm32l4xx_hal_rcc.c **** #endif /* RCC_HSI48_SUPPORT */
1535:Drivers/STM32L4xx_HAL_Driver/Src/stm32l4xx_hal_rcc.c **** 
1536:Drivers/STM32L4xx_HAL_Driver/Src/stm32l4xx_hal_rcc.c ****   /* Get the HSE configuration -----------------------------------------------*/
1537:Drivers/STM32L4xx_HAL_Driver/Src/stm32l4xx_hal_rcc.c ****   if(READ_BIT(RCC->CR, RCC_CR_HSEBYP) == RCC_CR_HSEBYP)
1538:Drivers/STM32L4xx_HAL_Driver/Src/stm32l4xx_hal_rcc.c ****   {
1539:Drivers/STM32L4xx_HAL_Driver/Src/stm32l4xx_hal_rcc.c ****     RCC_OscInitStruct->HSEState = RCC_HSE_BYPASS;
1540:Drivers/STM32L4xx_HAL_Driver/Src/stm32l4xx_hal_rcc.c ****   }
1541:Drivers/STM32L4xx_HAL_Driver/Src/stm32l4xx_hal_rcc.c ****   else if(READ_BIT(RCC->CR, RCC_CR_HSEON) == RCC_CR_HSEON)
1542:Drivers/STM32L4xx_HAL_Driver/Src/stm32l4xx_hal_rcc.c ****   {
1543:Drivers/STM32L4xx_HAL_Driver/Src/stm32l4xx_hal_rcc.c ****     RCC_OscInitStruct->HSEState = RCC_HSE_ON;
1544:Drivers/STM32L4xx_HAL_Driver/Src/stm32l4xx_hal_rcc.c ****   }
1545:Drivers/STM32L4xx_HAL_Driver/Src/stm32l4xx_hal_rcc.c ****   else
1546:Drivers/STM32L4xx_HAL_Driver/Src/stm32l4xx_hal_rcc.c ****   {
1547:Drivers/STM32L4xx_HAL_Driver/Src/stm32l4xx_hal_rcc.c ****     RCC_OscInitStruct->HSEState = RCC_HSE_OFF;
1548:Drivers/STM32L4xx_HAL_Driver/Src/stm32l4xx_hal_rcc.c ****   }
1549:Drivers/STM32L4xx_HAL_Driver/Src/stm32l4xx_hal_rcc.c **** 
1550:Drivers/STM32L4xx_HAL_Driver/Src/stm32l4xx_hal_rcc.c ****    /* Get the MSI configuration -----------------------------------------------*/
1551:Drivers/STM32L4xx_HAL_Driver/Src/stm32l4xx_hal_rcc.c ****   if(READ_BIT(RCC->CR, RCC_CR_MSION) == RCC_CR_MSION)
1552:Drivers/STM32L4xx_HAL_Driver/Src/stm32l4xx_hal_rcc.c ****   {
1553:Drivers/STM32L4xx_HAL_Driver/Src/stm32l4xx_hal_rcc.c ****     RCC_OscInitStruct->MSIState = RCC_MSI_ON;
1554:Drivers/STM32L4xx_HAL_Driver/Src/stm32l4xx_hal_rcc.c ****   }
1555:Drivers/STM32L4xx_HAL_Driver/Src/stm32l4xx_hal_rcc.c ****   else
1556:Drivers/STM32L4xx_HAL_Driver/Src/stm32l4xx_hal_rcc.c ****   {
1557:Drivers/STM32L4xx_HAL_Driver/Src/stm32l4xx_hal_rcc.c ****     RCC_OscInitStruct->MSIState = RCC_MSI_OFF;
1558:Drivers/STM32L4xx_HAL_Driver/Src/stm32l4xx_hal_rcc.c ****   }
1559:Drivers/STM32L4xx_HAL_Driver/Src/stm32l4xx_hal_rcc.c **** 
1560:Drivers/STM32L4xx_HAL_Driver/Src/stm32l4xx_hal_rcc.c ****   RCC_OscInitStruct->MSICalibrationValue = READ_BIT(RCC->ICSCR, RCC_ICSCR_MSITRIM) >> RCC_ICSCR_MSI
1561:Drivers/STM32L4xx_HAL_Driver/Src/stm32l4xx_hal_rcc.c ****   RCC_OscInitStruct->MSIClockRange = READ_BIT(RCC->CR, RCC_CR_MSIRANGE);
1562:Drivers/STM32L4xx_HAL_Driver/Src/stm32l4xx_hal_rcc.c **** 
1563:Drivers/STM32L4xx_HAL_Driver/Src/stm32l4xx_hal_rcc.c ****   /* Get the HSI configuration -----------------------------------------------*/
1564:Drivers/STM32L4xx_HAL_Driver/Src/stm32l4xx_hal_rcc.c ****   if(READ_BIT(RCC->CR, RCC_CR_HSION) == RCC_CR_HSION)
1565:Drivers/STM32L4xx_HAL_Driver/Src/stm32l4xx_hal_rcc.c ****   {
1566:Drivers/STM32L4xx_HAL_Driver/Src/stm32l4xx_hal_rcc.c ****     RCC_OscInitStruct->HSIState = RCC_HSI_ON;
1567:Drivers/STM32L4xx_HAL_Driver/Src/stm32l4xx_hal_rcc.c ****   }
1568:Drivers/STM32L4xx_HAL_Driver/Src/stm32l4xx_hal_rcc.c ****   else
1569:Drivers/STM32L4xx_HAL_Driver/Src/stm32l4xx_hal_rcc.c ****   {
ARM GAS  /tmp/ccziZpZZ.s 			page 29


1570:Drivers/STM32L4xx_HAL_Driver/Src/stm32l4xx_hal_rcc.c ****     RCC_OscInitStruct->HSIState = RCC_HSI_OFF;
1571:Drivers/STM32L4xx_HAL_Driver/Src/stm32l4xx_hal_rcc.c ****   }
1572:Drivers/STM32L4xx_HAL_Driver/Src/stm32l4xx_hal_rcc.c **** 
1573:Drivers/STM32L4xx_HAL_Driver/Src/stm32l4xx_hal_rcc.c ****   RCC_OscInitStruct->HSICalibrationValue = READ_BIT(RCC->ICSCR, RCC_ICSCR_HSITRIM) >> RCC_ICSCR_HSI
1574:Drivers/STM32L4xx_HAL_Driver/Src/stm32l4xx_hal_rcc.c **** 
1575:Drivers/STM32L4xx_HAL_Driver/Src/stm32l4xx_hal_rcc.c ****   /* Get the LSE configuration -----------------------------------------------*/
1576:Drivers/STM32L4xx_HAL_Driver/Src/stm32l4xx_hal_rcc.c ****   if(READ_BIT(RCC->BDCR, RCC_BDCR_LSEBYP) == RCC_BDCR_LSEBYP)
1577:Drivers/STM32L4xx_HAL_Driver/Src/stm32l4xx_hal_rcc.c ****   {
1578:Drivers/STM32L4xx_HAL_Driver/Src/stm32l4xx_hal_rcc.c **** #if defined(RCC_BDCR_LSESYSDIS)
1579:Drivers/STM32L4xx_HAL_Driver/Src/stm32l4xx_hal_rcc.c ****     if((RCC->BDCR & RCC_BDCR_LSESYSDIS) == RCC_BDCR_LSESYSDIS)
1580:Drivers/STM32L4xx_HAL_Driver/Src/stm32l4xx_hal_rcc.c ****     {
1581:Drivers/STM32L4xx_HAL_Driver/Src/stm32l4xx_hal_rcc.c ****       RCC_OscInitStruct->LSEState = RCC_LSE_BYPASS_RTC_ONLY;
1582:Drivers/STM32L4xx_HAL_Driver/Src/stm32l4xx_hal_rcc.c ****     }
1583:Drivers/STM32L4xx_HAL_Driver/Src/stm32l4xx_hal_rcc.c ****     else
1584:Drivers/STM32L4xx_HAL_Driver/Src/stm32l4xx_hal_rcc.c **** #endif /* RCC_BDCR_LSESYSDIS */
1585:Drivers/STM32L4xx_HAL_Driver/Src/stm32l4xx_hal_rcc.c ****     {
1586:Drivers/STM32L4xx_HAL_Driver/Src/stm32l4xx_hal_rcc.c ****       RCC_OscInitStruct->LSEState = RCC_LSE_BYPASS;
1587:Drivers/STM32L4xx_HAL_Driver/Src/stm32l4xx_hal_rcc.c ****     }
1588:Drivers/STM32L4xx_HAL_Driver/Src/stm32l4xx_hal_rcc.c ****   }
1589:Drivers/STM32L4xx_HAL_Driver/Src/stm32l4xx_hal_rcc.c ****   else if(READ_BIT(RCC->BDCR, RCC_BDCR_LSEON) == RCC_BDCR_LSEON)
1590:Drivers/STM32L4xx_HAL_Driver/Src/stm32l4xx_hal_rcc.c ****   {
1591:Drivers/STM32L4xx_HAL_Driver/Src/stm32l4xx_hal_rcc.c **** #if defined(RCC_BDCR_LSESYSDIS)
1592:Drivers/STM32L4xx_HAL_Driver/Src/stm32l4xx_hal_rcc.c ****     if((RCC->BDCR & RCC_BDCR_LSESYSDIS) == RCC_BDCR_LSESYSDIS)
1593:Drivers/STM32L4xx_HAL_Driver/Src/stm32l4xx_hal_rcc.c ****     {
1594:Drivers/STM32L4xx_HAL_Driver/Src/stm32l4xx_hal_rcc.c ****       RCC_OscInitStruct->LSEState = RCC_LSE_ON_RTC_ONLY;
1595:Drivers/STM32L4xx_HAL_Driver/Src/stm32l4xx_hal_rcc.c ****     }
1596:Drivers/STM32L4xx_HAL_Driver/Src/stm32l4xx_hal_rcc.c ****     else
1597:Drivers/STM32L4xx_HAL_Driver/Src/stm32l4xx_hal_rcc.c **** #endif /* RCC_BDCR_LSESYSDIS */
1598:Drivers/STM32L4xx_HAL_Driver/Src/stm32l4xx_hal_rcc.c ****     {
1599:Drivers/STM32L4xx_HAL_Driver/Src/stm32l4xx_hal_rcc.c ****       RCC_OscInitStruct->LSEState = RCC_LSE_ON;
1600:Drivers/STM32L4xx_HAL_Driver/Src/stm32l4xx_hal_rcc.c ****     }
1601:Drivers/STM32L4xx_HAL_Driver/Src/stm32l4xx_hal_rcc.c ****   }
1602:Drivers/STM32L4xx_HAL_Driver/Src/stm32l4xx_hal_rcc.c ****   else
1603:Drivers/STM32L4xx_HAL_Driver/Src/stm32l4xx_hal_rcc.c ****   {
1604:Drivers/STM32L4xx_HAL_Driver/Src/stm32l4xx_hal_rcc.c ****     RCC_OscInitStruct->LSEState = RCC_LSE_OFF;
1605:Drivers/STM32L4xx_HAL_Driver/Src/stm32l4xx_hal_rcc.c ****   }
1606:Drivers/STM32L4xx_HAL_Driver/Src/stm32l4xx_hal_rcc.c **** 
1607:Drivers/STM32L4xx_HAL_Driver/Src/stm32l4xx_hal_rcc.c ****   /* Get the LSI configuration -----------------------------------------------*/
1608:Drivers/STM32L4xx_HAL_Driver/Src/stm32l4xx_hal_rcc.c ****   if(READ_BIT(RCC->CSR, RCC_CSR_LSION) == RCC_CSR_LSION)
1609:Drivers/STM32L4xx_HAL_Driver/Src/stm32l4xx_hal_rcc.c ****   {
1610:Drivers/STM32L4xx_HAL_Driver/Src/stm32l4xx_hal_rcc.c ****     RCC_OscInitStruct->LSIState = RCC_LSI_ON;
1611:Drivers/STM32L4xx_HAL_Driver/Src/stm32l4xx_hal_rcc.c ****   }
1612:Drivers/STM32L4xx_HAL_Driver/Src/stm32l4xx_hal_rcc.c ****   else
1613:Drivers/STM32L4xx_HAL_Driver/Src/stm32l4xx_hal_rcc.c ****   {
1614:Drivers/STM32L4xx_HAL_Driver/Src/stm32l4xx_hal_rcc.c ****     RCC_OscInitStruct->LSIState = RCC_LSI_OFF;
1615:Drivers/STM32L4xx_HAL_Driver/Src/stm32l4xx_hal_rcc.c ****   }
1616:Drivers/STM32L4xx_HAL_Driver/Src/stm32l4xx_hal_rcc.c **** #if defined(RCC_CSR_LSIPREDIV)
1617:Drivers/STM32L4xx_HAL_Driver/Src/stm32l4xx_hal_rcc.c **** 
1618:Drivers/STM32L4xx_HAL_Driver/Src/stm32l4xx_hal_rcc.c ****   /* Get the LSI configuration -----------------------------------------------*/
1619:Drivers/STM32L4xx_HAL_Driver/Src/stm32l4xx_hal_rcc.c ****   if((RCC->CSR & RCC_CSR_LSIPREDIV) == RCC_CSR_LSIPREDIV)
1620:Drivers/STM32L4xx_HAL_Driver/Src/stm32l4xx_hal_rcc.c ****   {
1621:Drivers/STM32L4xx_HAL_Driver/Src/stm32l4xx_hal_rcc.c ****     RCC_OscInitStruct->LSIDiv = RCC_LSI_DIV128;
1622:Drivers/STM32L4xx_HAL_Driver/Src/stm32l4xx_hal_rcc.c ****   }
1623:Drivers/STM32L4xx_HAL_Driver/Src/stm32l4xx_hal_rcc.c ****   else
1624:Drivers/STM32L4xx_HAL_Driver/Src/stm32l4xx_hal_rcc.c ****   {
1625:Drivers/STM32L4xx_HAL_Driver/Src/stm32l4xx_hal_rcc.c ****     RCC_OscInitStruct->LSIDiv = RCC_LSI_DIV1;
1626:Drivers/STM32L4xx_HAL_Driver/Src/stm32l4xx_hal_rcc.c ****   }
ARM GAS  /tmp/ccziZpZZ.s 			page 30


1627:Drivers/STM32L4xx_HAL_Driver/Src/stm32l4xx_hal_rcc.c **** #endif /* RCC_CSR_LSIPREDIV */
1628:Drivers/STM32L4xx_HAL_Driver/Src/stm32l4xx_hal_rcc.c **** 
1629:Drivers/STM32L4xx_HAL_Driver/Src/stm32l4xx_hal_rcc.c **** #if defined(RCC_HSI48_SUPPORT)
1630:Drivers/STM32L4xx_HAL_Driver/Src/stm32l4xx_hal_rcc.c ****   /* Get the HSI48 configuration ---------------------------------------------*/
1631:Drivers/STM32L4xx_HAL_Driver/Src/stm32l4xx_hal_rcc.c ****   if(READ_BIT(RCC->CRRCR, RCC_CRRCR_HSI48ON) == RCC_CRRCR_HSI48ON)
1632:Drivers/STM32L4xx_HAL_Driver/Src/stm32l4xx_hal_rcc.c ****   {
1633:Drivers/STM32L4xx_HAL_Driver/Src/stm32l4xx_hal_rcc.c ****     RCC_OscInitStruct->HSI48State = RCC_HSI48_ON;
1634:Drivers/STM32L4xx_HAL_Driver/Src/stm32l4xx_hal_rcc.c ****   }
1635:Drivers/STM32L4xx_HAL_Driver/Src/stm32l4xx_hal_rcc.c ****   else
1636:Drivers/STM32L4xx_HAL_Driver/Src/stm32l4xx_hal_rcc.c ****   {
1637:Drivers/STM32L4xx_HAL_Driver/Src/stm32l4xx_hal_rcc.c ****     RCC_OscInitStruct->HSI48State = RCC_HSI48_OFF;
1638:Drivers/STM32L4xx_HAL_Driver/Src/stm32l4xx_hal_rcc.c ****   }
1639:Drivers/STM32L4xx_HAL_Driver/Src/stm32l4xx_hal_rcc.c **** #else
1640:Drivers/STM32L4xx_HAL_Driver/Src/stm32l4xx_hal_rcc.c ****   RCC_OscInitStruct->HSI48State = RCC_HSI48_OFF;
1641:Drivers/STM32L4xx_HAL_Driver/Src/stm32l4xx_hal_rcc.c **** #endif /* RCC_HSI48_SUPPORT */
1642:Drivers/STM32L4xx_HAL_Driver/Src/stm32l4xx_hal_rcc.c **** 
1643:Drivers/STM32L4xx_HAL_Driver/Src/stm32l4xx_hal_rcc.c ****   /* Get the PLL configuration -----------------------------------------------*/
1644:Drivers/STM32L4xx_HAL_Driver/Src/stm32l4xx_hal_rcc.c ****   if(READ_BIT(RCC->CR, RCC_CR_PLLON) == RCC_CR_PLLON)
1645:Drivers/STM32L4xx_HAL_Driver/Src/stm32l4xx_hal_rcc.c ****   {
1646:Drivers/STM32L4xx_HAL_Driver/Src/stm32l4xx_hal_rcc.c ****     RCC_OscInitStruct->PLL.PLLState = RCC_PLL_ON;
1647:Drivers/STM32L4xx_HAL_Driver/Src/stm32l4xx_hal_rcc.c ****   }
1648:Drivers/STM32L4xx_HAL_Driver/Src/stm32l4xx_hal_rcc.c ****   else
1649:Drivers/STM32L4xx_HAL_Driver/Src/stm32l4xx_hal_rcc.c ****   {
1650:Drivers/STM32L4xx_HAL_Driver/Src/stm32l4xx_hal_rcc.c ****     RCC_OscInitStruct->PLL.PLLState = RCC_PLL_OFF;
1651:Drivers/STM32L4xx_HAL_Driver/Src/stm32l4xx_hal_rcc.c ****   }
1652:Drivers/STM32L4xx_HAL_Driver/Src/stm32l4xx_hal_rcc.c ****   RCC_OscInitStruct->PLL.PLLSource = READ_BIT(RCC->PLLCFGR, RCC_PLLCFGR_PLLSRC);
1653:Drivers/STM32L4xx_HAL_Driver/Src/stm32l4xx_hal_rcc.c ****   RCC_OscInitStruct->PLL.PLLM = (READ_BIT(RCC->PLLCFGR, RCC_PLLCFGR_PLLM) >> RCC_PLLCFGR_PLLM_Pos) 
1654:Drivers/STM32L4xx_HAL_Driver/Src/stm32l4xx_hal_rcc.c ****   RCC_OscInitStruct->PLL.PLLN = READ_BIT(RCC->PLLCFGR, RCC_PLLCFGR_PLLN) >> RCC_PLLCFGR_PLLN_Pos;
1655:Drivers/STM32L4xx_HAL_Driver/Src/stm32l4xx_hal_rcc.c ****   RCC_OscInitStruct->PLL.PLLQ = (((READ_BIT(RCC->PLLCFGR, RCC_PLLCFGR_PLLQ) >> RCC_PLLCFGR_PLLQ_Pos
1656:Drivers/STM32L4xx_HAL_Driver/Src/stm32l4xx_hal_rcc.c ****   RCC_OscInitStruct->PLL.PLLR = (((READ_BIT(RCC->PLLCFGR, RCC_PLLCFGR_PLLR) >> RCC_PLLCFGR_PLLR_Pos
1657:Drivers/STM32L4xx_HAL_Driver/Src/stm32l4xx_hal_rcc.c **** #if defined(RCC_PLLP_SUPPORT)
1658:Drivers/STM32L4xx_HAL_Driver/Src/stm32l4xx_hal_rcc.c **** #if defined(RCC_PLLP_DIV_2_31_SUPPORT)
1659:Drivers/STM32L4xx_HAL_Driver/Src/stm32l4xx_hal_rcc.c ****   RCC_OscInitStruct->PLL.PLLP = READ_BIT(RCC->PLLCFGR, RCC_PLLCFGR_PLLPDIV) >> RCC_PLLCFGR_PLLPDIV_
1660:Drivers/STM32L4xx_HAL_Driver/Src/stm32l4xx_hal_rcc.c **** #else
1661:Drivers/STM32L4xx_HAL_Driver/Src/stm32l4xx_hal_rcc.c ****   if(READ_BIT(RCC->PLLCFGR, RCC_PLLCFGR_PLLP) != 0U)
1662:Drivers/STM32L4xx_HAL_Driver/Src/stm32l4xx_hal_rcc.c ****   {
1663:Drivers/STM32L4xx_HAL_Driver/Src/stm32l4xx_hal_rcc.c ****     RCC_OscInitStruct->PLL.PLLP = RCC_PLLP_DIV17;
1664:Drivers/STM32L4xx_HAL_Driver/Src/stm32l4xx_hal_rcc.c ****   }
1665:Drivers/STM32L4xx_HAL_Driver/Src/stm32l4xx_hal_rcc.c ****   else
1666:Drivers/STM32L4xx_HAL_Driver/Src/stm32l4xx_hal_rcc.c ****   {
1667:Drivers/STM32L4xx_HAL_Driver/Src/stm32l4xx_hal_rcc.c ****     RCC_OscInitStruct->PLL.PLLP = RCC_PLLP_DIV7;
1668:Drivers/STM32L4xx_HAL_Driver/Src/stm32l4xx_hal_rcc.c ****   }
1669:Drivers/STM32L4xx_HAL_Driver/Src/stm32l4xx_hal_rcc.c **** #endif /* RCC_PLLP_DIV_2_31_SUPPORT */
1670:Drivers/STM32L4xx_HAL_Driver/Src/stm32l4xx_hal_rcc.c **** #endif /* RCC_PLLP_SUPPORT */
1671:Drivers/STM32L4xx_HAL_Driver/Src/stm32l4xx_hal_rcc.c **** }
1672:Drivers/STM32L4xx_HAL_Driver/Src/stm32l4xx_hal_rcc.c **** 
1673:Drivers/STM32L4xx_HAL_Driver/Src/stm32l4xx_hal_rcc.c **** /**
1674:Drivers/STM32L4xx_HAL_Driver/Src/stm32l4xx_hal_rcc.c ****   * @brief  Configure the RCC_ClkInitStruct according to the internal
1675:Drivers/STM32L4xx_HAL_Driver/Src/stm32l4xx_hal_rcc.c ****   *         RCC configuration registers.
1676:Drivers/STM32L4xx_HAL_Driver/Src/stm32l4xx_hal_rcc.c ****   * @param  RCC_ClkInitStruct  pointer to an RCC_ClkInitTypeDef structure that
1677:Drivers/STM32L4xx_HAL_Driver/Src/stm32l4xx_hal_rcc.c ****   *         will be configured.
1678:Drivers/STM32L4xx_HAL_Driver/Src/stm32l4xx_hal_rcc.c ****   * @param  pFLatency  Pointer on the Flash Latency.
1679:Drivers/STM32L4xx_HAL_Driver/Src/stm32l4xx_hal_rcc.c ****   * @retval None
1680:Drivers/STM32L4xx_HAL_Driver/Src/stm32l4xx_hal_rcc.c ****   */
1681:Drivers/STM32L4xx_HAL_Driver/Src/stm32l4xx_hal_rcc.c **** void HAL_RCC_GetClockConfig(RCC_ClkInitTypeDef  *RCC_ClkInitStruct, uint32_t *pFLatency)
1682:Drivers/STM32L4xx_HAL_Driver/Src/stm32l4xx_hal_rcc.c **** {
1683:Drivers/STM32L4xx_HAL_Driver/Src/stm32l4xx_hal_rcc.c ****   /* Check the parameters */
ARM GAS  /tmp/ccziZpZZ.s 			page 31


1684:Drivers/STM32L4xx_HAL_Driver/Src/stm32l4xx_hal_rcc.c ****   assert_param(RCC_ClkInitStruct != (void  *)NULL);
1685:Drivers/STM32L4xx_HAL_Driver/Src/stm32l4xx_hal_rcc.c ****   assert_param(pFLatency != (void *)NULL);
1686:Drivers/STM32L4xx_HAL_Driver/Src/stm32l4xx_hal_rcc.c **** 
1687:Drivers/STM32L4xx_HAL_Driver/Src/stm32l4xx_hal_rcc.c ****   /* Set all possible values for the Clock type parameter --------------------*/
1688:Drivers/STM32L4xx_HAL_Driver/Src/stm32l4xx_hal_rcc.c ****   RCC_ClkInitStruct->ClockType = RCC_CLOCKTYPE_SYSCLK | RCC_CLOCKTYPE_HCLK | RCC_CLOCKTYPE_PCLK1 | 
1689:Drivers/STM32L4xx_HAL_Driver/Src/stm32l4xx_hal_rcc.c **** 
1690:Drivers/STM32L4xx_HAL_Driver/Src/stm32l4xx_hal_rcc.c ****   /* Get the SYSCLK configuration --------------------------------------------*/
1691:Drivers/STM32L4xx_HAL_Driver/Src/stm32l4xx_hal_rcc.c ****   RCC_ClkInitStruct->SYSCLKSource = READ_BIT(RCC->CFGR, RCC_CFGR_SW);
1692:Drivers/STM32L4xx_HAL_Driver/Src/stm32l4xx_hal_rcc.c **** 
1693:Drivers/STM32L4xx_HAL_Driver/Src/stm32l4xx_hal_rcc.c ****   /* Get the HCLK configuration ----------------------------------------------*/
1694:Drivers/STM32L4xx_HAL_Driver/Src/stm32l4xx_hal_rcc.c ****   RCC_ClkInitStruct->AHBCLKDivider = READ_BIT(RCC->CFGR, RCC_CFGR_HPRE);
1695:Drivers/STM32L4xx_HAL_Driver/Src/stm32l4xx_hal_rcc.c **** 
1696:Drivers/STM32L4xx_HAL_Driver/Src/stm32l4xx_hal_rcc.c ****   /* Get the APB1 configuration ----------------------------------------------*/
1697:Drivers/STM32L4xx_HAL_Driver/Src/stm32l4xx_hal_rcc.c ****   RCC_ClkInitStruct->APB1CLKDivider = READ_BIT(RCC->CFGR, RCC_CFGR_PPRE1);
1698:Drivers/STM32L4xx_HAL_Driver/Src/stm32l4xx_hal_rcc.c **** 
1699:Drivers/STM32L4xx_HAL_Driver/Src/stm32l4xx_hal_rcc.c ****   /* Get the APB2 configuration ----------------------------------------------*/
1700:Drivers/STM32L4xx_HAL_Driver/Src/stm32l4xx_hal_rcc.c ****   RCC_ClkInitStruct->APB2CLKDivider = (READ_BIT(RCC->CFGR, RCC_CFGR_PPRE2) >> 3U);
1701:Drivers/STM32L4xx_HAL_Driver/Src/stm32l4xx_hal_rcc.c **** 
1702:Drivers/STM32L4xx_HAL_Driver/Src/stm32l4xx_hal_rcc.c ****   /* Get the Flash Wait State (Latency) configuration ------------------------*/
1703:Drivers/STM32L4xx_HAL_Driver/Src/stm32l4xx_hal_rcc.c ****   *pFLatency = __HAL_FLASH_GET_LATENCY();
1704:Drivers/STM32L4xx_HAL_Driver/Src/stm32l4xx_hal_rcc.c **** }
1705:Drivers/STM32L4xx_HAL_Driver/Src/stm32l4xx_hal_rcc.c **** 
1706:Drivers/STM32L4xx_HAL_Driver/Src/stm32l4xx_hal_rcc.c **** /**
1707:Drivers/STM32L4xx_HAL_Driver/Src/stm32l4xx_hal_rcc.c ****   * @brief  Enable the Clock Security System.
1708:Drivers/STM32L4xx_HAL_Driver/Src/stm32l4xx_hal_rcc.c ****   * @note   If a failure is detected on the HSE oscillator clock, this oscillator
1709:Drivers/STM32L4xx_HAL_Driver/Src/stm32l4xx_hal_rcc.c ****   *         is automatically disabled and an interrupt is generated to inform the
1710:Drivers/STM32L4xx_HAL_Driver/Src/stm32l4xx_hal_rcc.c ****   *         software about the failure (Clock Security System Interrupt, CSSI),
1711:Drivers/STM32L4xx_HAL_Driver/Src/stm32l4xx_hal_rcc.c ****   *         allowing the MCU to perform rescue operations. The CSSI is linked to
1712:Drivers/STM32L4xx_HAL_Driver/Src/stm32l4xx_hal_rcc.c ****   *         the Cortex-M4 NMI (Non-Maskable Interrupt) exception vector.
1713:Drivers/STM32L4xx_HAL_Driver/Src/stm32l4xx_hal_rcc.c ****   * @note   The Clock Security System can only be cleared by reset.
1714:Drivers/STM32L4xx_HAL_Driver/Src/stm32l4xx_hal_rcc.c ****   * @retval None
1715:Drivers/STM32L4xx_HAL_Driver/Src/stm32l4xx_hal_rcc.c ****   */
1716:Drivers/STM32L4xx_HAL_Driver/Src/stm32l4xx_hal_rcc.c **** void HAL_RCC_EnableCSS(void)
1717:Drivers/STM32L4xx_HAL_Driver/Src/stm32l4xx_hal_rcc.c **** {
1718:Drivers/STM32L4xx_HAL_Driver/Src/stm32l4xx_hal_rcc.c ****   SET_BIT(RCC->CR, RCC_CR_CSSON) ;
1719:Drivers/STM32L4xx_HAL_Driver/Src/stm32l4xx_hal_rcc.c **** }
1720:Drivers/STM32L4xx_HAL_Driver/Src/stm32l4xx_hal_rcc.c **** 
1721:Drivers/STM32L4xx_HAL_Driver/Src/stm32l4xx_hal_rcc.c **** /**
1722:Drivers/STM32L4xx_HAL_Driver/Src/stm32l4xx_hal_rcc.c ****   * @brief Handle the RCC Clock Security System interrupt request.
1723:Drivers/STM32L4xx_HAL_Driver/Src/stm32l4xx_hal_rcc.c ****   * @note This API should be called under the NMI_Handler().
1724:Drivers/STM32L4xx_HAL_Driver/Src/stm32l4xx_hal_rcc.c ****   * @retval None
1725:Drivers/STM32L4xx_HAL_Driver/Src/stm32l4xx_hal_rcc.c ****   */
1726:Drivers/STM32L4xx_HAL_Driver/Src/stm32l4xx_hal_rcc.c **** void HAL_RCC_NMI_IRQHandler(void)
1727:Drivers/STM32L4xx_HAL_Driver/Src/stm32l4xx_hal_rcc.c **** {
1728:Drivers/STM32L4xx_HAL_Driver/Src/stm32l4xx_hal_rcc.c ****   /* Check RCC CSSF interrupt flag  */
1729:Drivers/STM32L4xx_HAL_Driver/Src/stm32l4xx_hal_rcc.c ****   if(__HAL_RCC_GET_IT(RCC_IT_CSS))
1730:Drivers/STM32L4xx_HAL_Driver/Src/stm32l4xx_hal_rcc.c ****   {
1731:Drivers/STM32L4xx_HAL_Driver/Src/stm32l4xx_hal_rcc.c ****     /* RCC Clock Security System interrupt user callback */
1732:Drivers/STM32L4xx_HAL_Driver/Src/stm32l4xx_hal_rcc.c ****     HAL_RCC_CSSCallback();
1733:Drivers/STM32L4xx_HAL_Driver/Src/stm32l4xx_hal_rcc.c **** 
1734:Drivers/STM32L4xx_HAL_Driver/Src/stm32l4xx_hal_rcc.c ****     /* Clear RCC CSS pending bit */
1735:Drivers/STM32L4xx_HAL_Driver/Src/stm32l4xx_hal_rcc.c ****     __HAL_RCC_CLEAR_IT(RCC_IT_CSS);
1736:Drivers/STM32L4xx_HAL_Driver/Src/stm32l4xx_hal_rcc.c ****   }
1737:Drivers/STM32L4xx_HAL_Driver/Src/stm32l4xx_hal_rcc.c **** }
1738:Drivers/STM32L4xx_HAL_Driver/Src/stm32l4xx_hal_rcc.c **** 
1739:Drivers/STM32L4xx_HAL_Driver/Src/stm32l4xx_hal_rcc.c **** /**
1740:Drivers/STM32L4xx_HAL_Driver/Src/stm32l4xx_hal_rcc.c ****   * @brief  RCC Clock Security System interrupt callback.
ARM GAS  /tmp/ccziZpZZ.s 			page 32


1741:Drivers/STM32L4xx_HAL_Driver/Src/stm32l4xx_hal_rcc.c ****   * @retval none
1742:Drivers/STM32L4xx_HAL_Driver/Src/stm32l4xx_hal_rcc.c ****   */
1743:Drivers/STM32L4xx_HAL_Driver/Src/stm32l4xx_hal_rcc.c **** __weak void HAL_RCC_CSSCallback(void)
1744:Drivers/STM32L4xx_HAL_Driver/Src/stm32l4xx_hal_rcc.c **** {
1745:Drivers/STM32L4xx_HAL_Driver/Src/stm32l4xx_hal_rcc.c ****   /* NOTE : This function should not be modified, when the callback is needed,
1746:Drivers/STM32L4xx_HAL_Driver/Src/stm32l4xx_hal_rcc.c ****             the HAL_RCC_CSSCallback should be implemented in the user file
1747:Drivers/STM32L4xx_HAL_Driver/Src/stm32l4xx_hal_rcc.c ****    */
1748:Drivers/STM32L4xx_HAL_Driver/Src/stm32l4xx_hal_rcc.c **** }
1749:Drivers/STM32L4xx_HAL_Driver/Src/stm32l4xx_hal_rcc.c **** 
1750:Drivers/STM32L4xx_HAL_Driver/Src/stm32l4xx_hal_rcc.c **** /**
1751:Drivers/STM32L4xx_HAL_Driver/Src/stm32l4xx_hal_rcc.c ****   * @brief  Get and clear reset flags
1752:Drivers/STM32L4xx_HAL_Driver/Src/stm32l4xx_hal_rcc.c ****   * @param  None
1753:Drivers/STM32L4xx_HAL_Driver/Src/stm32l4xx_hal_rcc.c ****   * @note   Once reset flags are retrieved, this API is clearing them in order
1754:Drivers/STM32L4xx_HAL_Driver/Src/stm32l4xx_hal_rcc.c ****   *         to isolate next reset reason.
1755:Drivers/STM32L4xx_HAL_Driver/Src/stm32l4xx_hal_rcc.c ****   * @retval can be a combination of @ref RCC_Reset_Flag
1756:Drivers/STM32L4xx_HAL_Driver/Src/stm32l4xx_hal_rcc.c ****   */
1757:Drivers/STM32L4xx_HAL_Driver/Src/stm32l4xx_hal_rcc.c **** uint32_t HAL_RCC_GetResetSource(void)
1758:Drivers/STM32L4xx_HAL_Driver/Src/stm32l4xx_hal_rcc.c **** {
1759:Drivers/STM32L4xx_HAL_Driver/Src/stm32l4xx_hal_rcc.c ****   uint32_t reset;
1760:Drivers/STM32L4xx_HAL_Driver/Src/stm32l4xx_hal_rcc.c **** 
1761:Drivers/STM32L4xx_HAL_Driver/Src/stm32l4xx_hal_rcc.c ****   /* Get all reset flags */
1762:Drivers/STM32L4xx_HAL_Driver/Src/stm32l4xx_hal_rcc.c ****   reset = RCC->CSR & RCC_RESET_FLAG_ALL;
1763:Drivers/STM32L4xx_HAL_Driver/Src/stm32l4xx_hal_rcc.c **** 
1764:Drivers/STM32L4xx_HAL_Driver/Src/stm32l4xx_hal_rcc.c ****   /* Clear Reset flags */
1765:Drivers/STM32L4xx_HAL_Driver/Src/stm32l4xx_hal_rcc.c ****   RCC->CSR |= RCC_CSR_RMVF;
1766:Drivers/STM32L4xx_HAL_Driver/Src/stm32l4xx_hal_rcc.c **** 
1767:Drivers/STM32L4xx_HAL_Driver/Src/stm32l4xx_hal_rcc.c ****   return reset;
1768:Drivers/STM32L4xx_HAL_Driver/Src/stm32l4xx_hal_rcc.c **** }
1769:Drivers/STM32L4xx_HAL_Driver/Src/stm32l4xx_hal_rcc.c **** 
1770:Drivers/STM32L4xx_HAL_Driver/Src/stm32l4xx_hal_rcc.c **** /**  * @}
1771:Drivers/STM32L4xx_HAL_Driver/Src/stm32l4xx_hal_rcc.c ****   */
1772:Drivers/STM32L4xx_HAL_Driver/Src/stm32l4xx_hal_rcc.c **** 
1773:Drivers/STM32L4xx_HAL_Driver/Src/stm32l4xx_hal_rcc.c **** /**
1774:Drivers/STM32L4xx_HAL_Driver/Src/stm32l4xx_hal_rcc.c ****   * @}
1775:Drivers/STM32L4xx_HAL_Driver/Src/stm32l4xx_hal_rcc.c ****   */
1776:Drivers/STM32L4xx_HAL_Driver/Src/stm32l4xx_hal_rcc.c **** 
1777:Drivers/STM32L4xx_HAL_Driver/Src/stm32l4xx_hal_rcc.c **** /* Private function prototypes -----------------------------------------------*/
1778:Drivers/STM32L4xx_HAL_Driver/Src/stm32l4xx_hal_rcc.c **** /** @addtogroup RCC_Private_Functions
1779:Drivers/STM32L4xx_HAL_Driver/Src/stm32l4xx_hal_rcc.c ****   * @{
1780:Drivers/STM32L4xx_HAL_Driver/Src/stm32l4xx_hal_rcc.c ****   */
1781:Drivers/STM32L4xx_HAL_Driver/Src/stm32l4xx_hal_rcc.c **** /**
1782:Drivers/STM32L4xx_HAL_Driver/Src/stm32l4xx_hal_rcc.c ****   * @brief  Update number of Flash wait states in line with MSI range and current
1783:Drivers/STM32L4xx_HAL_Driver/Src/stm32l4xx_hal_rcc.c ****             voltage range.
1784:Drivers/STM32L4xx_HAL_Driver/Src/stm32l4xx_hal_rcc.c ****   * @param  msirange  MSI range value from RCC_MSIRANGE_0 to RCC_MSIRANGE_11
1785:Drivers/STM32L4xx_HAL_Driver/Src/stm32l4xx_hal_rcc.c ****   * @retval HAL status
1786:Drivers/STM32L4xx_HAL_Driver/Src/stm32l4xx_hal_rcc.c ****   */
1787:Drivers/STM32L4xx_HAL_Driver/Src/stm32l4xx_hal_rcc.c **** static HAL_StatusTypeDef RCC_SetFlashLatencyFromMSIRange(uint32_t msirange)
1788:Drivers/STM32L4xx_HAL_Driver/Src/stm32l4xx_hal_rcc.c **** {
  29              		.loc 1 1788 1 view -0
  30              		.cfi_startproc
  31              		@ args = 0, pretend = 0, frame = 8
  32              		@ frame_needed = 0, uses_anonymous_args = 0
  33              		.loc 1 1788 1 is_stmt 0 view .LVU1
  34 0000 30B5     		push	{r4, r5, lr}
  35              	.LCFI0:
  36              		.cfi_def_cfa_offset 12
  37              		.cfi_offset 4, -12
ARM GAS  /tmp/ccziZpZZ.s 			page 33


  38              		.cfi_offset 5, -8
  39              		.cfi_offset 14, -4
  40 0002 83B0     		sub	sp, sp, #12
  41              	.LCFI1:
  42              		.cfi_def_cfa_offset 24
  43 0004 0446     		mov	r4, r0
1789:Drivers/STM32L4xx_HAL_Driver/Src/stm32l4xx_hal_rcc.c ****   uint32_t vos;
  44              		.loc 1 1789 3 is_stmt 1 view .LVU2
1790:Drivers/STM32L4xx_HAL_Driver/Src/stm32l4xx_hal_rcc.c ****   uint32_t latency = FLASH_LATENCY_0;  /* default value 0WS */
  45              		.loc 1 1790 3 view .LVU3
  46              	.LVL1:
1791:Drivers/STM32L4xx_HAL_Driver/Src/stm32l4xx_hal_rcc.c **** 
1792:Drivers/STM32L4xx_HAL_Driver/Src/stm32l4xx_hal_rcc.c ****   if(__HAL_RCC_PWR_IS_CLK_ENABLED())
  47              		.loc 1 1792 3 view .LVU4
  48              		.loc 1 1792 6 is_stmt 0 view .LVU5
  49 0006 204B     		ldr	r3, .L15
  50 0008 9B6D     		ldr	r3, [r3, #88]
  51              		.loc 1 1792 5 view .LVU6
  52 000a 13F0805F 		tst	r3, #268435456
  53 000e 0BD0     		beq	.L2
1793:Drivers/STM32L4xx_HAL_Driver/Src/stm32l4xx_hal_rcc.c ****   {
1794:Drivers/STM32L4xx_HAL_Driver/Src/stm32l4xx_hal_rcc.c ****     vos = HAL_PWREx_GetVoltageRange();
  54              		.loc 1 1794 5 is_stmt 1 view .LVU7
  55              		.loc 1 1794 11 is_stmt 0 view .LVU8
  56 0010 FFF7FEFF 		bl	HAL_PWREx_GetVoltageRange
  57              	.LVL2:
  58              	.L3:
1795:Drivers/STM32L4xx_HAL_Driver/Src/stm32l4xx_hal_rcc.c ****   }
1796:Drivers/STM32L4xx_HAL_Driver/Src/stm32l4xx_hal_rcc.c ****   else
1797:Drivers/STM32L4xx_HAL_Driver/Src/stm32l4xx_hal_rcc.c ****   {
1798:Drivers/STM32L4xx_HAL_Driver/Src/stm32l4xx_hal_rcc.c ****     __HAL_RCC_PWR_CLK_ENABLE();
1799:Drivers/STM32L4xx_HAL_Driver/Src/stm32l4xx_hal_rcc.c ****     vos = HAL_PWREx_GetVoltageRange();
1800:Drivers/STM32L4xx_HAL_Driver/Src/stm32l4xx_hal_rcc.c ****     __HAL_RCC_PWR_CLK_DISABLE();
1801:Drivers/STM32L4xx_HAL_Driver/Src/stm32l4xx_hal_rcc.c ****   }
1802:Drivers/STM32L4xx_HAL_Driver/Src/stm32l4xx_hal_rcc.c **** 
1803:Drivers/STM32L4xx_HAL_Driver/Src/stm32l4xx_hal_rcc.c ****   if(vos == PWR_REGULATOR_VOLTAGE_SCALE1)
  59              		.loc 1 1803 3 is_stmt 1 view .LVU9
  60              		.loc 1 1803 5 is_stmt 0 view .LVU10
  61 0014 B0F5007F 		cmp	r0, #512
  62 0018 17D0     		beq	.L14
1804:Drivers/STM32L4xx_HAL_Driver/Src/stm32l4xx_hal_rcc.c ****   {
1805:Drivers/STM32L4xx_HAL_Driver/Src/stm32l4xx_hal_rcc.c ****     if(msirange > RCC_MSIRANGE_8)
1806:Drivers/STM32L4xx_HAL_Driver/Src/stm32l4xx_hal_rcc.c ****     {
1807:Drivers/STM32L4xx_HAL_Driver/Src/stm32l4xx_hal_rcc.c ****       /* MSI > 16Mhz */
1808:Drivers/STM32L4xx_HAL_Driver/Src/stm32l4xx_hal_rcc.c ****       if(msirange > RCC_MSIRANGE_10)
1809:Drivers/STM32L4xx_HAL_Driver/Src/stm32l4xx_hal_rcc.c ****       {
1810:Drivers/STM32L4xx_HAL_Driver/Src/stm32l4xx_hal_rcc.c ****         /* MSI 48Mhz */
1811:Drivers/STM32L4xx_HAL_Driver/Src/stm32l4xx_hal_rcc.c ****         latency = FLASH_LATENCY_2; /* 2WS */
1812:Drivers/STM32L4xx_HAL_Driver/Src/stm32l4xx_hal_rcc.c ****       }
1813:Drivers/STM32L4xx_HAL_Driver/Src/stm32l4xx_hal_rcc.c ****       else
1814:Drivers/STM32L4xx_HAL_Driver/Src/stm32l4xx_hal_rcc.c ****       {
1815:Drivers/STM32L4xx_HAL_Driver/Src/stm32l4xx_hal_rcc.c ****         /* MSI 24Mhz or 32Mhz */
1816:Drivers/STM32L4xx_HAL_Driver/Src/stm32l4xx_hal_rcc.c ****         latency = FLASH_LATENCY_1; /* 1WS */
1817:Drivers/STM32L4xx_HAL_Driver/Src/stm32l4xx_hal_rcc.c ****       }
1818:Drivers/STM32L4xx_HAL_Driver/Src/stm32l4xx_hal_rcc.c ****     }
1819:Drivers/STM32L4xx_HAL_Driver/Src/stm32l4xx_hal_rcc.c ****     /* else MSI <= 16Mhz default FLASH_LATENCY_0 0WS */
1820:Drivers/STM32L4xx_HAL_Driver/Src/stm32l4xx_hal_rcc.c ****   }
ARM GAS  /tmp/ccziZpZZ.s 			page 34


1821:Drivers/STM32L4xx_HAL_Driver/Src/stm32l4xx_hal_rcc.c ****   else
1822:Drivers/STM32L4xx_HAL_Driver/Src/stm32l4xx_hal_rcc.c ****   {
1823:Drivers/STM32L4xx_HAL_Driver/Src/stm32l4xx_hal_rcc.c **** #if defined(STM32L4P5xx) || defined(STM32L4Q5xx) || \
1824:Drivers/STM32L4xx_HAL_Driver/Src/stm32l4xx_hal_rcc.c ****     defined(STM32L4R5xx) || defined(STM32L4R7xx) || defined(STM32L4R9xx) || defined(STM32L4S5xx) ||
1825:Drivers/STM32L4xx_HAL_Driver/Src/stm32l4xx_hal_rcc.c ****     if(msirange >= RCC_MSIRANGE_8)
1826:Drivers/STM32L4xx_HAL_Driver/Src/stm32l4xx_hal_rcc.c ****     {
1827:Drivers/STM32L4xx_HAL_Driver/Src/stm32l4xx_hal_rcc.c ****       /* MSI >= 16Mhz */
1828:Drivers/STM32L4xx_HAL_Driver/Src/stm32l4xx_hal_rcc.c ****       latency = FLASH_LATENCY_2; /* 2WS */
1829:Drivers/STM32L4xx_HAL_Driver/Src/stm32l4xx_hal_rcc.c ****     }
1830:Drivers/STM32L4xx_HAL_Driver/Src/stm32l4xx_hal_rcc.c ****     else
1831:Drivers/STM32L4xx_HAL_Driver/Src/stm32l4xx_hal_rcc.c ****     {
1832:Drivers/STM32L4xx_HAL_Driver/Src/stm32l4xx_hal_rcc.c ****       if(msirange == RCC_MSIRANGE_7)
1833:Drivers/STM32L4xx_HAL_Driver/Src/stm32l4xx_hal_rcc.c ****       {
1834:Drivers/STM32L4xx_HAL_Driver/Src/stm32l4xx_hal_rcc.c ****         /* MSI 8Mhz */
1835:Drivers/STM32L4xx_HAL_Driver/Src/stm32l4xx_hal_rcc.c ****         latency = FLASH_LATENCY_1; /* 1WS */
1836:Drivers/STM32L4xx_HAL_Driver/Src/stm32l4xx_hal_rcc.c ****       }
1837:Drivers/STM32L4xx_HAL_Driver/Src/stm32l4xx_hal_rcc.c ****       /* else MSI < 8Mhz default FLASH_LATENCY_0 0WS */
1838:Drivers/STM32L4xx_HAL_Driver/Src/stm32l4xx_hal_rcc.c ****     }
1839:Drivers/STM32L4xx_HAL_Driver/Src/stm32l4xx_hal_rcc.c **** #else
1840:Drivers/STM32L4xx_HAL_Driver/Src/stm32l4xx_hal_rcc.c ****     if(msirange > RCC_MSIRANGE_8)
  63              		.loc 1 1840 5 is_stmt 1 view .LVU11
  64              		.loc 1 1840 7 is_stmt 0 view .LVU12
  65 001a 802C     		cmp	r4, #128
  66 001c 1FD8     		bhi	.L9
1841:Drivers/STM32L4xx_HAL_Driver/Src/stm32l4xx_hal_rcc.c ****     {
1842:Drivers/STM32L4xx_HAL_Driver/Src/stm32l4xx_hal_rcc.c ****       /* MSI > 16Mhz */
1843:Drivers/STM32L4xx_HAL_Driver/Src/stm32l4xx_hal_rcc.c ****       latency = FLASH_LATENCY_3; /* 3WS */
1844:Drivers/STM32L4xx_HAL_Driver/Src/stm32l4xx_hal_rcc.c ****     }
1845:Drivers/STM32L4xx_HAL_Driver/Src/stm32l4xx_hal_rcc.c ****     else
1846:Drivers/STM32L4xx_HAL_Driver/Src/stm32l4xx_hal_rcc.c ****     {
1847:Drivers/STM32L4xx_HAL_Driver/Src/stm32l4xx_hal_rcc.c ****       if(msirange == RCC_MSIRANGE_8)
  67              		.loc 1 1847 7 is_stmt 1 view .LVU13
  68              		.loc 1 1847 9 is_stmt 0 view .LVU14
  69 001e 2DD0     		beq	.L10
1848:Drivers/STM32L4xx_HAL_Driver/Src/stm32l4xx_hal_rcc.c ****       {
1849:Drivers/STM32L4xx_HAL_Driver/Src/stm32l4xx_hal_rcc.c ****         /* MSI 16Mhz */
1850:Drivers/STM32L4xx_HAL_Driver/Src/stm32l4xx_hal_rcc.c ****         latency = FLASH_LATENCY_2; /* 2WS */
1851:Drivers/STM32L4xx_HAL_Driver/Src/stm32l4xx_hal_rcc.c ****       }
1852:Drivers/STM32L4xx_HAL_Driver/Src/stm32l4xx_hal_rcc.c ****       else if(msirange == RCC_MSIRANGE_7)
  70              		.loc 1 1852 12 is_stmt 1 view .LVU15
  71              		.loc 1 1852 14 is_stmt 0 view .LVU16
  72 0020 702C     		cmp	r4, #112
  73 0022 2DD0     		beq	.L11
1790:Drivers/STM32L4xx_HAL_Driver/Src/stm32l4xx_hal_rcc.c **** 
  74              		.loc 1 1790 12 view .LVU17
  75 0024 0021     		movs	r1, #0
  76 0026 1BE0     		b	.L5
  77              	.LVL3:
  78              	.L2:
1798:Drivers/STM32L4xx_HAL_Driver/Src/stm32l4xx_hal_rcc.c ****     vos = HAL_PWREx_GetVoltageRange();
  79              		.loc 1 1798 5 is_stmt 1 view .LVU18
  80              	.LBB2:
1798:Drivers/STM32L4xx_HAL_Driver/Src/stm32l4xx_hal_rcc.c ****     vos = HAL_PWREx_GetVoltageRange();
  81              		.loc 1 1798 5 view .LVU19
1798:Drivers/STM32L4xx_HAL_Driver/Src/stm32l4xx_hal_rcc.c ****     vos = HAL_PWREx_GetVoltageRange();
  82              		.loc 1 1798 5 view .LVU20
  83 0028 174D     		ldr	r5, .L15
ARM GAS  /tmp/ccziZpZZ.s 			page 35


  84 002a AB6D     		ldr	r3, [r5, #88]
  85 002c 43F08053 		orr	r3, r3, #268435456
  86 0030 AB65     		str	r3, [r5, #88]
1798:Drivers/STM32L4xx_HAL_Driver/Src/stm32l4xx_hal_rcc.c ****     vos = HAL_PWREx_GetVoltageRange();
  87              		.loc 1 1798 5 view .LVU21
  88 0032 AB6D     		ldr	r3, [r5, #88]
  89 0034 03F08053 		and	r3, r3, #268435456
  90 0038 0193     		str	r3, [sp, #4]
1798:Drivers/STM32L4xx_HAL_Driver/Src/stm32l4xx_hal_rcc.c ****     vos = HAL_PWREx_GetVoltageRange();
  91              		.loc 1 1798 5 view .LVU22
  92 003a 019B     		ldr	r3, [sp, #4]
  93              	.LBE2:
1798:Drivers/STM32L4xx_HAL_Driver/Src/stm32l4xx_hal_rcc.c ****     vos = HAL_PWREx_GetVoltageRange();
  94              		.loc 1 1798 5 view .LVU23
1799:Drivers/STM32L4xx_HAL_Driver/Src/stm32l4xx_hal_rcc.c ****     __HAL_RCC_PWR_CLK_DISABLE();
  95              		.loc 1 1799 5 view .LVU24
1799:Drivers/STM32L4xx_HAL_Driver/Src/stm32l4xx_hal_rcc.c ****     __HAL_RCC_PWR_CLK_DISABLE();
  96              		.loc 1 1799 11 is_stmt 0 view .LVU25
  97 003c FFF7FEFF 		bl	HAL_PWREx_GetVoltageRange
  98              	.LVL4:
1800:Drivers/STM32L4xx_HAL_Driver/Src/stm32l4xx_hal_rcc.c ****   }
  99              		.loc 1 1800 5 is_stmt 1 view .LVU26
 100 0040 AB6D     		ldr	r3, [r5, #88]
 101 0042 23F08053 		bic	r3, r3, #268435456
 102 0046 AB65     		str	r3, [r5, #88]
 103 0048 E4E7     		b	.L3
 104              	.L14:
1805:Drivers/STM32L4xx_HAL_Driver/Src/stm32l4xx_hal_rcc.c ****     {
 105              		.loc 1 1805 5 view .LVU27
1805:Drivers/STM32L4xx_HAL_Driver/Src/stm32l4xx_hal_rcc.c ****     {
 106              		.loc 1 1805 7 is_stmt 0 view .LVU28
 107 004a 802C     		cmp	r4, #128
 108 004c 03D9     		bls	.L7
1808:Drivers/STM32L4xx_HAL_Driver/Src/stm32l4xx_hal_rcc.c ****       {
 109              		.loc 1 1808 7 is_stmt 1 view .LVU29
1808:Drivers/STM32L4xx_HAL_Driver/Src/stm32l4xx_hal_rcc.c ****       {
 110              		.loc 1 1808 9 is_stmt 0 view .LVU30
 111 004e A02C     		cmp	r4, #160
 112 0050 03D9     		bls	.L8
1811:Drivers/STM32L4xx_HAL_Driver/Src/stm32l4xx_hal_rcc.c ****       }
 113              		.loc 1 1811 17 view .LVU31
 114 0052 0221     		movs	r1, #2
 115 0054 04E0     		b	.L5
 116              	.L7:
1790:Drivers/STM32L4xx_HAL_Driver/Src/stm32l4xx_hal_rcc.c **** 
 117              		.loc 1 1790 12 view .LVU32
 118 0056 0021     		movs	r1, #0
 119 0058 02E0     		b	.L5
 120              	.L8:
1816:Drivers/STM32L4xx_HAL_Driver/Src/stm32l4xx_hal_rcc.c ****       }
 121              		.loc 1 1816 17 view .LVU33
 122 005a 0121     		movs	r1, #1
 123 005c 00E0     		b	.L5
 124              	.L9:
1843:Drivers/STM32L4xx_HAL_Driver/Src/stm32l4xx_hal_rcc.c ****     }
 125              		.loc 1 1843 15 view .LVU34
 126 005e 0321     		movs	r1, #3
ARM GAS  /tmp/ccziZpZZ.s 			page 36


 127              	.L5:
 128              	.LVL5:
1853:Drivers/STM32L4xx_HAL_Driver/Src/stm32l4xx_hal_rcc.c ****       {
1854:Drivers/STM32L4xx_HAL_Driver/Src/stm32l4xx_hal_rcc.c ****         /* MSI 8Mhz */
1855:Drivers/STM32L4xx_HAL_Driver/Src/stm32l4xx_hal_rcc.c ****         latency = FLASH_LATENCY_1; /* 1WS */
1856:Drivers/STM32L4xx_HAL_Driver/Src/stm32l4xx_hal_rcc.c ****       }
1857:Drivers/STM32L4xx_HAL_Driver/Src/stm32l4xx_hal_rcc.c ****       else
1858:Drivers/STM32L4xx_HAL_Driver/Src/stm32l4xx_hal_rcc.c ****       {
1859:Drivers/STM32L4xx_HAL_Driver/Src/stm32l4xx_hal_rcc.c ****         /* else MSI < 8Mhz default FLASH_LATENCY_0 0WS */
1860:Drivers/STM32L4xx_HAL_Driver/Src/stm32l4xx_hal_rcc.c ****         /* nothing to do */
1861:Drivers/STM32L4xx_HAL_Driver/Src/stm32l4xx_hal_rcc.c ****       }
 129              		.loc 1 1861 7 is_stmt 1 view .LVU35
1862:Drivers/STM32L4xx_HAL_Driver/Src/stm32l4xx_hal_rcc.c ****     }
1863:Drivers/STM32L4xx_HAL_Driver/Src/stm32l4xx_hal_rcc.c **** #endif
1864:Drivers/STM32L4xx_HAL_Driver/Src/stm32l4xx_hal_rcc.c ****   }
1865:Drivers/STM32L4xx_HAL_Driver/Src/stm32l4xx_hal_rcc.c **** 
1866:Drivers/STM32L4xx_HAL_Driver/Src/stm32l4xx_hal_rcc.c ****   __HAL_FLASH_SET_LATENCY(latency);
 130              		.loc 1 1866 3 view .LVU36
 131 0060 0A4A     		ldr	r2, .L15+4
 132 0062 1368     		ldr	r3, [r2]
 133 0064 23F00703 		bic	r3, r3, #7
 134 0068 0B43     		orrs	r3, r3, r1
 135 006a 1360     		str	r3, [r2]
1867:Drivers/STM32L4xx_HAL_Driver/Src/stm32l4xx_hal_rcc.c **** 
1868:Drivers/STM32L4xx_HAL_Driver/Src/stm32l4xx_hal_rcc.c ****   /* Check that the new number of wait states is taken into account to access the Flash
1869:Drivers/STM32L4xx_HAL_Driver/Src/stm32l4xx_hal_rcc.c ****      memory by reading the FLASH_ACR register */
1870:Drivers/STM32L4xx_HAL_Driver/Src/stm32l4xx_hal_rcc.c ****   if(__HAL_FLASH_GET_LATENCY() != latency)
 136              		.loc 1 1870 3 view .LVU37
 137              		.loc 1 1870 6 is_stmt 0 view .LVU38
 138 006c 1368     		ldr	r3, [r2]
 139 006e 03F00703 		and	r3, r3, #7
 140              		.loc 1 1870 5 view .LVU39
 141 0072 8B42     		cmp	r3, r1
 142 0074 06D1     		bne	.L12
1871:Drivers/STM32L4xx_HAL_Driver/Src/stm32l4xx_hal_rcc.c ****   {
1872:Drivers/STM32L4xx_HAL_Driver/Src/stm32l4xx_hal_rcc.c ****     return HAL_ERROR;
1873:Drivers/STM32L4xx_HAL_Driver/Src/stm32l4xx_hal_rcc.c ****   }
1874:Drivers/STM32L4xx_HAL_Driver/Src/stm32l4xx_hal_rcc.c **** 
1875:Drivers/STM32L4xx_HAL_Driver/Src/stm32l4xx_hal_rcc.c ****   return HAL_OK;
 143              		.loc 1 1875 10 view .LVU40
 144 0076 0020     		movs	r0, #0
 145              	.LVL6:
 146              	.L6:
1876:Drivers/STM32L4xx_HAL_Driver/Src/stm32l4xx_hal_rcc.c **** }
 147              		.loc 1 1876 1 view .LVU41
 148 0078 03B0     		add	sp, sp, #12
 149              	.LCFI2:
 150              		.cfi_remember_state
 151              		.cfi_def_cfa_offset 12
 152              		@ sp needed
 153 007a 30BD     		pop	{r4, r5, pc}
 154              	.LVL7:
 155              	.L10:
 156              	.LCFI3:
 157              		.cfi_restore_state
1850:Drivers/STM32L4xx_HAL_Driver/Src/stm32l4xx_hal_rcc.c ****       }
 158              		.loc 1 1850 17 view .LVU42
ARM GAS  /tmp/ccziZpZZ.s 			page 37


 159 007c 0221     		movs	r1, #2
 160 007e EFE7     		b	.L5
 161              	.L11:
1855:Drivers/STM32L4xx_HAL_Driver/Src/stm32l4xx_hal_rcc.c ****       }
 162              		.loc 1 1855 17 view .LVU43
 163 0080 0121     		movs	r1, #1
 164 0082 EDE7     		b	.L5
 165              	.LVL8:
 166              	.L12:
1872:Drivers/STM32L4xx_HAL_Driver/Src/stm32l4xx_hal_rcc.c ****   }
 167              		.loc 1 1872 12 view .LVU44
 168 0084 0120     		movs	r0, #1
 169              	.LVL9:
1872:Drivers/STM32L4xx_HAL_Driver/Src/stm32l4xx_hal_rcc.c ****   }
 170              		.loc 1 1872 12 view .LVU45
 171 0086 F7E7     		b	.L6
 172              	.L16:
 173              		.align	2
 174              	.L15:
 175 0088 00100240 		.word	1073876992
 176 008c 00200240 		.word	1073881088
 177              		.cfi_endproc
 178              	.LFE146:
 180              		.section	.text.HAL_RCC_DeInit,"ax",%progbits
 181              		.align	1
 182              		.global	HAL_RCC_DeInit
 183              		.syntax unified
 184              		.thumb
 185              		.thumb_func
 187              	HAL_RCC_DeInit:
 188              	.LFB132:
 266:Drivers/STM32L4xx_HAL_Driver/Src/stm32l4xx_hal_rcc.c ****   uint32_t tickstart;
 189              		.loc 1 266 1 is_stmt 1 view -0
 190              		.cfi_startproc
 191              		@ args = 0, pretend = 0, frame = 0
 192              		@ frame_needed = 0, uses_anonymous_args = 0
 193 0000 38B5     		push	{r3, r4, r5, lr}
 194              	.LCFI4:
 195              		.cfi_def_cfa_offset 16
 196              		.cfi_offset 3, -16
 197              		.cfi_offset 4, -12
 198              		.cfi_offset 5, -8
 199              		.cfi_offset 14, -4
 267:Drivers/STM32L4xx_HAL_Driver/Src/stm32l4xx_hal_rcc.c **** 
 200              		.loc 1 267 3 view .LVU47
 271:Drivers/STM32L4xx_HAL_Driver/Src/stm32l4xx_hal_rcc.c **** 
 201              		.loc 1 271 3 view .LVU48
 202 0002 374A     		ldr	r2, .L34
 203 0004 1368     		ldr	r3, [r2]
 204 0006 43F00103 		orr	r3, r3, #1
 205 000a 1360     		str	r3, [r2]
 275:Drivers/STM32L4xx_HAL_Driver/Src/stm32l4xx_hal_rcc.c **** 
 206              		.loc 1 275 3 view .LVU49
 275:Drivers/STM32L4xx_HAL_Driver/Src/stm32l4xx_hal_rcc.c **** 
 207              		.loc 1 275 15 is_stmt 0 view .LVU50
 208 000c FFF7FEFF 		bl	HAL_GetTick
 209              	.LVL10:
ARM GAS  /tmp/ccziZpZZ.s 			page 38


 210 0010 0446     		mov	r4, r0
 211              	.LVL11:
 278:Drivers/STM32L4xx_HAL_Driver/Src/stm32l4xx_hal_rcc.c ****   {
 212              		.loc 1 278 3 is_stmt 1 view .LVU51
 213              	.L18:
 278:Drivers/STM32L4xx_HAL_Driver/Src/stm32l4xx_hal_rcc.c ****   {
 214              		.loc 1 278 42 view .LVU52
 278:Drivers/STM32L4xx_HAL_Driver/Src/stm32l4xx_hal_rcc.c ****   {
 215              		.loc 1 278 9 is_stmt 0 view .LVU53
 216 0012 334B     		ldr	r3, .L34
 217 0014 1B68     		ldr	r3, [r3]
 278:Drivers/STM32L4xx_HAL_Driver/Src/stm32l4xx_hal_rcc.c ****   {
 218              		.loc 1 278 42 view .LVU54
 219 0016 13F0020F 		tst	r3, #2
 220 001a 07D1     		bne	.L30
 280:Drivers/STM32L4xx_HAL_Driver/Src/stm32l4xx_hal_rcc.c ****     {
 221              		.loc 1 280 5 is_stmt 1 view .LVU55
 280:Drivers/STM32L4xx_HAL_Driver/Src/stm32l4xx_hal_rcc.c ****     {
 222              		.loc 1 280 9 is_stmt 0 view .LVU56
 223 001c FFF7FEFF 		bl	HAL_GetTick
 224              	.LVL12:
 280:Drivers/STM32L4xx_HAL_Driver/Src/stm32l4xx_hal_rcc.c ****     {
 225              		.loc 1 280 23 discriminator 1 view .LVU57
 226 0020 001B     		subs	r0, r0, r4
 280:Drivers/STM32L4xx_HAL_Driver/Src/stm32l4xx_hal_rcc.c ****     {
 227              		.loc 1 280 7 discriminator 1 view .LVU58
 228 0022 0228     		cmp	r0, #2
 229 0024 F5D9     		bls	.L18
 282:Drivers/STM32L4xx_HAL_Driver/Src/stm32l4xx_hal_rcc.c ****     }
 230              		.loc 1 282 14 view .LVU59
 231 0026 0324     		movs	r4, #3
 232              	.LVL13:
 233              	.L19:
 386:Drivers/STM32L4xx_HAL_Driver/Src/stm32l4xx_hal_rcc.c **** 
 234              		.loc 1 386 1 view .LVU60
 235 0028 2046     		mov	r0, r4
 236 002a 38BD     		pop	{r3, r4, r5, pc}
 237              	.LVL14:
 238              	.L30:
 287:Drivers/STM32L4xx_HAL_Driver/Src/stm32l4xx_hal_rcc.c **** 
 239              		.loc 1 287 3 is_stmt 1 view .LVU61
 240 002c 2C4A     		ldr	r2, .L34
 241 002e 1368     		ldr	r3, [r2]
 242 0030 23F0F003 		bic	r3, r3, #240
 243 0034 43F06003 		orr	r3, r3, #96
 244 0038 1360     		str	r3, [r2]
 290:Drivers/STM32L4xx_HAL_Driver/Src/stm32l4xx_hal_rcc.c **** 
 245              		.loc 1 290 3 view .LVU62
 246 003a 0023     		movs	r3, #0
 247 003c 9360     		str	r3, [r2, #8]
 293:Drivers/STM32L4xx_HAL_Driver/Src/stm32l4xx_hal_rcc.c **** 
 248              		.loc 1 293 3 view .LVU63
 293:Drivers/STM32L4xx_HAL_Driver/Src/stm32l4xx_hal_rcc.c **** 
 249              		.loc 1 293 19 is_stmt 0 view .LVU64
 250 003e 294B     		ldr	r3, .L34+4
 251 0040 294A     		ldr	r2, .L34+8
 252 0042 1A60     		str	r2, [r3]
ARM GAS  /tmp/ccziZpZZ.s 			page 39


 296:Drivers/STM32L4xx_HAL_Driver/Src/stm32l4xx_hal_rcc.c ****   {
 253              		.loc 1 296 3 is_stmt 1 view .LVU65
 296:Drivers/STM32L4xx_HAL_Driver/Src/stm32l4xx_hal_rcc.c ****   {
 254              		.loc 1 296 6 is_stmt 0 view .LVU66
 255 0044 294B     		ldr	r3, .L34+12
 256 0046 1868     		ldr	r0, [r3]
 257 0048 FFF7FEFF 		bl	HAL_InitTick
 258              	.LVL15:
 296:Drivers/STM32L4xx_HAL_Driver/Src/stm32l4xx_hal_rcc.c ****   {
 259              		.loc 1 296 5 discriminator 1 view .LVU67
 260 004c 0446     		mov	r4, r0
 261              	.LVL16:
 296:Drivers/STM32L4xx_HAL_Driver/Src/stm32l4xx_hal_rcc.c ****   {
 262              		.loc 1 296 5 discriminator 1 view .LVU68
 263 004e 08B1     		cbz	r0, .L31
 298:Drivers/STM32L4xx_HAL_Driver/Src/stm32l4xx_hal_rcc.c ****   }
 264              		.loc 1 298 12 view .LVU69
 265 0050 0124     		movs	r4, #1
 266 0052 E9E7     		b	.L19
 267              	.L31:
 303:Drivers/STM32L4xx_HAL_Driver/Src/stm32l4xx_hal_rcc.c **** 
 268              		.loc 1 303 3 is_stmt 1 view .LVU70
 303:Drivers/STM32L4xx_HAL_Driver/Src/stm32l4xx_hal_rcc.c **** 
 269              		.loc 1 303 15 is_stmt 0 view .LVU71
 270 0054 FFF7FEFF 		bl	HAL_GetTick
 271              	.LVL17:
 272 0058 0546     		mov	r5, r0
 273              	.LVL18:
 306:Drivers/STM32L4xx_HAL_Driver/Src/stm32l4xx_hal_rcc.c ****   {
 274              		.loc 1 306 3 is_stmt 1 view .LVU72
 275              	.L21:
 306:Drivers/STM32L4xx_HAL_Driver/Src/stm32l4xx_hal_rcc.c ****   {
 276              		.loc 1 306 43 view .LVU73
 306:Drivers/STM32L4xx_HAL_Driver/Src/stm32l4xx_hal_rcc.c ****   {
 277              		.loc 1 306 9 is_stmt 0 view .LVU74
 278 005a 214B     		ldr	r3, .L34
 279 005c 9B68     		ldr	r3, [r3, #8]
 306:Drivers/STM32L4xx_HAL_Driver/Src/stm32l4xx_hal_rcc.c ****   {
 280              		.loc 1 306 43 view .LVU75
 281 005e 13F00C0F 		tst	r3, #12
 282 0062 08D0     		beq	.L32
 308:Drivers/STM32L4xx_HAL_Driver/Src/stm32l4xx_hal_rcc.c ****     {
 283              		.loc 1 308 5 is_stmt 1 view .LVU76
 308:Drivers/STM32L4xx_HAL_Driver/Src/stm32l4xx_hal_rcc.c ****     {
 284              		.loc 1 308 9 is_stmt 0 view .LVU77
 285 0064 FFF7FEFF 		bl	HAL_GetTick
 286              	.LVL19:
 308:Drivers/STM32L4xx_HAL_Driver/Src/stm32l4xx_hal_rcc.c ****     {
 287              		.loc 1 308 23 discriminator 1 view .LVU78
 288 0068 401B     		subs	r0, r0, r5
 308:Drivers/STM32L4xx_HAL_Driver/Src/stm32l4xx_hal_rcc.c ****     {
 289              		.loc 1 308 7 discriminator 1 view .LVU79
 290 006a 41F28833 		movw	r3, #5000
 291 006e 9842     		cmp	r0, r3
 292 0070 F3D9     		bls	.L21
 310:Drivers/STM32L4xx_HAL_Driver/Src/stm32l4xx_hal_rcc.c ****     }
 293              		.loc 1 310 14 view .LVU80
ARM GAS  /tmp/ccziZpZZ.s 			page 40


 294 0072 0324     		movs	r4, #3
 295 0074 D8E7     		b	.L19
 296              	.L32:
 317:Drivers/STM32L4xx_HAL_Driver/Src/stm32l4xx_hal_rcc.c **** 
 297              		.loc 1 317 3 is_stmt 1 view .LVU81
 298 0076 1A4A     		ldr	r2, .L34
 299 0078 1168     		ldr	r1, [r2]
 300 007a 1D4B     		ldr	r3, .L34+16
 301 007c 0B40     		ands	r3, r3, r1
 302 007e 1360     		str	r3, [r2]
 331:Drivers/STM32L4xx_HAL_Driver/Src/stm32l4xx_hal_rcc.c **** 
 303              		.loc 1 331 3 view .LVU82
 331:Drivers/STM32L4xx_HAL_Driver/Src/stm32l4xx_hal_rcc.c **** 
 304              		.loc 1 331 15 is_stmt 0 view .LVU83
 305 0080 FFF7FEFF 		bl	HAL_GetTick
 306              	.LVL20:
 307 0084 0546     		mov	r5, r0
 308              	.LVL21:
 335:Drivers/STM32L4xx_HAL_Driver/Src/stm32l4xx_hal_rcc.c **** 
 309              		.loc 1 335 3 is_stmt 1 view .LVU84
 310              	.L23:
 335:Drivers/STM32L4xx_HAL_Driver/Src/stm32l4xx_hal_rcc.c **** 
 311              		.loc 1 335 82 view .LVU85
 335:Drivers/STM32L4xx_HAL_Driver/Src/stm32l4xx_hal_rcc.c **** 
 312              		.loc 1 335 9 is_stmt 0 view .LVU86
 313 0086 164B     		ldr	r3, .L34
 314 0088 1B68     		ldr	r3, [r3]
 335:Drivers/STM32L4xx_HAL_Driver/Src/stm32l4xx_hal_rcc.c **** 
 315              		.loc 1 335 82 view .LVU87
 316 008a 13F0285F 		tst	r3, #704643072
 317 008e 06D0     		beq	.L33
 347:Drivers/STM32L4xx_HAL_Driver/Src/stm32l4xx_hal_rcc.c ****     {
 318              		.loc 1 347 5 is_stmt 1 view .LVU88
 347:Drivers/STM32L4xx_HAL_Driver/Src/stm32l4xx_hal_rcc.c ****     {
 319              		.loc 1 347 9 is_stmt 0 view .LVU89
 320 0090 FFF7FEFF 		bl	HAL_GetTick
 321              	.LVL22:
 347:Drivers/STM32L4xx_HAL_Driver/Src/stm32l4xx_hal_rcc.c ****     {
 322              		.loc 1 347 23 discriminator 1 view .LVU90
 323 0094 401B     		subs	r0, r0, r5
 347:Drivers/STM32L4xx_HAL_Driver/Src/stm32l4xx_hal_rcc.c ****     {
 324              		.loc 1 347 7 discriminator 1 view .LVU91
 325 0096 0228     		cmp	r0, #2
 326 0098 F5D9     		bls	.L23
 349:Drivers/STM32L4xx_HAL_Driver/Src/stm32l4xx_hal_rcc.c ****     }
 327              		.loc 1 349 14 view .LVU92
 328 009a 0324     		movs	r4, #3
 329 009c C4E7     		b	.L19
 330              	.L33:
 354:Drivers/STM32L4xx_HAL_Driver/Src/stm32l4xx_hal_rcc.c ****   SET_BIT(RCC->PLLCFGR, RCC_PLLCFGR_PLLN_4 );
 331              		.loc 1 354 3 is_stmt 1 view .LVU93
 332 009e 104B     		ldr	r3, .L34
 333 00a0 0022     		movs	r2, #0
 334 00a2 DA60     		str	r2, [r3, #12]
 355:Drivers/STM32L4xx_HAL_Driver/Src/stm32l4xx_hal_rcc.c **** 
 335              		.loc 1 355 3 view .LVU94
 336 00a4 D968     		ldr	r1, [r3, #12]
ARM GAS  /tmp/ccziZpZZ.s 			page 41


 337 00a6 41F48051 		orr	r1, r1, #4096
 338 00aa D960     		str	r1, [r3, #12]
 360:Drivers/STM32L4xx_HAL_Driver/Src/stm32l4xx_hal_rcc.c ****   SET_BIT(RCC->PLLSAI1CFGR,  RCC_PLLSAI1CFGR_PLLSAI1N_4 );
 339              		.loc 1 360 3 view .LVU95
 340 00ac 1A61     		str	r2, [r3, #16]
 361:Drivers/STM32L4xx_HAL_Driver/Src/stm32l4xx_hal_rcc.c **** 
 341              		.loc 1 361 3 view .LVU96
 342 00ae 1969     		ldr	r1, [r3, #16]
 343 00b0 41F48051 		orr	r1, r1, #4096
 344 00b4 1961     		str	r1, [r3, #16]
 368:Drivers/STM32L4xx_HAL_Driver/Src/stm32l4xx_hal_rcc.c ****   SET_BIT(RCC->PLLSAI2CFGR,  RCC_PLLSAI2CFGR_PLLSAI2N_4 );
 345              		.loc 1 368 3 view .LVU97
 346 00b6 5A61     		str	r2, [r3, #20]
 369:Drivers/STM32L4xx_HAL_Driver/Src/stm32l4xx_hal_rcc.c **** 
 347              		.loc 1 369 3 view .LVU98
 348 00b8 5969     		ldr	r1, [r3, #20]
 349 00ba 41F48051 		orr	r1, r1, #4096
 350 00be 5961     		str	r1, [r3, #20]
 374:Drivers/STM32L4xx_HAL_Driver/Src/stm32l4xx_hal_rcc.c **** 
 351              		.loc 1 374 3 view .LVU99
 352 00c0 1968     		ldr	r1, [r3]
 353 00c2 21F48021 		bic	r1, r1, #262144
 354 00c6 1960     		str	r1, [r3]
 377:Drivers/STM32L4xx_HAL_Driver/Src/stm32l4xx_hal_rcc.c **** 
 355              		.loc 1 377 3 view .LVU100
 356 00c8 9A61     		str	r2, [r3, #24]
 380:Drivers/STM32L4xx_HAL_Driver/Src/stm32l4xx_hal_rcc.c **** 
 357              		.loc 1 380 3 view .LVU101
 358 00ca 4FF0FF32 		mov	r2, #-1
 359 00ce 1A62     		str	r2, [r3, #32]
 383:Drivers/STM32L4xx_HAL_Driver/Src/stm32l4xx_hal_rcc.c **** 
 360              		.loc 1 383 3 view .LVU102
 361 00d0 D3F89420 		ldr	r2, [r3, #148]
 362 00d4 42F40002 		orr	r2, r2, #8388608
 363 00d8 C3F89420 		str	r2, [r3, #148]
 385:Drivers/STM32L4xx_HAL_Driver/Src/stm32l4xx_hal_rcc.c **** }
 364              		.loc 1 385 3 view .LVU103
 385:Drivers/STM32L4xx_HAL_Driver/Src/stm32l4xx_hal_rcc.c **** }
 365              		.loc 1 385 10 is_stmt 0 view .LVU104
 366 00dc A4E7     		b	.L19
 367              	.L35:
 368 00de 00BF     		.align	2
 369              	.L34:
 370 00e0 00100240 		.word	1073876992
 371 00e4 00000000 		.word	SystemCoreClock
 372 00e8 00093D00 		.word	4000000
 373 00ec 00000000 		.word	uwTickPrio
 374 00f0 FFF4FEEA 		.word	-352389889
 375              		.cfi_endproc
 376              	.LFE132:
 378              		.section	.text.HAL_RCC_MCOConfig,"ax",%progbits
 379              		.align	1
 380              		.global	HAL_RCC_MCOConfig
 381              		.syntax unified
 382              		.thumb
 383              		.thumb_func
 385              	HAL_RCC_MCOConfig:
ARM GAS  /tmp/ccziZpZZ.s 			page 42


 386              	.LVL23:
 387              	.LFB135:
1340:Drivers/STM32L4xx_HAL_Driver/Src/stm32l4xx_hal_rcc.c ****   GPIO_InitTypeDef GPIO_InitStruct;
 388              		.loc 1 1340 1 is_stmt 1 view -0
 389              		.cfi_startproc
 390              		@ args = 0, pretend = 0, frame = 24
 391              		@ frame_needed = 0, uses_anonymous_args = 0
1340:Drivers/STM32L4xx_HAL_Driver/Src/stm32l4xx_hal_rcc.c ****   GPIO_InitTypeDef GPIO_InitStruct;
 392              		.loc 1 1340 1 is_stmt 0 view .LVU106
 393 0000 70B5     		push	{r4, r5, r6, lr}
 394              	.LCFI5:
 395              		.cfi_def_cfa_offset 16
 396              		.cfi_offset 4, -16
 397              		.cfi_offset 5, -12
 398              		.cfi_offset 6, -8
 399              		.cfi_offset 14, -4
 400 0002 86B0     		sub	sp, sp, #24
 401              	.LCFI6:
 402              		.cfi_def_cfa_offset 40
 403 0004 0D46     		mov	r5, r1
 404 0006 1646     		mov	r6, r2
1341:Drivers/STM32L4xx_HAL_Driver/Src/stm32l4xx_hal_rcc.c **** 
 405              		.loc 1 1341 3 is_stmt 1 view .LVU107
1344:Drivers/STM32L4xx_HAL_Driver/Src/stm32l4xx_hal_rcc.c ****   assert_param(IS_RCC_MCODIV(RCC_MCODiv));
 406              		.loc 1 1344 3 view .LVU108
1345:Drivers/STM32L4xx_HAL_Driver/Src/stm32l4xx_hal_rcc.c ****   assert_param(IS_RCC_MCO1SOURCE(RCC_MCOSource));
 407              		.loc 1 1345 3 view .LVU109
1346:Drivers/STM32L4xx_HAL_Driver/Src/stm32l4xx_hal_rcc.c **** 
 408              		.loc 1 1346 3 view .LVU110
1349:Drivers/STM32L4xx_HAL_Driver/Src/stm32l4xx_hal_rcc.c **** 
 409              		.loc 1 1349 3 view .LVU111
1352:Drivers/STM32L4xx_HAL_Driver/Src/stm32l4xx_hal_rcc.c **** 
 410              		.loc 1 1352 3 view .LVU112
 411              	.LBB3:
1352:Drivers/STM32L4xx_HAL_Driver/Src/stm32l4xx_hal_rcc.c **** 
 412              		.loc 1 1352 3 view .LVU113
1352:Drivers/STM32L4xx_HAL_Driver/Src/stm32l4xx_hal_rcc.c **** 
 413              		.loc 1 1352 3 view .LVU114
 414 0008 0F4C     		ldr	r4, .L38
 415 000a E36C     		ldr	r3, [r4, #76]
 416 000c 43F00103 		orr	r3, r3, #1
 417 0010 E364     		str	r3, [r4, #76]
1352:Drivers/STM32L4xx_HAL_Driver/Src/stm32l4xx_hal_rcc.c **** 
 418              		.loc 1 1352 3 view .LVU115
 419 0012 E36C     		ldr	r3, [r4, #76]
 420 0014 03F00103 		and	r3, r3, #1
 421 0018 0093     		str	r3, [sp]
1352:Drivers/STM32L4xx_HAL_Driver/Src/stm32l4xx_hal_rcc.c **** 
 422              		.loc 1 1352 3 view .LVU116
 423 001a 009B     		ldr	r3, [sp]
 424              	.LBE3:
1352:Drivers/STM32L4xx_HAL_Driver/Src/stm32l4xx_hal_rcc.c **** 
 425              		.loc 1 1352 3 view .LVU117
1355:Drivers/STM32L4xx_HAL_Driver/Src/stm32l4xx_hal_rcc.c ****   GPIO_InitStruct.Mode = GPIO_MODE_AF_PP;
 426              		.loc 1 1355 3 view .LVU118
1355:Drivers/STM32L4xx_HAL_Driver/Src/stm32l4xx_hal_rcc.c ****   GPIO_InitStruct.Mode = GPIO_MODE_AF_PP;
 427              		.loc 1 1355 23 is_stmt 0 view .LVU119
ARM GAS  /tmp/ccziZpZZ.s 			page 43


 428 001c 4FF48073 		mov	r3, #256
 429 0020 0193     		str	r3, [sp, #4]
1356:Drivers/STM32L4xx_HAL_Driver/Src/stm32l4xx_hal_rcc.c ****   GPIO_InitStruct.Speed = GPIO_SPEED_FREQ_HIGH;
 430              		.loc 1 1356 3 is_stmt 1 view .LVU120
1356:Drivers/STM32L4xx_HAL_Driver/Src/stm32l4xx_hal_rcc.c ****   GPIO_InitStruct.Speed = GPIO_SPEED_FREQ_HIGH;
 431              		.loc 1 1356 24 is_stmt 0 view .LVU121
 432 0022 0223     		movs	r3, #2
 433 0024 0293     		str	r3, [sp, #8]
1357:Drivers/STM32L4xx_HAL_Driver/Src/stm32l4xx_hal_rcc.c ****   GPIO_InitStruct.Pull = GPIO_NOPULL;
 434              		.loc 1 1357 3 is_stmt 1 view .LVU122
1357:Drivers/STM32L4xx_HAL_Driver/Src/stm32l4xx_hal_rcc.c ****   GPIO_InitStruct.Pull = GPIO_NOPULL;
 435              		.loc 1 1357 25 is_stmt 0 view .LVU123
 436 0026 0493     		str	r3, [sp, #16]
1358:Drivers/STM32L4xx_HAL_Driver/Src/stm32l4xx_hal_rcc.c ****   GPIO_InitStruct.Alternate = GPIO_AF0_MCO;
 437              		.loc 1 1358 3 is_stmt 1 view .LVU124
1358:Drivers/STM32L4xx_HAL_Driver/Src/stm32l4xx_hal_rcc.c ****   GPIO_InitStruct.Alternate = GPIO_AF0_MCO;
 438              		.loc 1 1358 24 is_stmt 0 view .LVU125
 439 0028 0023     		movs	r3, #0
 440 002a 0393     		str	r3, [sp, #12]
1359:Drivers/STM32L4xx_HAL_Driver/Src/stm32l4xx_hal_rcc.c ****   HAL_GPIO_Init(MCO1_GPIO_PORT, &GPIO_InitStruct);
 441              		.loc 1 1359 3 is_stmt 1 view .LVU126
1359:Drivers/STM32L4xx_HAL_Driver/Src/stm32l4xx_hal_rcc.c ****   HAL_GPIO_Init(MCO1_GPIO_PORT, &GPIO_InitStruct);
 442              		.loc 1 1359 29 is_stmt 0 view .LVU127
 443 002c 0593     		str	r3, [sp, #20]
1360:Drivers/STM32L4xx_HAL_Driver/Src/stm32l4xx_hal_rcc.c **** 
 444              		.loc 1 1360 3 is_stmt 1 view .LVU128
 445 002e 01A9     		add	r1, sp, #4
 446              	.LVL24:
1360:Drivers/STM32L4xx_HAL_Driver/Src/stm32l4xx_hal_rcc.c **** 
 447              		.loc 1 1360 3 is_stmt 0 view .LVU129
 448 0030 4FF09040 		mov	r0, #1207959552
 449              	.LVL25:
1360:Drivers/STM32L4xx_HAL_Driver/Src/stm32l4xx_hal_rcc.c **** 
 450              		.loc 1 1360 3 view .LVU130
 451 0034 FFF7FEFF 		bl	HAL_GPIO_Init
 452              	.LVL26:
1363:Drivers/STM32L4xx_HAL_Driver/Src/stm32l4xx_hal_rcc.c **** }
 453              		.loc 1 1363 3 is_stmt 1 view .LVU131
 454 0038 A368     		ldr	r3, [r4, #8]
 455 003a 23F0EE43 		bic	r3, r3, #1996488704
 456 003e 3543     		orrs	r5, r5, r6
 457              	.LVL27:
1363:Drivers/STM32L4xx_HAL_Driver/Src/stm32l4xx_hal_rcc.c **** }
 458              		.loc 1 1363 3 is_stmt 0 view .LVU132
 459 0040 2B43     		orrs	r3, r3, r5
 460 0042 A360     		str	r3, [r4, #8]
1364:Drivers/STM32L4xx_HAL_Driver/Src/stm32l4xx_hal_rcc.c **** 
 461              		.loc 1 1364 1 view .LVU133
 462 0044 06B0     		add	sp, sp, #24
 463              	.LCFI7:
 464              		.cfi_def_cfa_offset 16
 465              		@ sp needed
 466 0046 70BD     		pop	{r4, r5, r6, pc}
 467              	.LVL28:
 468              	.L39:
1364:Drivers/STM32L4xx_HAL_Driver/Src/stm32l4xx_hal_rcc.c **** 
 469              		.loc 1 1364 1 view .LVU134
ARM GAS  /tmp/ccziZpZZ.s 			page 44


 470              		.align	2
 471              	.L38:
 472 0048 00100240 		.word	1073876992
 473              		.cfi_endproc
 474              	.LFE135:
 476              		.section	.text.HAL_RCC_GetSysClockFreq,"ax",%progbits
 477              		.align	1
 478              		.global	HAL_RCC_GetSysClockFreq
 479              		.syntax unified
 480              		.thumb
 481              		.thumb_func
 483              	HAL_RCC_GetSysClockFreq:
 484              	.LFB136:
1399:Drivers/STM32L4xx_HAL_Driver/Src/stm32l4xx_hal_rcc.c ****   uint32_t msirange = 0U, sysclockfreq = 0U;
 485              		.loc 1 1399 1 is_stmt 1 view -0
 486              		.cfi_startproc
 487              		@ args = 0, pretend = 0, frame = 0
 488              		@ frame_needed = 0, uses_anonymous_args = 0
 489              		@ link register save eliminated.
1400:Drivers/STM32L4xx_HAL_Driver/Src/stm32l4xx_hal_rcc.c ****   uint32_t pllvco, pllsource, pllr, pllm;    /* no init needed */
 490              		.loc 1 1400 3 view .LVU136
 491              	.LVL29:
1401:Drivers/STM32L4xx_HAL_Driver/Src/stm32l4xx_hal_rcc.c ****   uint32_t sysclk_source, pll_oscsource;
 492              		.loc 1 1401 3 view .LVU137
1402:Drivers/STM32L4xx_HAL_Driver/Src/stm32l4xx_hal_rcc.c **** 
 493              		.loc 1 1402 3 view .LVU138
1404:Drivers/STM32L4xx_HAL_Driver/Src/stm32l4xx_hal_rcc.c ****   pll_oscsource = __HAL_RCC_GET_PLL_OSCSOURCE();
 494              		.loc 1 1404 3 view .LVU139
1404:Drivers/STM32L4xx_HAL_Driver/Src/stm32l4xx_hal_rcc.c ****   pll_oscsource = __HAL_RCC_GET_PLL_OSCSOURCE();
 495              		.loc 1 1404 19 is_stmt 0 view .LVU140
 496 0000 254A     		ldr	r2, .L54
 497 0002 9368     		ldr	r3, [r2, #8]
 498              	.LVL30:
1405:Drivers/STM32L4xx_HAL_Driver/Src/stm32l4xx_hal_rcc.c **** 
 499              		.loc 1 1405 3 is_stmt 1 view .LVU141
1405:Drivers/STM32L4xx_HAL_Driver/Src/stm32l4xx_hal_rcc.c **** 
 500              		.loc 1 1405 19 is_stmt 0 view .LVU142
 501 0004 D268     		ldr	r2, [r2, #12]
1405:Drivers/STM32L4xx_HAL_Driver/Src/stm32l4xx_hal_rcc.c **** 
 502              		.loc 1 1405 17 view .LVU143
 503 0006 02F00302 		and	r2, r2, #3
 504              	.LVL31:
1407:Drivers/STM32L4xx_HAL_Driver/Src/stm32l4xx_hal_rcc.c ****      ((sysclk_source == RCC_CFGR_SWS_PLL) && (pll_oscsource == RCC_PLLSOURCE_MSI)))
 505              		.loc 1 1407 3 is_stmt 1 view .LVU144
1407:Drivers/STM32L4xx_HAL_Driver/Src/stm32l4xx_hal_rcc.c ****      ((sysclk_source == RCC_CFGR_SWS_PLL) && (pll_oscsource == RCC_PLLSOURCE_MSI)))
 506              		.loc 1 1407 5 is_stmt 0 view .LVU145
 507 000a 13F00C03 		ands	r3, r3, #12
 508              	.LVL32:
1407:Drivers/STM32L4xx_HAL_Driver/Src/stm32l4xx_hal_rcc.c ****      ((sysclk_source == RCC_CFGR_SWS_PLL) && (pll_oscsource == RCC_PLLSOURCE_MSI)))
 509              		.loc 1 1407 5 view .LVU146
 510 000e 09D0     		beq	.L41
1407:Drivers/STM32L4xx_HAL_Driver/Src/stm32l4xx_hal_rcc.c ****      ((sysclk_source == RCC_CFGR_SWS_PLL) && (pll_oscsource == RCC_PLLSOURCE_MSI)))
 511              		.loc 1 1407 42 discriminator 1 view .LVU147
 512 0010 0C2B     		cmp	r3, #12
 513 0012 05D0     		beq	.L52
 514              	.L42:
1430:Drivers/STM32L4xx_HAL_Driver/Src/stm32l4xx_hal_rcc.c ****   {
ARM GAS  /tmp/ccziZpZZ.s 			page 45


 515              		.loc 1 1430 8 is_stmt 1 view .LVU148
1430:Drivers/STM32L4xx_HAL_Driver/Src/stm32l4xx_hal_rcc.c ****   {
 516              		.loc 1 1430 10 is_stmt 0 view .LVU149
 517 0014 042B     		cmp	r3, #4
 518 0016 3BD0     		beq	.L48
1435:Drivers/STM32L4xx_HAL_Driver/Src/stm32l4xx_hal_rcc.c ****   {
 519              		.loc 1 1435 8 is_stmt 1 view .LVU150
1435:Drivers/STM32L4xx_HAL_Driver/Src/stm32l4xx_hal_rcc.c ****   {
 520              		.loc 1 1435 10 is_stmt 0 view .LVU151
 521 0018 082B     		cmp	r3, #8
 522 001a 3BD0     		beq	.L49
1400:Drivers/STM32L4xx_HAL_Driver/Src/stm32l4xx_hal_rcc.c ****   uint32_t pllvco, pllsource, pllr, pllm;    /* no init needed */
 523              		.loc 1 1400 12 view .LVU152
 524 001c 0020     		movs	r0, #0
 525 001e 0FE0     		b	.L46
 526              	.L52:
1408:Drivers/STM32L4xx_HAL_Driver/Src/stm32l4xx_hal_rcc.c ****   {
 527              		.loc 1 1408 43 view .LVU153
 528 0020 012A     		cmp	r2, #1
 529 0022 F7D1     		bne	.L42
 530              	.L41:
1413:Drivers/STM32L4xx_HAL_Driver/Src/stm32l4xx_hal_rcc.c ****     { /* MSISRANGE from RCC_CSR applies */
 531              		.loc 1 1413 5 is_stmt 1 view .LVU154
1413:Drivers/STM32L4xx_HAL_Driver/Src/stm32l4xx_hal_rcc.c ****     { /* MSISRANGE from RCC_CSR applies */
 532              		.loc 1 1413 8 is_stmt 0 view .LVU155
 533 0024 1C4A     		ldr	r2, .L54
 534              	.LVL33:
1413:Drivers/STM32L4xx_HAL_Driver/Src/stm32l4xx_hal_rcc.c ****     { /* MSISRANGE from RCC_CSR applies */
 535              		.loc 1 1413 8 view .LVU156
 536 0026 1268     		ldr	r2, [r2]
1413:Drivers/STM32L4xx_HAL_Driver/Src/stm32l4xx_hal_rcc.c ****     { /* MSISRANGE from RCC_CSR applies */
 537              		.loc 1 1413 7 view .LVU157
 538 0028 12F0080F 		tst	r2, #8
 539 002c 0CD1     		bne	.L43
1415:Drivers/STM32L4xx_HAL_Driver/Src/stm32l4xx_hal_rcc.c ****     }
 540              		.loc 1 1415 7 is_stmt 1 view .LVU158
1415:Drivers/STM32L4xx_HAL_Driver/Src/stm32l4xx_hal_rcc.c ****     }
 541              		.loc 1 1415 18 is_stmt 0 view .LVU159
 542 002e 1A4A     		ldr	r2, .L54
 543 0030 D2F89420 		ldr	r2, [r2, #148]
1415:Drivers/STM32L4xx_HAL_Driver/Src/stm32l4xx_hal_rcc.c ****     }
 544              		.loc 1 1415 16 view .LVU160
 545 0034 C2F30322 		ubfx	r2, r2, #8, #4
 546              	.LVL34:
 547              	.L44:
1422:Drivers/STM32L4xx_HAL_Driver/Src/stm32l4xx_hal_rcc.c **** 
 548              		.loc 1 1422 5 is_stmt 1 view .LVU161
1422:Drivers/STM32L4xx_HAL_Driver/Src/stm32l4xx_hal_rcc.c **** 
 549              		.loc 1 1422 14 is_stmt 0 view .LVU162
 550 0038 1849     		ldr	r1, .L54+4
 551 003a 51F82200 		ldr	r0, [r1, r2, lsl #2]
 552              	.LVL35:
1424:Drivers/STM32L4xx_HAL_Driver/Src/stm32l4xx_hal_rcc.c ****     {
 553              		.loc 1 1424 5 is_stmt 1 view .LVU163
1424:Drivers/STM32L4xx_HAL_Driver/Src/stm32l4xx_hal_rcc.c ****     {
 554              		.loc 1 1424 7 is_stmt 0 view .LVU164
 555 003e 13B1     		cbz	r3, .L40
ARM GAS  /tmp/ccziZpZZ.s 			page 46


 556              	.LVL36:
 557              	.L46:
1443:Drivers/STM32L4xx_HAL_Driver/Src/stm32l4xx_hal_rcc.c **** 
 558              		.loc 1 1443 3 is_stmt 1 view .LVU165
1445:Drivers/STM32L4xx_HAL_Driver/Src/stm32l4xx_hal_rcc.c ****   {
 559              		.loc 1 1445 3 view .LVU166
1445:Drivers/STM32L4xx_HAL_Driver/Src/stm32l4xx_hal_rcc.c ****   {
 560              		.loc 1 1445 5 is_stmt 0 view .LVU167
 561 0040 0C2B     		cmp	r3, #12
 562 0042 06D0     		beq	.L53
 563 0044 0020     		movs	r0, #0
 564              	.LVL37:
1475:Drivers/STM32L4xx_HAL_Driver/Src/stm32l4xx_hal_rcc.c **** }
 565              		.loc 1 1475 3 is_stmt 1 view .LVU168
 566              	.L40:
1476:Drivers/STM32L4xx_HAL_Driver/Src/stm32l4xx_hal_rcc.c **** 
 567              		.loc 1 1476 1 is_stmt 0 view .LVU169
 568 0046 7047     		bx	lr
 569              	.LVL38:
 570              	.L43:
1419:Drivers/STM32L4xx_HAL_Driver/Src/stm32l4xx_hal_rcc.c ****     }
 571              		.loc 1 1419 7 is_stmt 1 view .LVU170
1419:Drivers/STM32L4xx_HAL_Driver/Src/stm32l4xx_hal_rcc.c ****     }
 572              		.loc 1 1419 18 is_stmt 0 view .LVU171
 573 0048 134A     		ldr	r2, .L54
 574 004a 1268     		ldr	r2, [r2]
1419:Drivers/STM32L4xx_HAL_Driver/Src/stm32l4xx_hal_rcc.c ****     }
 575              		.loc 1 1419 16 view .LVU172
 576 004c C2F30312 		ubfx	r2, r2, #4, #4
 577 0050 F2E7     		b	.L44
 578              	.LVL39:
 579              	.L53:
1452:Drivers/STM32L4xx_HAL_Driver/Src/stm32l4xx_hal_rcc.c **** 
 580              		.loc 1 1452 5 is_stmt 1 view .LVU173
1452:Drivers/STM32L4xx_HAL_Driver/Src/stm32l4xx_hal_rcc.c **** 
 581              		.loc 1 1452 17 is_stmt 0 view .LVU174
 582 0052 114B     		ldr	r3, .L54
 583              	.LVL40:
1452:Drivers/STM32L4xx_HAL_Driver/Src/stm32l4xx_hal_rcc.c **** 
 584              		.loc 1 1452 17 view .LVU175
 585 0054 DB68     		ldr	r3, [r3, #12]
1452:Drivers/STM32L4xx_HAL_Driver/Src/stm32l4xx_hal_rcc.c **** 
 586              		.loc 1 1452 15 view .LVU176
 587 0056 03F00303 		and	r3, r3, #3
 588              	.LVL41:
1454:Drivers/STM32L4xx_HAL_Driver/Src/stm32l4xx_hal_rcc.c ****     {
 589              		.loc 1 1454 5 is_stmt 1 view .LVU177
 590 005a 022B     		cmp	r3, #2
 591 005c 16D0     		beq	.L51
 592 005e 032B     		cmp	r3, #3
 593 0060 00D1     		bne	.L47
1461:Drivers/STM32L4xx_HAL_Driver/Src/stm32l4xx_hal_rcc.c ****       break;
 594              		.loc 1 1461 14 is_stmt 0 view .LVU178
 595 0062 0F48     		ldr	r0, .L54+8
 596              	.LVL42:
 597              	.L47:
1469:Drivers/STM32L4xx_HAL_Driver/Src/stm32l4xx_hal_rcc.c ****     pllvco = (pllvco * (READ_BIT(RCC->PLLCFGR, RCC_PLLCFGR_PLLN) >> RCC_PLLCFGR_PLLN_Pos)) / pllm;
ARM GAS  /tmp/ccziZpZZ.s 			page 47


 598              		.loc 1 1469 5 is_stmt 1 view .LVU179
1469:Drivers/STM32L4xx_HAL_Driver/Src/stm32l4xx_hal_rcc.c ****     pllvco = (pllvco * (READ_BIT(RCC->PLLCFGR, RCC_PLLCFGR_PLLN) >> RCC_PLLCFGR_PLLN_Pos)) / pllm;
 599              		.loc 1 1469 13 is_stmt 0 view .LVU180
 600 0064 0C49     		ldr	r1, .L54
 601 0066 CA68     		ldr	r2, [r1, #12]
1469:Drivers/STM32L4xx_HAL_Driver/Src/stm32l4xx_hal_rcc.c ****     pllvco = (pllvco * (READ_BIT(RCC->PLLCFGR, RCC_PLLCFGR_PLLN) >> RCC_PLLCFGR_PLLN_Pos)) / pllm;
 602              		.loc 1 1469 54 view .LVU181
 603 0068 C2F30212 		ubfx	r2, r2, #4, #3
1469:Drivers/STM32L4xx_HAL_Driver/Src/stm32l4xx_hal_rcc.c ****     pllvco = (pllvco * (READ_BIT(RCC->PLLCFGR, RCC_PLLCFGR_PLLN) >> RCC_PLLCFGR_PLLN_Pos)) / pllm;
 604              		.loc 1 1469 10 view .LVU182
 605 006c 0132     		adds	r2, r2, #1
 606              	.LVL43:
1470:Drivers/STM32L4xx_HAL_Driver/Src/stm32l4xx_hal_rcc.c ****     pllr = ((READ_BIT(RCC->PLLCFGR, RCC_PLLCFGR_PLLR) >> RCC_PLLCFGR_PLLR_Pos) + 1U ) * 2U;
 607              		.loc 1 1470 5 is_stmt 1 view .LVU183
1470:Drivers/STM32L4xx_HAL_Driver/Src/stm32l4xx_hal_rcc.c ****     pllr = ((READ_BIT(RCC->PLLCFGR, RCC_PLLCFGR_PLLR) >> RCC_PLLCFGR_PLLR_Pos) + 1U ) * 2U;
 608              		.loc 1 1470 25 is_stmt 0 view .LVU184
 609 006e CB68     		ldr	r3, [r1, #12]
 610              	.LVL44:
1470:Drivers/STM32L4xx_HAL_Driver/Src/stm32l4xx_hal_rcc.c ****     pllr = ((READ_BIT(RCC->PLLCFGR, RCC_PLLCFGR_PLLR) >> RCC_PLLCFGR_PLLR_Pos) + 1U ) * 2U;
 611              		.loc 1 1470 66 view .LVU185
 612 0070 C3F30623 		ubfx	r3, r3, #8, #7
1470:Drivers/STM32L4xx_HAL_Driver/Src/stm32l4xx_hal_rcc.c ****     pllr = ((READ_BIT(RCC->PLLCFGR, RCC_PLLCFGR_PLLR) >> RCC_PLLCFGR_PLLR_Pos) + 1U ) * 2U;
 613              		.loc 1 1470 22 view .LVU186
 614 0074 00FB03F3 		mul	r3, r0, r3
1470:Drivers/STM32L4xx_HAL_Driver/Src/stm32l4xx_hal_rcc.c ****     pllr = ((READ_BIT(RCC->PLLCFGR, RCC_PLLCFGR_PLLR) >> RCC_PLLCFGR_PLLR_Pos) + 1U ) * 2U;
 615              		.loc 1 1470 12 view .LVU187
 616 0078 B3FBF2F3 		udiv	r3, r3, r2
 617              	.LVL45:
1471:Drivers/STM32L4xx_HAL_Driver/Src/stm32l4xx_hal_rcc.c ****     sysclockfreq = pllvco / pllr;
 618              		.loc 1 1471 5 is_stmt 1 view .LVU188
1471:Drivers/STM32L4xx_HAL_Driver/Src/stm32l4xx_hal_rcc.c ****     sysclockfreq = pllvco / pllr;
 619              		.loc 1 1471 14 is_stmt 0 view .LVU189
 620 007c C868     		ldr	r0, [r1, #12]
1471:Drivers/STM32L4xx_HAL_Driver/Src/stm32l4xx_hal_rcc.c ****     sysclockfreq = pllvco / pllr;
 621              		.loc 1 1471 55 view .LVU190
 622 007e C0F34160 		ubfx	r0, r0, #25, #2
1471:Drivers/STM32L4xx_HAL_Driver/Src/stm32l4xx_hal_rcc.c ****     sysclockfreq = pllvco / pllr;
 623              		.loc 1 1471 80 view .LVU191
 624 0082 0130     		adds	r0, r0, #1
1471:Drivers/STM32L4xx_HAL_Driver/Src/stm32l4xx_hal_rcc.c ****     sysclockfreq = pllvco / pllr;
 625              		.loc 1 1471 10 view .LVU192
 626 0084 4000     		lsls	r0, r0, #1
 627              	.LVL46:
1472:Drivers/STM32L4xx_HAL_Driver/Src/stm32l4xx_hal_rcc.c ****   }
 628              		.loc 1 1472 5 is_stmt 1 view .LVU193
1472:Drivers/STM32L4xx_HAL_Driver/Src/stm32l4xx_hal_rcc.c ****   }
 629              		.loc 1 1472 18 is_stmt 0 view .LVU194
 630 0086 B3FBF0F0 		udiv	r0, r3, r0
 631              	.LVL47:
1472:Drivers/STM32L4xx_HAL_Driver/Src/stm32l4xx_hal_rcc.c ****   }
 632              		.loc 1 1472 18 view .LVU195
 633 008a 7047     		bx	lr
 634              	.LVL48:
 635              	.L51:
1454:Drivers/STM32L4xx_HAL_Driver/Src/stm32l4xx_hal_rcc.c ****     {
 636              		.loc 1 1454 5 view .LVU196
 637 008c 0548     		ldr	r0, .L54+12
ARM GAS  /tmp/ccziZpZZ.s 			page 48


 638              	.LVL49:
1454:Drivers/STM32L4xx_HAL_Driver/Src/stm32l4xx_hal_rcc.c ****     {
 639              		.loc 1 1454 5 view .LVU197
 640 008e E9E7     		b	.L47
 641              	.LVL50:
 642              	.L48:
1433:Drivers/STM32L4xx_HAL_Driver/Src/stm32l4xx_hal_rcc.c ****   }
 643              		.loc 1 1433 18 view .LVU198
 644 0090 0448     		ldr	r0, .L54+12
 645 0092 7047     		bx	lr
 646              	.L49:
1438:Drivers/STM32L4xx_HAL_Driver/Src/stm32l4xx_hal_rcc.c ****   }
 647              		.loc 1 1438 18 view .LVU199
 648 0094 0248     		ldr	r0, .L54+8
 649 0096 7047     		bx	lr
 650              	.L55:
 651              		.align	2
 652              	.L54:
 653 0098 00100240 		.word	1073876992
 654 009c 00000000 		.word	MSIRangeTable
 655 00a0 00127A00 		.word	8000000
 656 00a4 0024F400 		.word	16000000
 657              		.cfi_endproc
 658              	.LFE136:
 660              		.section	.text.HAL_RCC_OscConfig,"ax",%progbits
 661              		.align	1
 662              		.global	HAL_RCC_OscConfig
 663              		.syntax unified
 664              		.thumb
 665              		.thumb_func
 667              	HAL_RCC_OscConfig:
 668              	.LVL51:
 669              	.LFB133:
 406:Drivers/STM32L4xx_HAL_Driver/Src/stm32l4xx_hal_rcc.c ****   uint32_t tickstart;
 670              		.loc 1 406 1 is_stmt 1 view -0
 671              		.cfi_startproc
 672              		@ args = 0, pretend = 0, frame = 8
 673              		@ frame_needed = 0, uses_anonymous_args = 0
 407:Drivers/STM32L4xx_HAL_Driver/Src/stm32l4xx_hal_rcc.c ****   HAL_StatusTypeDef status;
 674              		.loc 1 407 3 view .LVU201
 408:Drivers/STM32L4xx_HAL_Driver/Src/stm32l4xx_hal_rcc.c ****   uint32_t sysclk_source, pll_config;
 675              		.loc 1 408 3 view .LVU202
 409:Drivers/STM32L4xx_HAL_Driver/Src/stm32l4xx_hal_rcc.c **** 
 676              		.loc 1 409 3 view .LVU203
 412:Drivers/STM32L4xx_HAL_Driver/Src/stm32l4xx_hal_rcc.c ****   {
 677              		.loc 1 412 3 view .LVU204
 412:Drivers/STM32L4xx_HAL_Driver/Src/stm32l4xx_hal_rcc.c ****   {
 678              		.loc 1 412 5 is_stmt 0 view .LVU205
 679 0000 0028     		cmp	r0, #0
 680 0002 00F0F182 		beq	.L122
 406:Drivers/STM32L4xx_HAL_Driver/Src/stm32l4xx_hal_rcc.c ****   uint32_t tickstart;
 681              		.loc 1 406 1 view .LVU206
 682 0006 F0B5     		push	{r4, r5, r6, r7, lr}
 683              	.LCFI8:
 684              		.cfi_def_cfa_offset 20
 685              		.cfi_offset 4, -20
 686              		.cfi_offset 5, -16
ARM GAS  /tmp/ccziZpZZ.s 			page 49


 687              		.cfi_offset 6, -12
 688              		.cfi_offset 7, -8
 689              		.cfi_offset 14, -4
 690 0008 83B0     		sub	sp, sp, #12
 691              	.LCFI9:
 692              		.cfi_def_cfa_offset 32
 693 000a 0446     		mov	r4, r0
 418:Drivers/STM32L4xx_HAL_Driver/Src/stm32l4xx_hal_rcc.c **** 
 694              		.loc 1 418 3 is_stmt 1 view .LVU207
 420:Drivers/STM32L4xx_HAL_Driver/Src/stm32l4xx_hal_rcc.c ****   pll_config = __HAL_RCC_GET_PLL_OSCSOURCE();
 695              		.loc 1 420 3 view .LVU208
 420:Drivers/STM32L4xx_HAL_Driver/Src/stm32l4xx_hal_rcc.c ****   pll_config = __HAL_RCC_GET_PLL_OSCSOURCE();
 696              		.loc 1 420 19 is_stmt 0 view .LVU209
 697 000c 964B     		ldr	r3, .L176
 698 000e 9D68     		ldr	r5, [r3, #8]
 420:Drivers/STM32L4xx_HAL_Driver/Src/stm32l4xx_hal_rcc.c ****   pll_config = __HAL_RCC_GET_PLL_OSCSOURCE();
 699              		.loc 1 420 17 view .LVU210
 700 0010 05F00C05 		and	r5, r5, #12
 701              	.LVL52:
 421:Drivers/STM32L4xx_HAL_Driver/Src/stm32l4xx_hal_rcc.c **** 
 702              		.loc 1 421 3 is_stmt 1 view .LVU211
 421:Drivers/STM32L4xx_HAL_Driver/Src/stm32l4xx_hal_rcc.c **** 
 703              		.loc 1 421 16 is_stmt 0 view .LVU212
 704 0014 DE68     		ldr	r6, [r3, #12]
 421:Drivers/STM32L4xx_HAL_Driver/Src/stm32l4xx_hal_rcc.c **** 
 705              		.loc 1 421 14 view .LVU213
 706 0016 06F00306 		and	r6, r6, #3
 707              	.LVL53:
 424:Drivers/STM32L4xx_HAL_Driver/Src/stm32l4xx_hal_rcc.c ****   {
 708              		.loc 1 424 3 is_stmt 1 view .LVU214
 424:Drivers/STM32L4xx_HAL_Driver/Src/stm32l4xx_hal_rcc.c ****   {
 709              		.loc 1 424 25 is_stmt 0 view .LVU215
 710 001a 0368     		ldr	r3, [r0]
 424:Drivers/STM32L4xx_HAL_Driver/Src/stm32l4xx_hal_rcc.c ****   {
 711              		.loc 1 424 5 view .LVU216
 712 001c 13F0100F 		tst	r3, #16
 713 0020 5AD0     		beq	.L58
 427:Drivers/STM32L4xx_HAL_Driver/Src/stm32l4xx_hal_rcc.c ****     assert_param(IS_RCC_MSICALIBRATION_VALUE(RCC_OscInitStruct->MSICalibrationValue));
 714              		.loc 1 427 5 is_stmt 1 view .LVU217
 428:Drivers/STM32L4xx_HAL_Driver/Src/stm32l4xx_hal_rcc.c ****     assert_param(IS_RCC_MSI_CLOCK_RANGE(RCC_OscInitStruct->MSIClockRange));
 715              		.loc 1 428 5 view .LVU218
 429:Drivers/STM32L4xx_HAL_Driver/Src/stm32l4xx_hal_rcc.c **** 
 716              		.loc 1 429 5 view .LVU219
 432:Drivers/STM32L4xx_HAL_Driver/Src/stm32l4xx_hal_rcc.c ****        ((sysclk_source == RCC_CFGR_SWS_PLL) && (pll_config == RCC_PLLSOURCE_MSI)))
 717              		.loc 1 432 5 view .LVU220
 432:Drivers/STM32L4xx_HAL_Driver/Src/stm32l4xx_hal_rcc.c ****        ((sysclk_source == RCC_CFGR_SWS_PLL) && (pll_config == RCC_PLLSOURCE_MSI)))
 718              		.loc 1 432 7 is_stmt 0 view .LVU221
 719 0022 E5B1     		cbz	r5, .L59
 432:Drivers/STM32L4xx_HAL_Driver/Src/stm32l4xx_hal_rcc.c ****        ((sysclk_source == RCC_CFGR_SWS_PLL) && (pll_config == RCC_PLLSOURCE_MSI)))
 720              		.loc 1 432 44 discriminator 1 view .LVU222
 721 0024 0C2D     		cmp	r5, #12
 722 0026 18D0     		beq	.L154
 723              	.L60:
 492:Drivers/STM32L4xx_HAL_Driver/Src/stm32l4xx_hal_rcc.c ****       {
 724              		.loc 1 492 7 is_stmt 1 view .LVU223
 492:Drivers/STM32L4xx_HAL_Driver/Src/stm32l4xx_hal_rcc.c ****       {
 725              		.loc 1 492 27 is_stmt 0 view .LVU224
ARM GAS  /tmp/ccziZpZZ.s 			page 50


 726 0028 A369     		ldr	r3, [r4, #24]
 492:Drivers/STM32L4xx_HAL_Driver/Src/stm32l4xx_hal_rcc.c ****       {
 727              		.loc 1 492 9 view .LVU225
 728 002a 002B     		cmp	r3, #0
 729 002c 00F0BB80 		beq	.L66
 495:Drivers/STM32L4xx_HAL_Driver/Src/stm32l4xx_hal_rcc.c **** 
 730              		.loc 1 495 9 is_stmt 1 view .LVU226
 731 0030 8D4A     		ldr	r2, .L176
 732 0032 1368     		ldr	r3, [r2]
 733 0034 43F00103 		orr	r3, r3, #1
 734 0038 1360     		str	r3, [r2]
 498:Drivers/STM32L4xx_HAL_Driver/Src/stm32l4xx_hal_rcc.c **** 
 735              		.loc 1 498 9 view .LVU227
 498:Drivers/STM32L4xx_HAL_Driver/Src/stm32l4xx_hal_rcc.c **** 
 736              		.loc 1 498 21 is_stmt 0 view .LVU228
 737 003a FFF7FEFF 		bl	HAL_GetTick
 738              	.LVL54:
 498:Drivers/STM32L4xx_HAL_Driver/Src/stm32l4xx_hal_rcc.c **** 
 739              		.loc 1 498 21 view .LVU229
 740 003e 0746     		mov	r7, r0
 741              	.LVL55:
 501:Drivers/STM32L4xx_HAL_Driver/Src/stm32l4xx_hal_rcc.c ****         {
 742              		.loc 1 501 9 is_stmt 1 view .LVU230
 743              	.L67:
 501:Drivers/STM32L4xx_HAL_Driver/Src/stm32l4xx_hal_rcc.c ****         {
 744              		.loc 1 501 48 view .LVU231
 501:Drivers/STM32L4xx_HAL_Driver/Src/stm32l4xx_hal_rcc.c ****         {
 745              		.loc 1 501 15 is_stmt 0 view .LVU232
 746 0040 894B     		ldr	r3, .L176
 747 0042 1B68     		ldr	r3, [r3]
 501:Drivers/STM32L4xx_HAL_Driver/Src/stm32l4xx_hal_rcc.c ****         {
 748              		.loc 1 501 48 view .LVU233
 749 0044 13F0020F 		tst	r3, #2
 750 0048 40F09A80 		bne	.L155
 503:Drivers/STM32L4xx_HAL_Driver/Src/stm32l4xx_hal_rcc.c ****           {
 751              		.loc 1 503 11 is_stmt 1 view .LVU234
 503:Drivers/STM32L4xx_HAL_Driver/Src/stm32l4xx_hal_rcc.c ****           {
 752              		.loc 1 503 15 is_stmt 0 view .LVU235
 753 004c FFF7FEFF 		bl	HAL_GetTick
 754              	.LVL56:
 503:Drivers/STM32L4xx_HAL_Driver/Src/stm32l4xx_hal_rcc.c ****           {
 755              		.loc 1 503 29 discriminator 1 view .LVU236
 756 0050 C01B     		subs	r0, r0, r7
 503:Drivers/STM32L4xx_HAL_Driver/Src/stm32l4xx_hal_rcc.c ****           {
 757              		.loc 1 503 13 discriminator 1 view .LVU237
 758 0052 0228     		cmp	r0, #2
 759 0054 F4D9     		bls	.L67
 505:Drivers/STM32L4xx_HAL_Driver/Src/stm32l4xx_hal_rcc.c ****           }
 760              		.loc 1 505 20 view .LVU238
 761 0056 0320     		movs	r0, #3
 762 0058 D1E2     		b	.L57
 763              	.LVL57:
 764              	.L154:
 433:Drivers/STM32L4xx_HAL_Driver/Src/stm32l4xx_hal_rcc.c ****     {
 765              		.loc 1 433 45 view .LVU239
 766 005a 012E     		cmp	r6, #1
 767 005c E4D1     		bne	.L60
ARM GAS  /tmp/ccziZpZZ.s 			page 51


 768              	.L59:
 435:Drivers/STM32L4xx_HAL_Driver/Src/stm32l4xx_hal_rcc.c ****       {
 769              		.loc 1 435 7 is_stmt 1 view .LVU240
 435:Drivers/STM32L4xx_HAL_Driver/Src/stm32l4xx_hal_rcc.c ****       {
 770              		.loc 1 435 11 is_stmt 0 view .LVU241
 771 005e 824B     		ldr	r3, .L176
 772 0060 1B68     		ldr	r3, [r3]
 435:Drivers/STM32L4xx_HAL_Driver/Src/stm32l4xx_hal_rcc.c ****       {
 773              		.loc 1 435 9 view .LVU242
 774 0062 13F0020F 		tst	r3, #2
 775 0066 03D0     		beq	.L61
 435:Drivers/STM32L4xx_HAL_Driver/Src/stm32l4xx_hal_rcc.c ****       {
 776              		.loc 1 435 72 discriminator 1 view .LVU243
 777 0068 A369     		ldr	r3, [r4, #24]
 435:Drivers/STM32L4xx_HAL_Driver/Src/stm32l4xx_hal_rcc.c ****       {
 778              		.loc 1 435 51 discriminator 1 view .LVU244
 779 006a 002B     		cmp	r3, #0
 780 006c 00F0BE82 		beq	.L123
 781              	.L61:
 446:Drivers/STM32L4xx_HAL_Driver/Src/stm32l4xx_hal_rcc.c ****         {
 782              		.loc 1 446 9 is_stmt 1 view .LVU245
 446:Drivers/STM32L4xx_HAL_Driver/Src/stm32l4xx_hal_rcc.c ****         {
 783              		.loc 1 446 29 is_stmt 0 view .LVU246
 784 0070 206A     		ldr	r0, [r4, #32]
 785              	.LVL58:
 446:Drivers/STM32L4xx_HAL_Driver/Src/stm32l4xx_hal_rcc.c ****         {
 786              		.loc 1 446 47 view .LVU247
 787 0072 7D4B     		ldr	r3, .L176
 788 0074 1B68     		ldr	r3, [r3]
 789 0076 13F0080F 		tst	r3, #8
 790 007a 5BD0     		beq	.L62
 446:Drivers/STM32L4xx_HAL_Driver/Src/stm32l4xx_hal_rcc.c ****         {
 791              		.loc 1 446 47 discriminator 1 view .LVU248
 792 007c 7A4B     		ldr	r3, .L176
 793 007e 1B68     		ldr	r3, [r3]
 794 0080 03F0F003 		and	r3, r3, #240
 795              	.L63:
 446:Drivers/STM32L4xx_HAL_Driver/Src/stm32l4xx_hal_rcc.c ****         {
 796              		.loc 1 446 11 discriminator 4 view .LVU249
 797 0084 9842     		cmp	r0, r3
 798 0086 5CD8     		bhi	.L156
 463:Drivers/STM32L4xx_HAL_Driver/Src/stm32l4xx_hal_rcc.c ****           /* Adjusts the Multiple Speed oscillator (MSI) calibration value.*/
 799              		.loc 1 463 11 is_stmt 1 view .LVU250
 463:Drivers/STM32L4xx_HAL_Driver/Src/stm32l4xx_hal_rcc.c ****           /* Adjusts the Multiple Speed oscillator (MSI) calibration value.*/
 800              		.loc 1 463 11 view .LVU251
 801 0088 774B     		ldr	r3, .L176
 802 008a 1A68     		ldr	r2, [r3]
 803 008c 42F00802 		orr	r2, r2, #8
 804 0090 1A60     		str	r2, [r3]
 463:Drivers/STM32L4xx_HAL_Driver/Src/stm32l4xx_hal_rcc.c ****           /* Adjusts the Multiple Speed oscillator (MSI) calibration value.*/
 805              		.loc 1 463 11 view .LVU252
 806 0092 1A68     		ldr	r2, [r3]
 807 0094 22F0F002 		bic	r2, r2, #240
 808 0098 216A     		ldr	r1, [r4, #32]
 809 009a 0A43     		orrs	r2, r2, r1
 810 009c 1A60     		str	r2, [r3]
 463:Drivers/STM32L4xx_HAL_Driver/Src/stm32l4xx_hal_rcc.c ****           /* Adjusts the Multiple Speed oscillator (MSI) calibration value.*/
ARM GAS  /tmp/ccziZpZZ.s 			page 52


 811              		.loc 1 463 11 view .LVU253
 465:Drivers/STM32L4xx_HAL_Driver/Src/stm32l4xx_hal_rcc.c **** 
 812              		.loc 1 465 11 view .LVU254
 813 009e 5A68     		ldr	r2, [r3, #4]
 814 00a0 22F47F42 		bic	r2, r2, #65280
 815 00a4 E169     		ldr	r1, [r4, #28]
 816 00a6 42EA0122 		orr	r2, r2, r1, lsl #8
 817 00aa 5A60     		str	r2, [r3, #4]
 469:Drivers/STM32L4xx_HAL_Driver/Src/stm32l4xx_hal_rcc.c ****           {
 818              		.loc 1 469 11 view .LVU255
 469:Drivers/STM32L4xx_HAL_Driver/Src/stm32l4xx_hal_rcc.c ****           {
 819              		.loc 1 469 13 is_stmt 0 view .LVU256
 820 00ac 002D     		cmp	r5, #0
 821 00ae 60D0     		beq	.L157
 822              	.L65:
 479:Drivers/STM32L4xx_HAL_Driver/Src/stm32l4xx_hal_rcc.c **** 
 823              		.loc 1 479 9 is_stmt 1 view .LVU257
 479:Drivers/STM32L4xx_HAL_Driver/Src/stm32l4xx_hal_rcc.c **** 
 824              		.loc 1 479 27 is_stmt 0 view .LVU258
 825 00b0 FFF7FEFF 		bl	HAL_RCC_GetSysClockFreq
 826              	.LVL59:
 479:Drivers/STM32L4xx_HAL_Driver/Src/stm32l4xx_hal_rcc.c **** 
 827              		.loc 1 479 71 discriminator 1 view .LVU259
 828 00b4 6C4B     		ldr	r3, .L176
 829 00b6 9B68     		ldr	r3, [r3, #8]
 479:Drivers/STM32L4xx_HAL_Driver/Src/stm32l4xx_hal_rcc.c **** 
 830              		.loc 1 479 106 discriminator 1 view .LVU260
 831 00b8 C3F30313 		ubfx	r3, r3, #4, #4
 479:Drivers/STM32L4xx_HAL_Driver/Src/stm32l4xx_hal_rcc.c **** 
 832              		.loc 1 479 70 discriminator 1 view .LVU261
 833 00bc 6B4A     		ldr	r2, .L176+4
 834 00be D35C     		ldrb	r3, [r2, r3]	@ zero_extendqisi2
 479:Drivers/STM32L4xx_HAL_Driver/Src/stm32l4xx_hal_rcc.c **** 
 835              		.loc 1 479 128 discriminator 1 view .LVU262
 836 00c0 03F01F03 		and	r3, r3, #31
 479:Drivers/STM32L4xx_HAL_Driver/Src/stm32l4xx_hal_rcc.c **** 
 837              		.loc 1 479 53 discriminator 1 view .LVU263
 838 00c4 D840     		lsrs	r0, r0, r3
 479:Drivers/STM32L4xx_HAL_Driver/Src/stm32l4xx_hal_rcc.c **** 
 839              		.loc 1 479 25 discriminator 1 view .LVU264
 840 00c6 6A4B     		ldr	r3, .L176+8
 841 00c8 1860     		str	r0, [r3]
 482:Drivers/STM32L4xx_HAL_Driver/Src/stm32l4xx_hal_rcc.c ****         if(status != HAL_OK)
 842              		.loc 1 482 9 is_stmt 1 view .LVU265
 482:Drivers/STM32L4xx_HAL_Driver/Src/stm32l4xx_hal_rcc.c ****         if(status != HAL_OK)
 843              		.loc 1 482 18 is_stmt 0 view .LVU266
 844 00ca 6A4B     		ldr	r3, .L176+12
 845 00cc 1868     		ldr	r0, [r3]
 846 00ce FFF7FEFF 		bl	HAL_InitTick
 847              	.LVL60:
 483:Drivers/STM32L4xx_HAL_Driver/Src/stm32l4xx_hal_rcc.c ****         {
 848              		.loc 1 483 9 is_stmt 1 view .LVU267
 483:Drivers/STM32L4xx_HAL_Driver/Src/stm32l4xx_hal_rcc.c ****         {
 849              		.loc 1 483 11 is_stmt 0 view .LVU268
 850 00d2 0028     		cmp	r0, #0
 851 00d4 40F09382 		bne	.L57
 852              	.LVL61:
ARM GAS  /tmp/ccziZpZZ.s 			page 53


 853              	.L58:
 534:Drivers/STM32L4xx_HAL_Driver/Src/stm32l4xx_hal_rcc.c ****   {
 854              		.loc 1 534 3 is_stmt 1 view .LVU269
 534:Drivers/STM32L4xx_HAL_Driver/Src/stm32l4xx_hal_rcc.c ****   {
 855              		.loc 1 534 25 is_stmt 0 view .LVU270
 856 00d8 2368     		ldr	r3, [r4]
 534:Drivers/STM32L4xx_HAL_Driver/Src/stm32l4xx_hal_rcc.c ****   {
 857              		.loc 1 534 5 view .LVU271
 858 00da 13F0010F 		tst	r3, #1
 859 00de 00F08180 		beq	.L71
 537:Drivers/STM32L4xx_HAL_Driver/Src/stm32l4xx_hal_rcc.c **** 
 860              		.loc 1 537 5 is_stmt 1 view .LVU272
 540:Drivers/STM32L4xx_HAL_Driver/Src/stm32l4xx_hal_rcc.c ****        ((sysclk_source == RCC_CFGR_SWS_PLL) && (pll_config == RCC_PLLSOURCE_HSE)))
 861              		.loc 1 540 5 view .LVU273
 540:Drivers/STM32L4xx_HAL_Driver/Src/stm32l4xx_hal_rcc.c ****        ((sysclk_source == RCC_CFGR_SWS_PLL) && (pll_config == RCC_PLLSOURCE_HSE)))
 862              		.loc 1 540 7 is_stmt 0 view .LVU274
 863 00e2 082D     		cmp	r5, #8
 864 00e4 75D0     		beq	.L72
 540:Drivers/STM32L4xx_HAL_Driver/Src/stm32l4xx_hal_rcc.c ****        ((sysclk_source == RCC_CFGR_SWS_PLL) && (pll_config == RCC_PLLSOURCE_HSE)))
 865              		.loc 1 540 44 discriminator 1 view .LVU275
 866 00e6 0C2D     		cmp	r5, #12
 867 00e8 71D0     		beq	.L158
 868              	.L73:
 551:Drivers/STM32L4xx_HAL_Driver/Src/stm32l4xx_hal_rcc.c **** 
 869              		.loc 1 551 7 is_stmt 1 view .LVU276
 551:Drivers/STM32L4xx_HAL_Driver/Src/stm32l4xx_hal_rcc.c **** 
 870              		.loc 1 551 7 view .LVU277
 871 00ea 6368     		ldr	r3, [r4, #4]
 872 00ec B3F5803F 		cmp	r3, #65536
 873 00f0 00F09780 		beq	.L159
 551:Drivers/STM32L4xx_HAL_Driver/Src/stm32l4xx_hal_rcc.c **** 
 874              		.loc 1 551 7 discriminator 2 view .LVU278
 875 00f4 B3F5A02F 		cmp	r3, #327680
 876 00f8 00F09980 		beq	.L160
 551:Drivers/STM32L4xx_HAL_Driver/Src/stm32l4xx_hal_rcc.c **** 
 877              		.loc 1 551 7 discriminator 5 view .LVU279
 878 00fc 5A4B     		ldr	r3, .L176
 879 00fe 1A68     		ldr	r2, [r3]
 880 0100 22F48032 		bic	r2, r2, #65536
 881 0104 1A60     		str	r2, [r3]
 551:Drivers/STM32L4xx_HAL_Driver/Src/stm32l4xx_hal_rcc.c **** 
 882              		.loc 1 551 7 view .LVU280
 551:Drivers/STM32L4xx_HAL_Driver/Src/stm32l4xx_hal_rcc.c **** 
 883              		.loc 1 551 7 is_stmt 0 discriminator 5 view .LVU281
 884 0106 1A68     		ldr	r2, [r3]
 885 0108 22F48022 		bic	r2, r2, #262144
 886 010c 1A60     		str	r2, [r3]
 887              	.L75:
 551:Drivers/STM32L4xx_HAL_Driver/Src/stm32l4xx_hal_rcc.c **** 
 888              		.loc 1 551 7 is_stmt 1 discriminator 7 view .LVU282
 554:Drivers/STM32L4xx_HAL_Driver/Src/stm32l4xx_hal_rcc.c ****       {
 889              		.loc 1 554 7 view .LVU283
 554:Drivers/STM32L4xx_HAL_Driver/Src/stm32l4xx_hal_rcc.c ****       {
 890              		.loc 1 554 27 is_stmt 0 view .LVU284
 891 010e 6368     		ldr	r3, [r4, #4]
 554:Drivers/STM32L4xx_HAL_Driver/Src/stm32l4xx_hal_rcc.c ****       {
 892              		.loc 1 554 9 view .LVU285
ARM GAS  /tmp/ccziZpZZ.s 			page 54


 893 0110 002B     		cmp	r3, #0
 894 0112 00F09980 		beq	.L77
 557:Drivers/STM32L4xx_HAL_Driver/Src/stm32l4xx_hal_rcc.c **** 
 895              		.loc 1 557 9 is_stmt 1 view .LVU286
 557:Drivers/STM32L4xx_HAL_Driver/Src/stm32l4xx_hal_rcc.c **** 
 896              		.loc 1 557 21 is_stmt 0 view .LVU287
 897 0116 FFF7FEFF 		bl	HAL_GetTick
 898              	.LVL62:
 899 011a 0746     		mov	r7, r0
 900              	.LVL63:
 560:Drivers/STM32L4xx_HAL_Driver/Src/stm32l4xx_hal_rcc.c ****         {
 901              		.loc 1 560 9 is_stmt 1 view .LVU288
 902              	.L78:
 560:Drivers/STM32L4xx_HAL_Driver/Src/stm32l4xx_hal_rcc.c ****         {
 903              		.loc 1 560 48 view .LVU289
 560:Drivers/STM32L4xx_HAL_Driver/Src/stm32l4xx_hal_rcc.c ****         {
 904              		.loc 1 560 15 is_stmt 0 view .LVU290
 905 011c 524B     		ldr	r3, .L176
 906 011e 1B68     		ldr	r3, [r3]
 560:Drivers/STM32L4xx_HAL_Driver/Src/stm32l4xx_hal_rcc.c ****         {
 907              		.loc 1 560 48 view .LVU291
 908 0120 13F4003F 		tst	r3, #131072
 909 0124 5ED1     		bne	.L71
 562:Drivers/STM32L4xx_HAL_Driver/Src/stm32l4xx_hal_rcc.c ****           {
 910              		.loc 1 562 11 is_stmt 1 view .LVU292
 562:Drivers/STM32L4xx_HAL_Driver/Src/stm32l4xx_hal_rcc.c ****           {
 911              		.loc 1 562 15 is_stmt 0 view .LVU293
 912 0126 FFF7FEFF 		bl	HAL_GetTick
 913              	.LVL64:
 562:Drivers/STM32L4xx_HAL_Driver/Src/stm32l4xx_hal_rcc.c ****           {
 914              		.loc 1 562 29 discriminator 1 view .LVU294
 915 012a C01B     		subs	r0, r0, r7
 562:Drivers/STM32L4xx_HAL_Driver/Src/stm32l4xx_hal_rcc.c ****           {
 916              		.loc 1 562 13 discriminator 1 view .LVU295
 917 012c 6428     		cmp	r0, #100
 918 012e F5D9     		bls	.L78
 564:Drivers/STM32L4xx_HAL_Driver/Src/stm32l4xx_hal_rcc.c ****           }
 919              		.loc 1 564 20 view .LVU296
 920 0130 0320     		movs	r0, #3
 921 0132 64E2     		b	.L57
 922              	.LVL65:
 923              	.L62:
 446:Drivers/STM32L4xx_HAL_Driver/Src/stm32l4xx_hal_rcc.c ****         {
 924              		.loc 1 446 47 discriminator 2 view .LVU297
 925 0134 4C4B     		ldr	r3, .L176
 926 0136 D3F89430 		ldr	r3, [r3, #148]
 927 013a 1B09     		lsrs	r3, r3, #4
 928 013c 03F0F003 		and	r3, r3, #240
 929 0140 A0E7     		b	.L63
 930              	.L156:
 449:Drivers/STM32L4xx_HAL_Driver/Src/stm32l4xx_hal_rcc.c ****           {
 931              		.loc 1 449 11 is_stmt 1 view .LVU298
 449:Drivers/STM32L4xx_HAL_Driver/Src/stm32l4xx_hal_rcc.c ****           {
 932              		.loc 1 449 14 is_stmt 0 view .LVU299
 933 0142 FFF7FEFF 		bl	RCC_SetFlashLatencyFromMSIRange
 934              	.LVL66:
 449:Drivers/STM32L4xx_HAL_Driver/Src/stm32l4xx_hal_rcc.c ****           {
ARM GAS  /tmp/ccziZpZZ.s 			page 55


 935              		.loc 1 449 13 discriminator 1 view .LVU300
 936 0146 0028     		cmp	r0, #0
 937 0148 40F05282 		bne	.L124
 455:Drivers/STM32L4xx_HAL_Driver/Src/stm32l4xx_hal_rcc.c ****           /* Adjusts the Multiple Speed oscillator (MSI) calibration value.*/
 938              		.loc 1 455 11 is_stmt 1 view .LVU301
 455:Drivers/STM32L4xx_HAL_Driver/Src/stm32l4xx_hal_rcc.c ****           /* Adjusts the Multiple Speed oscillator (MSI) calibration value.*/
 939              		.loc 1 455 11 view .LVU302
 940 014c 464B     		ldr	r3, .L176
 941 014e 1A68     		ldr	r2, [r3]
 942 0150 42F00802 		orr	r2, r2, #8
 943 0154 1A60     		str	r2, [r3]
 455:Drivers/STM32L4xx_HAL_Driver/Src/stm32l4xx_hal_rcc.c ****           /* Adjusts the Multiple Speed oscillator (MSI) calibration value.*/
 944              		.loc 1 455 11 view .LVU303
 945 0156 1A68     		ldr	r2, [r3]
 946 0158 22F0F002 		bic	r2, r2, #240
 947 015c 216A     		ldr	r1, [r4, #32]
 948 015e 0A43     		orrs	r2, r2, r1
 949 0160 1A60     		str	r2, [r3]
 455:Drivers/STM32L4xx_HAL_Driver/Src/stm32l4xx_hal_rcc.c ****           /* Adjusts the Multiple Speed oscillator (MSI) calibration value.*/
 950              		.loc 1 455 11 view .LVU304
 457:Drivers/STM32L4xx_HAL_Driver/Src/stm32l4xx_hal_rcc.c ****         }
 951              		.loc 1 457 11 view .LVU305
 952 0162 5A68     		ldr	r2, [r3, #4]
 953 0164 22F47F42 		bic	r2, r2, #65280
 954 0168 E169     		ldr	r1, [r4, #28]
 955 016a 42EA0122 		orr	r2, r2, r1, lsl #8
 956 016e 5A60     		str	r2, [r3, #4]
 957 0170 9EE7     		b	.L65
 958              	.L157:
 471:Drivers/STM32L4xx_HAL_Driver/Src/stm32l4xx_hal_rcc.c ****             {
 959              		.loc 1 471 13 view .LVU306
 471:Drivers/STM32L4xx_HAL_Driver/Src/stm32l4xx_hal_rcc.c ****             {
 960              		.loc 1 471 16 is_stmt 0 view .LVU307
 961 0172 206A     		ldr	r0, [r4, #32]
 962 0174 FFF7FEFF 		bl	RCC_SetFlashLatencyFromMSIRange
 963              	.LVL67:
 471:Drivers/STM32L4xx_HAL_Driver/Src/stm32l4xx_hal_rcc.c ****             {
 964              		.loc 1 471 15 discriminator 1 view .LVU308
 965 0178 0028     		cmp	r0, #0
 966 017a 99D0     		beq	.L65
 473:Drivers/STM32L4xx_HAL_Driver/Src/stm32l4xx_hal_rcc.c ****             }
 967              		.loc 1 473 22 view .LVU309
 968 017c 0120     		movs	r0, #1
 969 017e 3EE2     		b	.L57
 970              	.LVL68:
 971              	.L155:
 509:Drivers/STM32L4xx_HAL_Driver/Src/stm32l4xx_hal_rcc.c ****          /* Adjusts the Multiple Speed oscillator (MSI) calibration value.*/
 972              		.loc 1 509 9 is_stmt 1 view .LVU310
 509:Drivers/STM32L4xx_HAL_Driver/Src/stm32l4xx_hal_rcc.c ****          /* Adjusts the Multiple Speed oscillator (MSI) calibration value.*/
 973              		.loc 1 509 9 view .LVU311
 974 0180 394B     		ldr	r3, .L176
 975 0182 1A68     		ldr	r2, [r3]
 976 0184 42F00802 		orr	r2, r2, #8
 977 0188 1A60     		str	r2, [r3]
 509:Drivers/STM32L4xx_HAL_Driver/Src/stm32l4xx_hal_rcc.c ****          /* Adjusts the Multiple Speed oscillator (MSI) calibration value.*/
 978              		.loc 1 509 9 view .LVU312
 979 018a 1A68     		ldr	r2, [r3]
ARM GAS  /tmp/ccziZpZZ.s 			page 56


 980 018c 22F0F002 		bic	r2, r2, #240
 981 0190 216A     		ldr	r1, [r4, #32]
 982 0192 0A43     		orrs	r2, r2, r1
 983 0194 1A60     		str	r2, [r3]
 509:Drivers/STM32L4xx_HAL_Driver/Src/stm32l4xx_hal_rcc.c ****          /* Adjusts the Multiple Speed oscillator (MSI) calibration value.*/
 984              		.loc 1 509 9 view .LVU313
 511:Drivers/STM32L4xx_HAL_Driver/Src/stm32l4xx_hal_rcc.c **** 
 985              		.loc 1 511 9 view .LVU314
 986 0196 5A68     		ldr	r2, [r3, #4]
 987 0198 22F47F42 		bic	r2, r2, #65280
 988 019c E169     		ldr	r1, [r4, #28]
 989 019e 42EA0122 		orr	r2, r2, r1, lsl #8
 990 01a2 5A60     		str	r2, [r3, #4]
 991 01a4 98E7     		b	.L58
 992              	.LVL69:
 993              	.L66:
 517:Drivers/STM32L4xx_HAL_Driver/Src/stm32l4xx_hal_rcc.c **** 
 994              		.loc 1 517 9 view .LVU315
 995 01a6 304A     		ldr	r2, .L176
 996 01a8 1368     		ldr	r3, [r2]
 997 01aa 23F00103 		bic	r3, r3, #1
 998 01ae 1360     		str	r3, [r2]
 520:Drivers/STM32L4xx_HAL_Driver/Src/stm32l4xx_hal_rcc.c **** 
 999              		.loc 1 520 9 view .LVU316
 520:Drivers/STM32L4xx_HAL_Driver/Src/stm32l4xx_hal_rcc.c **** 
 1000              		.loc 1 520 21 is_stmt 0 view .LVU317
 1001 01b0 FFF7FEFF 		bl	HAL_GetTick
 1002              	.LVL70:
 520:Drivers/STM32L4xx_HAL_Driver/Src/stm32l4xx_hal_rcc.c **** 
 1003              		.loc 1 520 21 view .LVU318
 1004 01b4 0746     		mov	r7, r0
 1005              	.LVL71:
 523:Drivers/STM32L4xx_HAL_Driver/Src/stm32l4xx_hal_rcc.c ****         {
 1006              		.loc 1 523 9 is_stmt 1 view .LVU319
 1007              	.L69:
 523:Drivers/STM32L4xx_HAL_Driver/Src/stm32l4xx_hal_rcc.c ****         {
 1008              		.loc 1 523 48 view .LVU320
 523:Drivers/STM32L4xx_HAL_Driver/Src/stm32l4xx_hal_rcc.c ****         {
 1009              		.loc 1 523 15 is_stmt 0 view .LVU321
 1010 01b6 2C4B     		ldr	r3, .L176
 1011 01b8 1B68     		ldr	r3, [r3]
 523:Drivers/STM32L4xx_HAL_Driver/Src/stm32l4xx_hal_rcc.c ****         {
 1012              		.loc 1 523 48 view .LVU322
 1013 01ba 13F0020F 		tst	r3, #2
 1014 01be 8BD0     		beq	.L58
 525:Drivers/STM32L4xx_HAL_Driver/Src/stm32l4xx_hal_rcc.c ****           {
 1015              		.loc 1 525 11 is_stmt 1 view .LVU323
 525:Drivers/STM32L4xx_HAL_Driver/Src/stm32l4xx_hal_rcc.c ****           {
 1016              		.loc 1 525 15 is_stmt 0 view .LVU324
 1017 01c0 FFF7FEFF 		bl	HAL_GetTick
 1018              	.LVL72:
 525:Drivers/STM32L4xx_HAL_Driver/Src/stm32l4xx_hal_rcc.c ****           {
 1019              		.loc 1 525 29 discriminator 1 view .LVU325
 1020 01c4 C01B     		subs	r0, r0, r7
 525:Drivers/STM32L4xx_HAL_Driver/Src/stm32l4xx_hal_rcc.c ****           {
 1021              		.loc 1 525 13 discriminator 1 view .LVU326
 1022 01c6 0228     		cmp	r0, #2
ARM GAS  /tmp/ccziZpZZ.s 			page 57


 1023 01c8 F5D9     		bls	.L69
 527:Drivers/STM32L4xx_HAL_Driver/Src/stm32l4xx_hal_rcc.c ****           }
 1024              		.loc 1 527 20 view .LVU327
 1025 01ca 0320     		movs	r0, #3
 1026 01cc 17E2     		b	.L57
 1027              	.LVL73:
 1028              	.L158:
 541:Drivers/STM32L4xx_HAL_Driver/Src/stm32l4xx_hal_rcc.c ****     {
 1029              		.loc 1 541 45 view .LVU328
 1030 01ce 032E     		cmp	r6, #3
 1031 01d0 8BD1     		bne	.L73
 1032              	.L72:
 543:Drivers/STM32L4xx_HAL_Driver/Src/stm32l4xx_hal_rcc.c ****       {
 1033              		.loc 1 543 7 is_stmt 1 view .LVU329
 543:Drivers/STM32L4xx_HAL_Driver/Src/stm32l4xx_hal_rcc.c ****       {
 1034              		.loc 1 543 11 is_stmt 0 view .LVU330
 1035 01d2 254B     		ldr	r3, .L176
 1036 01d4 1B68     		ldr	r3, [r3]
 543:Drivers/STM32L4xx_HAL_Driver/Src/stm32l4xx_hal_rcc.c ****       {
 1037              		.loc 1 543 9 view .LVU331
 1038 01d6 13F4003F 		tst	r3, #131072
 1039 01da 03D0     		beq	.L71
 543:Drivers/STM32L4xx_HAL_Driver/Src/stm32l4xx_hal_rcc.c ****       {
 1040              		.loc 1 543 72 discriminator 1 view .LVU332
 1041 01dc 6368     		ldr	r3, [r4, #4]
 543:Drivers/STM32L4xx_HAL_Driver/Src/stm32l4xx_hal_rcc.c ****       {
 1042              		.loc 1 543 51 discriminator 1 view .LVU333
 1043 01de 002B     		cmp	r3, #0
 1044 01e0 00F00882 		beq	.L161
 1045              	.L71:
 585:Drivers/STM32L4xx_HAL_Driver/Src/stm32l4xx_hal_rcc.c ****   {
 1046              		.loc 1 585 3 is_stmt 1 view .LVU334
 585:Drivers/STM32L4xx_HAL_Driver/Src/stm32l4xx_hal_rcc.c ****   {
 1047              		.loc 1 585 25 is_stmt 0 view .LVU335
 1048 01e4 2368     		ldr	r3, [r4]
 585:Drivers/STM32L4xx_HAL_Driver/Src/stm32l4xx_hal_rcc.c ****   {
 1049              		.loc 1 585 5 view .LVU336
 1050 01e6 13F0020F 		tst	r3, #2
 1051 01ea 58D0     		beq	.L82
 588:Drivers/STM32L4xx_HAL_Driver/Src/stm32l4xx_hal_rcc.c ****     assert_param(IS_RCC_HSI_CALIBRATION_VALUE(RCC_OscInitStruct->HSICalibrationValue));
 1052              		.loc 1 588 5 is_stmt 1 view .LVU337
 589:Drivers/STM32L4xx_HAL_Driver/Src/stm32l4xx_hal_rcc.c **** 
 1053              		.loc 1 589 5 view .LVU338
 592:Drivers/STM32L4xx_HAL_Driver/Src/stm32l4xx_hal_rcc.c ****        ((sysclk_source == RCC_CFGR_SWS_PLL) && (pll_config == RCC_PLLSOURCE_HSI)))
 1054              		.loc 1 592 5 view .LVU339
 592:Drivers/STM32L4xx_HAL_Driver/Src/stm32l4xx_hal_rcc.c ****        ((sysclk_source == RCC_CFGR_SWS_PLL) && (pll_config == RCC_PLLSOURCE_HSI)))
 1055              		.loc 1 592 7 is_stmt 0 view .LVU340
 1056 01ec 042D     		cmp	r5, #4
 1057 01ee 45D0     		beq	.L83
 592:Drivers/STM32L4xx_HAL_Driver/Src/stm32l4xx_hal_rcc.c ****        ((sysclk_source == RCC_CFGR_SWS_PLL) && (pll_config == RCC_PLLSOURCE_HSI)))
 1058              		.loc 1 592 44 discriminator 1 view .LVU341
 1059 01f0 0C2D     		cmp	r5, #12
 1060 01f2 41D0     		beq	.L162
 1061              	.L84:
 610:Drivers/STM32L4xx_HAL_Driver/Src/stm32l4xx_hal_rcc.c ****       {
 1062              		.loc 1 610 7 is_stmt 1 view .LVU342
 610:Drivers/STM32L4xx_HAL_Driver/Src/stm32l4xx_hal_rcc.c ****       {
ARM GAS  /tmp/ccziZpZZ.s 			page 58


 1063              		.loc 1 610 27 is_stmt 0 view .LVU343
 1064 01f4 E368     		ldr	r3, [r4, #12]
 610:Drivers/STM32L4xx_HAL_Driver/Src/stm32l4xx_hal_rcc.c ****       {
 1065              		.loc 1 610 9 view .LVU344
 1066 01f6 002B     		cmp	r3, #0
 1067 01f8 77D0     		beq	.L86
 613:Drivers/STM32L4xx_HAL_Driver/Src/stm32l4xx_hal_rcc.c **** 
 1068              		.loc 1 613 9 is_stmt 1 view .LVU345
 1069 01fa 1B4A     		ldr	r2, .L176
 1070 01fc 1368     		ldr	r3, [r2]
 1071 01fe 43F48073 		orr	r3, r3, #256
 1072 0202 1360     		str	r3, [r2]
 616:Drivers/STM32L4xx_HAL_Driver/Src/stm32l4xx_hal_rcc.c **** 
 1073              		.loc 1 616 9 view .LVU346
 616:Drivers/STM32L4xx_HAL_Driver/Src/stm32l4xx_hal_rcc.c **** 
 1074              		.loc 1 616 21 is_stmt 0 view .LVU347
 1075 0204 FFF7FEFF 		bl	HAL_GetTick
 1076              	.LVL74:
 1077 0208 0646     		mov	r6, r0
 1078              	.LVL75:
 619:Drivers/STM32L4xx_HAL_Driver/Src/stm32l4xx_hal_rcc.c ****         {
 1079              		.loc 1 619 9 is_stmt 1 view .LVU348
 1080              	.L87:
 619:Drivers/STM32L4xx_HAL_Driver/Src/stm32l4xx_hal_rcc.c ****         {
 1081              		.loc 1 619 48 view .LVU349
 619:Drivers/STM32L4xx_HAL_Driver/Src/stm32l4xx_hal_rcc.c ****         {
 1082              		.loc 1 619 15 is_stmt 0 view .LVU350
 1083 020a 174B     		ldr	r3, .L176
 1084 020c 1B68     		ldr	r3, [r3]
 619:Drivers/STM32L4xx_HAL_Driver/Src/stm32l4xx_hal_rcc.c ****         {
 1085              		.loc 1 619 48 view .LVU351
 1086 020e 13F4806F 		tst	r3, #1024
 1087 0212 61D1     		bne	.L163
 621:Drivers/STM32L4xx_HAL_Driver/Src/stm32l4xx_hal_rcc.c ****           {
 1088              		.loc 1 621 11 is_stmt 1 view .LVU352
 621:Drivers/STM32L4xx_HAL_Driver/Src/stm32l4xx_hal_rcc.c ****           {
 1089              		.loc 1 621 15 is_stmt 0 view .LVU353
 1090 0214 FFF7FEFF 		bl	HAL_GetTick
 1091              	.LVL76:
 621:Drivers/STM32L4xx_HAL_Driver/Src/stm32l4xx_hal_rcc.c ****           {
 1092              		.loc 1 621 29 discriminator 1 view .LVU354
 1093 0218 801B     		subs	r0, r0, r6
 621:Drivers/STM32L4xx_HAL_Driver/Src/stm32l4xx_hal_rcc.c ****           {
 1094              		.loc 1 621 13 discriminator 1 view .LVU355
 1095 021a 0228     		cmp	r0, #2
 1096 021c F5D9     		bls	.L87
 623:Drivers/STM32L4xx_HAL_Driver/Src/stm32l4xx_hal_rcc.c ****           }
 1097              		.loc 1 623 20 view .LVU356
 1098 021e 0320     		movs	r0, #3
 1099 0220 EDE1     		b	.L57
 1100              	.LVL77:
 1101              	.L159:
 551:Drivers/STM32L4xx_HAL_Driver/Src/stm32l4xx_hal_rcc.c **** 
 1102              		.loc 1 551 7 is_stmt 1 discriminator 1 view .LVU357
 1103 0222 114A     		ldr	r2, .L176
 1104 0224 1368     		ldr	r3, [r2]
 1105 0226 43F48033 		orr	r3, r3, #65536
ARM GAS  /tmp/ccziZpZZ.s 			page 59


 1106 022a 1360     		str	r3, [r2]
 1107 022c 6FE7     		b	.L75
 1108              	.L160:
 551:Drivers/STM32L4xx_HAL_Driver/Src/stm32l4xx_hal_rcc.c **** 
 1109              		.loc 1 551 7 discriminator 4 view .LVU358
 1110 022e 03F18043 		add	r3, r3, #1073741824
 1111 0232 A3F53C33 		sub	r3, r3, #192512
 1112 0236 1A68     		ldr	r2, [r3]
 1113 0238 42F48022 		orr	r2, r2, #262144
 1114 023c 1A60     		str	r2, [r3]
 551:Drivers/STM32L4xx_HAL_Driver/Src/stm32l4xx_hal_rcc.c **** 
 1115              		.loc 1 551 7 view .LVU359
 551:Drivers/STM32L4xx_HAL_Driver/Src/stm32l4xx_hal_rcc.c **** 
 1116              		.loc 1 551 7 is_stmt 0 discriminator 4 view .LVU360
 1117 023e 1A68     		ldr	r2, [r3]
 1118 0240 42F48032 		orr	r2, r2, #65536
 1119 0244 1A60     		str	r2, [r3]
 1120 0246 62E7     		b	.L75
 1121              	.L77:
 571:Drivers/STM32L4xx_HAL_Driver/Src/stm32l4xx_hal_rcc.c **** 
 1122              		.loc 1 571 9 is_stmt 1 view .LVU361
 571:Drivers/STM32L4xx_HAL_Driver/Src/stm32l4xx_hal_rcc.c **** 
 1123              		.loc 1 571 21 is_stmt 0 view .LVU362
 1124 0248 FFF7FEFF 		bl	HAL_GetTick
 1125              	.LVL78:
 1126 024c 0746     		mov	r7, r0
 1127              	.LVL79:
 574:Drivers/STM32L4xx_HAL_Driver/Src/stm32l4xx_hal_rcc.c ****         {
 1128              		.loc 1 574 9 is_stmt 1 view .LVU363
 1129              	.L80:
 574:Drivers/STM32L4xx_HAL_Driver/Src/stm32l4xx_hal_rcc.c ****         {
 1130              		.loc 1 574 48 view .LVU364
 574:Drivers/STM32L4xx_HAL_Driver/Src/stm32l4xx_hal_rcc.c ****         {
 1131              		.loc 1 574 15 is_stmt 0 view .LVU365
 1132 024e 064B     		ldr	r3, .L176
 1133 0250 1B68     		ldr	r3, [r3]
 574:Drivers/STM32L4xx_HAL_Driver/Src/stm32l4xx_hal_rcc.c ****         {
 1134              		.loc 1 574 48 view .LVU366
 1135 0252 13F4003F 		tst	r3, #131072
 1136 0256 C5D0     		beq	.L71
 576:Drivers/STM32L4xx_HAL_Driver/Src/stm32l4xx_hal_rcc.c ****           {
 1137              		.loc 1 576 11 is_stmt 1 view .LVU367
 576:Drivers/STM32L4xx_HAL_Driver/Src/stm32l4xx_hal_rcc.c ****           {
 1138              		.loc 1 576 15 is_stmt 0 view .LVU368
 1139 0258 FFF7FEFF 		bl	HAL_GetTick
 1140              	.LVL80:
 576:Drivers/STM32L4xx_HAL_Driver/Src/stm32l4xx_hal_rcc.c ****           {
 1141              		.loc 1 576 29 discriminator 1 view .LVU369
 1142 025c C01B     		subs	r0, r0, r7
 576:Drivers/STM32L4xx_HAL_Driver/Src/stm32l4xx_hal_rcc.c ****           {
 1143              		.loc 1 576 13 discriminator 1 view .LVU370
 1144 025e 6428     		cmp	r0, #100
 1145 0260 F5D9     		bls	.L80
 578:Drivers/STM32L4xx_HAL_Driver/Src/stm32l4xx_hal_rcc.c ****           }
 1146              		.loc 1 578 20 view .LVU371
 1147 0262 0320     		movs	r0, #3
 1148 0264 CBE1     		b	.L57
ARM GAS  /tmp/ccziZpZZ.s 			page 60


 1149              	.L177:
 1150 0266 00BF     		.align	2
 1151              	.L176:
 1152 0268 00100240 		.word	1073876992
 1153 026c 00000000 		.word	AHBPrescTable
 1154 0270 00000000 		.word	SystemCoreClock
 1155 0274 00000000 		.word	uwTickPrio
 1156              	.LVL81:
 1157              	.L162:
 593:Drivers/STM32L4xx_HAL_Driver/Src/stm32l4xx_hal_rcc.c ****     {
 1158              		.loc 1 593 45 view .LVU372
 1159 0278 022E     		cmp	r6, #2
 1160 027a BBD1     		bne	.L84
 1161              	.L83:
 596:Drivers/STM32L4xx_HAL_Driver/Src/stm32l4xx_hal_rcc.c ****       {
 1162              		.loc 1 596 7 is_stmt 1 view .LVU373
 596:Drivers/STM32L4xx_HAL_Driver/Src/stm32l4xx_hal_rcc.c ****       {
 1163              		.loc 1 596 11 is_stmt 0 view .LVU374
 1164 027c A34B     		ldr	r3, .L178
 1165 027e 1B68     		ldr	r3, [r3]
 596:Drivers/STM32L4xx_HAL_Driver/Src/stm32l4xx_hal_rcc.c ****       {
 1166              		.loc 1 596 9 view .LVU375
 1167 0280 13F4806F 		tst	r3, #1024
 1168 0284 03D0     		beq	.L85
 596:Drivers/STM32L4xx_HAL_Driver/Src/stm32l4xx_hal_rcc.c ****       {
 1169              		.loc 1 596 72 discriminator 1 view .LVU376
 1170 0286 E368     		ldr	r3, [r4, #12]
 596:Drivers/STM32L4xx_HAL_Driver/Src/stm32l4xx_hal_rcc.c ****       {
 1171              		.loc 1 596 51 discriminator 1 view .LVU377
 1172 0288 002B     		cmp	r3, #0
 1173 028a 00F0B581 		beq	.L131
 1174              	.L85:
 604:Drivers/STM32L4xx_HAL_Driver/Src/stm32l4xx_hal_rcc.c ****       }
 1175              		.loc 1 604 9 is_stmt 1 view .LVU378
 1176 028e 9F4A     		ldr	r2, .L178
 1177 0290 5368     		ldr	r3, [r2, #4]
 1178 0292 23F0F853 		bic	r3, r3, #520093696
 1179 0296 2169     		ldr	r1, [r4, #16]
 1180 0298 43EA0163 		orr	r3, r3, r1, lsl #24
 1181 029c 5360     		str	r3, [r2, #4]
 1182              	.LVL82:
 1183              	.L82:
 650:Drivers/STM32L4xx_HAL_Driver/Src/stm32l4xx_hal_rcc.c ****   {
 1184              		.loc 1 650 3 view .LVU379
 650:Drivers/STM32L4xx_HAL_Driver/Src/stm32l4xx_hal_rcc.c ****   {
 1185              		.loc 1 650 25 is_stmt 0 view .LVU380
 1186 029e 2368     		ldr	r3, [r4]
 650:Drivers/STM32L4xx_HAL_Driver/Src/stm32l4xx_hal_rcc.c ****   {
 1187              		.loc 1 650 5 view .LVU381
 1188 02a0 13F0080F 		tst	r3, #8
 1189 02a4 4CD0     		beq	.L91
 653:Drivers/STM32L4xx_HAL_Driver/Src/stm32l4xx_hal_rcc.c **** 
 1190              		.loc 1 653 5 is_stmt 1 view .LVU382
 656:Drivers/STM32L4xx_HAL_Driver/Src/stm32l4xx_hal_rcc.c ****     {
 1191              		.loc 1 656 5 view .LVU383
 656:Drivers/STM32L4xx_HAL_Driver/Src/stm32l4xx_hal_rcc.c ****     {
 1192              		.loc 1 656 25 is_stmt 0 view .LVU384
ARM GAS  /tmp/ccziZpZZ.s 			page 61


 1193 02a6 6369     		ldr	r3, [r4, #20]
 656:Drivers/STM32L4xx_HAL_Driver/Src/stm32l4xx_hal_rcc.c ****     {
 1194              		.loc 1 656 7 view .LVU385
 1195 02a8 9BB3     		cbz	r3, .L92
 698:Drivers/STM32L4xx_HAL_Driver/Src/stm32l4xx_hal_rcc.c **** 
 1196              		.loc 1 698 7 is_stmt 1 view .LVU386
 1197 02aa 984A     		ldr	r2, .L178
 1198 02ac D2F89430 		ldr	r3, [r2, #148]
 1199 02b0 43F00103 		orr	r3, r3, #1
 1200 02b4 C2F89430 		str	r3, [r2, #148]
 701:Drivers/STM32L4xx_HAL_Driver/Src/stm32l4xx_hal_rcc.c **** 
 1201              		.loc 1 701 7 view .LVU387
 701:Drivers/STM32L4xx_HAL_Driver/Src/stm32l4xx_hal_rcc.c **** 
 1202              		.loc 1 701 19 is_stmt 0 view .LVU388
 1203 02b8 FFF7FEFF 		bl	HAL_GetTick
 1204              	.LVL83:
 1205 02bc 0646     		mov	r6, r0
 1206              	.LVL84:
 704:Drivers/STM32L4xx_HAL_Driver/Src/stm32l4xx_hal_rcc.c ****       {
 1207              		.loc 1 704 7 is_stmt 1 view .LVU389
 1208              	.L93:
 704:Drivers/STM32L4xx_HAL_Driver/Src/stm32l4xx_hal_rcc.c ****       {
 1209              		.loc 1 704 48 view .LVU390
 704:Drivers/STM32L4xx_HAL_Driver/Src/stm32l4xx_hal_rcc.c ****       {
 1210              		.loc 1 704 13 is_stmt 0 view .LVU391
 1211 02be 934B     		ldr	r3, .L178
 1212 02c0 D3F89430 		ldr	r3, [r3, #148]
 704:Drivers/STM32L4xx_HAL_Driver/Src/stm32l4xx_hal_rcc.c ****       {
 1213              		.loc 1 704 48 view .LVU392
 1214 02c4 13F0020F 		tst	r3, #2
 1215 02c8 3AD1     		bne	.L91
 706:Drivers/STM32L4xx_HAL_Driver/Src/stm32l4xx_hal_rcc.c ****         {
 1216              		.loc 1 706 9 is_stmt 1 view .LVU393
 706:Drivers/STM32L4xx_HAL_Driver/Src/stm32l4xx_hal_rcc.c ****         {
 1217              		.loc 1 706 13 is_stmt 0 view .LVU394
 1218 02ca FFF7FEFF 		bl	HAL_GetTick
 1219              	.LVL85:
 706:Drivers/STM32L4xx_HAL_Driver/Src/stm32l4xx_hal_rcc.c ****         {
 1220              		.loc 1 706 27 discriminator 1 view .LVU395
 1221 02ce 801B     		subs	r0, r0, r6
 706:Drivers/STM32L4xx_HAL_Driver/Src/stm32l4xx_hal_rcc.c ****         {
 1222              		.loc 1 706 11 discriminator 1 view .LVU396
 1223 02d0 0228     		cmp	r0, #2
 1224 02d2 F4D9     		bls	.L93
 708:Drivers/STM32L4xx_HAL_Driver/Src/stm32l4xx_hal_rcc.c ****         }
 1225              		.loc 1 708 18 view .LVU397
 1226 02d4 0320     		movs	r0, #3
 1227 02d6 92E1     		b	.L57
 1228              	.L163:
 628:Drivers/STM32L4xx_HAL_Driver/Src/stm32l4xx_hal_rcc.c ****       }
 1229              		.loc 1 628 9 is_stmt 1 view .LVU398
 1230 02d8 8C4A     		ldr	r2, .L178
 1231 02da 5368     		ldr	r3, [r2, #4]
 1232 02dc 23F0F853 		bic	r3, r3, #520093696
 1233 02e0 2169     		ldr	r1, [r4, #16]
 1234 02e2 43EA0163 		orr	r3, r3, r1, lsl #24
 1235 02e6 5360     		str	r3, [r2, #4]
ARM GAS  /tmp/ccziZpZZ.s 			page 62


 1236 02e8 D9E7     		b	.L82
 1237              	.LVL86:
 1238              	.L86:
 633:Drivers/STM32L4xx_HAL_Driver/Src/stm32l4xx_hal_rcc.c **** 
 1239              		.loc 1 633 9 view .LVU399
 1240 02ea 884A     		ldr	r2, .L178
 1241 02ec 1368     		ldr	r3, [r2]
 1242 02ee 23F48073 		bic	r3, r3, #256
 1243 02f2 1360     		str	r3, [r2]
 636:Drivers/STM32L4xx_HAL_Driver/Src/stm32l4xx_hal_rcc.c **** 
 1244              		.loc 1 636 9 view .LVU400
 636:Drivers/STM32L4xx_HAL_Driver/Src/stm32l4xx_hal_rcc.c **** 
 1245              		.loc 1 636 21 is_stmt 0 view .LVU401
 1246 02f4 FFF7FEFF 		bl	HAL_GetTick
 1247              	.LVL87:
 1248 02f8 0646     		mov	r6, r0
 1249              	.LVL88:
 639:Drivers/STM32L4xx_HAL_Driver/Src/stm32l4xx_hal_rcc.c ****         {
 1250              		.loc 1 639 9 is_stmt 1 view .LVU402
 1251              	.L89:
 639:Drivers/STM32L4xx_HAL_Driver/Src/stm32l4xx_hal_rcc.c ****         {
 1252              		.loc 1 639 48 view .LVU403
 639:Drivers/STM32L4xx_HAL_Driver/Src/stm32l4xx_hal_rcc.c ****         {
 1253              		.loc 1 639 15 is_stmt 0 view .LVU404
 1254 02fa 844B     		ldr	r3, .L178
 1255 02fc 1B68     		ldr	r3, [r3]
 639:Drivers/STM32L4xx_HAL_Driver/Src/stm32l4xx_hal_rcc.c ****         {
 1256              		.loc 1 639 48 view .LVU405
 1257 02fe 13F4806F 		tst	r3, #1024
 1258 0302 CCD0     		beq	.L82
 641:Drivers/STM32L4xx_HAL_Driver/Src/stm32l4xx_hal_rcc.c ****           {
 1259              		.loc 1 641 11 is_stmt 1 view .LVU406
 641:Drivers/STM32L4xx_HAL_Driver/Src/stm32l4xx_hal_rcc.c ****           {
 1260              		.loc 1 641 15 is_stmt 0 view .LVU407
 1261 0304 FFF7FEFF 		bl	HAL_GetTick
 1262              	.LVL89:
 641:Drivers/STM32L4xx_HAL_Driver/Src/stm32l4xx_hal_rcc.c ****           {
 1263              		.loc 1 641 29 discriminator 1 view .LVU408
 1264 0308 801B     		subs	r0, r0, r6
 641:Drivers/STM32L4xx_HAL_Driver/Src/stm32l4xx_hal_rcc.c ****           {
 1265              		.loc 1 641 13 discriminator 1 view .LVU409
 1266 030a 0228     		cmp	r0, #2
 1267 030c F5D9     		bls	.L89
 643:Drivers/STM32L4xx_HAL_Driver/Src/stm32l4xx_hal_rcc.c ****           }
 1268              		.loc 1 643 20 view .LVU410
 1269 030e 0320     		movs	r0, #3
 1270 0310 75E1     		b	.L57
 1271              	.LVL90:
 1272              	.L92:
 715:Drivers/STM32L4xx_HAL_Driver/Src/stm32l4xx_hal_rcc.c **** 
 1273              		.loc 1 715 7 is_stmt 1 view .LVU411
 1274 0312 7E4A     		ldr	r2, .L178
 1275 0314 D2F89430 		ldr	r3, [r2, #148]
 1276 0318 23F00103 		bic	r3, r3, #1
 1277 031c C2F89430 		str	r3, [r2, #148]
 718:Drivers/STM32L4xx_HAL_Driver/Src/stm32l4xx_hal_rcc.c **** 
 1278              		.loc 1 718 7 view .LVU412
ARM GAS  /tmp/ccziZpZZ.s 			page 63


 718:Drivers/STM32L4xx_HAL_Driver/Src/stm32l4xx_hal_rcc.c **** 
 1279              		.loc 1 718 19 is_stmt 0 view .LVU413
 1280 0320 FFF7FEFF 		bl	HAL_GetTick
 1281              	.LVL91:
 1282 0324 0646     		mov	r6, r0
 1283              	.LVL92:
 721:Drivers/STM32L4xx_HAL_Driver/Src/stm32l4xx_hal_rcc.c ****       {
 1284              		.loc 1 721 7 is_stmt 1 view .LVU414
 1285              	.L95:
 721:Drivers/STM32L4xx_HAL_Driver/Src/stm32l4xx_hal_rcc.c ****       {
 1286              		.loc 1 721 48 view .LVU415
 721:Drivers/STM32L4xx_HAL_Driver/Src/stm32l4xx_hal_rcc.c ****       {
 1287              		.loc 1 721 13 is_stmt 0 view .LVU416
 1288 0326 794B     		ldr	r3, .L178
 1289 0328 D3F89430 		ldr	r3, [r3, #148]
 721:Drivers/STM32L4xx_HAL_Driver/Src/stm32l4xx_hal_rcc.c ****       {
 1290              		.loc 1 721 48 view .LVU417
 1291 032c 13F0020F 		tst	r3, #2
 1292 0330 06D0     		beq	.L91
 723:Drivers/STM32L4xx_HAL_Driver/Src/stm32l4xx_hal_rcc.c ****         {
 1293              		.loc 1 723 9 is_stmt 1 view .LVU418
 723:Drivers/STM32L4xx_HAL_Driver/Src/stm32l4xx_hal_rcc.c ****         {
 1294              		.loc 1 723 13 is_stmt 0 view .LVU419
 1295 0332 FFF7FEFF 		bl	HAL_GetTick
 1296              	.LVL93:
 723:Drivers/STM32L4xx_HAL_Driver/Src/stm32l4xx_hal_rcc.c ****         {
 1297              		.loc 1 723 27 discriminator 1 view .LVU420
 1298 0336 801B     		subs	r0, r0, r6
 723:Drivers/STM32L4xx_HAL_Driver/Src/stm32l4xx_hal_rcc.c ****         {
 1299              		.loc 1 723 11 discriminator 1 view .LVU421
 1300 0338 0228     		cmp	r0, #2
 1301 033a F4D9     		bls	.L95
 725:Drivers/STM32L4xx_HAL_Driver/Src/stm32l4xx_hal_rcc.c ****         }
 1302              		.loc 1 725 18 view .LVU422
 1303 033c 0320     		movs	r0, #3
 1304 033e 5EE1     		b	.L57
 1305              	.LVL94:
 1306              	.L91:
 731:Drivers/STM32L4xx_HAL_Driver/Src/stm32l4xx_hal_rcc.c ****   {
 1307              		.loc 1 731 3 is_stmt 1 view .LVU423
 731:Drivers/STM32L4xx_HAL_Driver/Src/stm32l4xx_hal_rcc.c ****   {
 1308              		.loc 1 731 25 is_stmt 0 view .LVU424
 1309 0340 2368     		ldr	r3, [r4]
 731:Drivers/STM32L4xx_HAL_Driver/Src/stm32l4xx_hal_rcc.c ****   {
 1310              		.loc 1 731 5 view .LVU425
 1311 0342 13F0040F 		tst	r3, #4
 1312 0346 7AD0     		beq	.L97
 1313              	.LBB4:
 733:Drivers/STM32L4xx_HAL_Driver/Src/stm32l4xx_hal_rcc.c **** 
 1314              		.loc 1 733 5 is_stmt 1 view .LVU426
 1315              	.LVL95:
 736:Drivers/STM32L4xx_HAL_Driver/Src/stm32l4xx_hal_rcc.c **** 
 1316              		.loc 1 736 5 view .LVU427
 740:Drivers/STM32L4xx_HAL_Driver/Src/stm32l4xx_hal_rcc.c ****     {
 1317              		.loc 1 740 5 view .LVU428
 740:Drivers/STM32L4xx_HAL_Driver/Src/stm32l4xx_hal_rcc.c ****     {
 1318              		.loc 1 740 8 is_stmt 0 view .LVU429
ARM GAS  /tmp/ccziZpZZ.s 			page 64


 1319 0348 704B     		ldr	r3, .L178
 1320 034a 9B6D     		ldr	r3, [r3, #88]
 740:Drivers/STM32L4xx_HAL_Driver/Src/stm32l4xx_hal_rcc.c ****     {
 1321              		.loc 1 740 7 view .LVU430
 1322 034c 13F0805F 		tst	r3, #268435456
 1323 0350 36D1     		bne	.L136
 742:Drivers/STM32L4xx_HAL_Driver/Src/stm32l4xx_hal_rcc.c ****       pwrclkchanged = SET;
 1324              		.loc 1 742 7 is_stmt 1 view .LVU431
 1325              	.LBB5:
 742:Drivers/STM32L4xx_HAL_Driver/Src/stm32l4xx_hal_rcc.c ****       pwrclkchanged = SET;
 1326              		.loc 1 742 7 view .LVU432
 742:Drivers/STM32L4xx_HAL_Driver/Src/stm32l4xx_hal_rcc.c ****       pwrclkchanged = SET;
 1327              		.loc 1 742 7 view .LVU433
 1328 0352 6E4B     		ldr	r3, .L178
 1329 0354 9A6D     		ldr	r2, [r3, #88]
 1330 0356 42F08052 		orr	r2, r2, #268435456
 1331 035a 9A65     		str	r2, [r3, #88]
 742:Drivers/STM32L4xx_HAL_Driver/Src/stm32l4xx_hal_rcc.c ****       pwrclkchanged = SET;
 1332              		.loc 1 742 7 view .LVU434
 1333 035c 9B6D     		ldr	r3, [r3, #88]
 1334 035e 03F08053 		and	r3, r3, #268435456
 1335 0362 0193     		str	r3, [sp, #4]
 742:Drivers/STM32L4xx_HAL_Driver/Src/stm32l4xx_hal_rcc.c ****       pwrclkchanged = SET;
 1336              		.loc 1 742 7 view .LVU435
 1337 0364 019B     		ldr	r3, [sp, #4]
 1338              	.LBE5:
 742:Drivers/STM32L4xx_HAL_Driver/Src/stm32l4xx_hal_rcc.c ****       pwrclkchanged = SET;
 1339              		.loc 1 742 7 view .LVU436
 743:Drivers/STM32L4xx_HAL_Driver/Src/stm32l4xx_hal_rcc.c ****     }
 1340              		.loc 1 743 7 view .LVU437
 1341              	.LVL96:
 743:Drivers/STM32L4xx_HAL_Driver/Src/stm32l4xx_hal_rcc.c ****     }
 1342              		.loc 1 743 21 is_stmt 0 view .LVU438
 1343 0366 0126     		movs	r6, #1
 1344              	.LVL97:
 1345              	.L98:
 746:Drivers/STM32L4xx_HAL_Driver/Src/stm32l4xx_hal_rcc.c ****     {
 1346              		.loc 1 746 5 is_stmt 1 view .LVU439
 746:Drivers/STM32L4xx_HAL_Driver/Src/stm32l4xx_hal_rcc.c ****     {
 1347              		.loc 1 746 8 is_stmt 0 view .LVU440
 1348 0368 694B     		ldr	r3, .L178+4
 1349 036a 1B68     		ldr	r3, [r3]
 746:Drivers/STM32L4xx_HAL_Driver/Src/stm32l4xx_hal_rcc.c ****     {
 1350              		.loc 1 746 7 view .LVU441
 1351 036c 13F4807F 		tst	r3, #256
 1352 0370 28D0     		beq	.L164
 1353              	.L99:
 788:Drivers/STM32L4xx_HAL_Driver/Src/stm32l4xx_hal_rcc.c **** #endif /* RCC_BDCR_LSESYSDIS */
 1354              		.loc 1 788 5 is_stmt 1 view .LVU442
 788:Drivers/STM32L4xx_HAL_Driver/Src/stm32l4xx_hal_rcc.c **** #endif /* RCC_BDCR_LSESYSDIS */
 1355              		.loc 1 788 5 view .LVU443
 1356 0372 A368     		ldr	r3, [r4, #8]
 1357 0374 012B     		cmp	r3, #1
 1358 0376 39D0     		beq	.L165
 788:Drivers/STM32L4xx_HAL_Driver/Src/stm32l4xx_hal_rcc.c **** #endif /* RCC_BDCR_LSESYSDIS */
 1359              		.loc 1 788 5 discriminator 2 view .LVU444
 1360 0378 052B     		cmp	r3, #5
ARM GAS  /tmp/ccziZpZZ.s 			page 65


 1361 037a 3FD0     		beq	.L166
 788:Drivers/STM32L4xx_HAL_Driver/Src/stm32l4xx_hal_rcc.c **** #endif /* RCC_BDCR_LSESYSDIS */
 1362              		.loc 1 788 5 discriminator 5 view .LVU445
 1363 037c 634B     		ldr	r3, .L178
 1364 037e D3F89020 		ldr	r2, [r3, #144]
 1365 0382 22F00102 		bic	r2, r2, #1
 1366 0386 C3F89020 		str	r2, [r3, #144]
 788:Drivers/STM32L4xx_HAL_Driver/Src/stm32l4xx_hal_rcc.c **** #endif /* RCC_BDCR_LSESYSDIS */
 1367              		.loc 1 788 5 view .LVU446
 788:Drivers/STM32L4xx_HAL_Driver/Src/stm32l4xx_hal_rcc.c **** #endif /* RCC_BDCR_LSESYSDIS */
 1368              		.loc 1 788 5 is_stmt 0 discriminator 5 view .LVU447
 1369 038a D3F89020 		ldr	r2, [r3, #144]
 1370 038e 22F00402 		bic	r2, r2, #4
 1371 0392 C3F89020 		str	r2, [r3, #144]
 1372              	.L103:
 788:Drivers/STM32L4xx_HAL_Driver/Src/stm32l4xx_hal_rcc.c **** #endif /* RCC_BDCR_LSESYSDIS */
 1373              		.loc 1 788 5 is_stmt 1 discriminator 7 view .LVU448
 792:Drivers/STM32L4xx_HAL_Driver/Src/stm32l4xx_hal_rcc.c ****     {
 1374              		.loc 1 792 5 view .LVU449
 792:Drivers/STM32L4xx_HAL_Driver/Src/stm32l4xx_hal_rcc.c ****     {
 1375              		.loc 1 792 25 is_stmt 0 view .LVU450
 1376 0396 A368     		ldr	r3, [r4, #8]
 792:Drivers/STM32L4xx_HAL_Driver/Src/stm32l4xx_hal_rcc.c ****     {
 1377              		.loc 1 792 7 view .LVU451
 1378 0398 002B     		cmp	r3, #0
 1379 039a 3DD0     		beq	.L105
 795:Drivers/STM32L4xx_HAL_Driver/Src/stm32l4xx_hal_rcc.c **** 
 1380              		.loc 1 795 7 is_stmt 1 view .LVU452
 795:Drivers/STM32L4xx_HAL_Driver/Src/stm32l4xx_hal_rcc.c **** 
 1381              		.loc 1 795 19 is_stmt 0 view .LVU453
 1382 039c FFF7FEFF 		bl	HAL_GetTick
 1383              	.LVL98:
 1384 03a0 0746     		mov	r7, r0
 1385              	.LVL99:
 798:Drivers/STM32L4xx_HAL_Driver/Src/stm32l4xx_hal_rcc.c ****       {
 1386              		.loc 1 798 7 is_stmt 1 view .LVU454
 1387              	.L106:
 798:Drivers/STM32L4xx_HAL_Driver/Src/stm32l4xx_hal_rcc.c ****       {
 1388              		.loc 1 798 50 view .LVU455
 798:Drivers/STM32L4xx_HAL_Driver/Src/stm32l4xx_hal_rcc.c ****       {
 1389              		.loc 1 798 13 is_stmt 0 view .LVU456
 1390 03a2 5A4B     		ldr	r3, .L178
 1391 03a4 D3F89030 		ldr	r3, [r3, #144]
 798:Drivers/STM32L4xx_HAL_Driver/Src/stm32l4xx_hal_rcc.c ****       {
 1392              		.loc 1 798 50 view .LVU457
 1393 03a8 13F0020F 		tst	r3, #2
 1394 03ac 46D1     		bne	.L108
 800:Drivers/STM32L4xx_HAL_Driver/Src/stm32l4xx_hal_rcc.c ****         {
 1395              		.loc 1 800 9 is_stmt 1 view .LVU458
 800:Drivers/STM32L4xx_HAL_Driver/Src/stm32l4xx_hal_rcc.c ****         {
 1396              		.loc 1 800 13 is_stmt 0 view .LVU459
 1397 03ae FFF7FEFF 		bl	HAL_GetTick
 1398              	.LVL100:
 800:Drivers/STM32L4xx_HAL_Driver/Src/stm32l4xx_hal_rcc.c ****         {
 1399              		.loc 1 800 27 discriminator 1 view .LVU460
 1400 03b2 C01B     		subs	r0, r0, r7
 800:Drivers/STM32L4xx_HAL_Driver/Src/stm32l4xx_hal_rcc.c ****         {
ARM GAS  /tmp/ccziZpZZ.s 			page 66


 1401              		.loc 1 800 11 discriminator 1 view .LVU461
 1402 03b4 41F28833 		movw	r3, #5000
 1403 03b8 9842     		cmp	r0, r3
 1404 03ba F2D9     		bls	.L106
 802:Drivers/STM32L4xx_HAL_Driver/Src/stm32l4xx_hal_rcc.c ****         }
 1405              		.loc 1 802 18 view .LVU462
 1406 03bc 0320     		movs	r0, #3
 1407 03be 1EE1     		b	.L57
 1408              	.LVL101:
 1409              	.L136:
 733:Drivers/STM32L4xx_HAL_Driver/Src/stm32l4xx_hal_rcc.c **** 
 1410              		.loc 1 733 22 view .LVU463
 1411 03c0 0026     		movs	r6, #0
 1412 03c2 D1E7     		b	.L98
 1413              	.LVL102:
 1414              	.L164:
 749:Drivers/STM32L4xx_HAL_Driver/Src/stm32l4xx_hal_rcc.c **** 
 1415              		.loc 1 749 7 is_stmt 1 view .LVU464
 1416 03c4 524A     		ldr	r2, .L178+4
 1417 03c6 1368     		ldr	r3, [r2]
 1418 03c8 43F48073 		orr	r3, r3, #256
 1419 03cc 1360     		str	r3, [r2]
 752:Drivers/STM32L4xx_HAL_Driver/Src/stm32l4xx_hal_rcc.c **** 
 1420              		.loc 1 752 7 view .LVU465
 752:Drivers/STM32L4xx_HAL_Driver/Src/stm32l4xx_hal_rcc.c **** 
 1421              		.loc 1 752 19 is_stmt 0 view .LVU466
 1422 03ce FFF7FEFF 		bl	HAL_GetTick
 1423              	.LVL103:
 1424 03d2 0746     		mov	r7, r0
 1425              	.LVL104:
 754:Drivers/STM32L4xx_HAL_Driver/Src/stm32l4xx_hal_rcc.c ****       {
 1426              		.loc 1 754 7 is_stmt 1 view .LVU467
 1427              	.L100:
 754:Drivers/STM32L4xx_HAL_Driver/Src/stm32l4xx_hal_rcc.c ****       {
 1428              		.loc 1 754 13 view .LVU468
 1429 03d4 4E4B     		ldr	r3, .L178+4
 1430 03d6 1B68     		ldr	r3, [r3]
 1431 03d8 13F4807F 		tst	r3, #256
 1432 03dc C9D1     		bne	.L99
 756:Drivers/STM32L4xx_HAL_Driver/Src/stm32l4xx_hal_rcc.c ****         {
 1433              		.loc 1 756 9 view .LVU469
 756:Drivers/STM32L4xx_HAL_Driver/Src/stm32l4xx_hal_rcc.c ****         {
 1434              		.loc 1 756 13 is_stmt 0 view .LVU470
 1435 03de FFF7FEFF 		bl	HAL_GetTick
 1436              	.LVL105:
 756:Drivers/STM32L4xx_HAL_Driver/Src/stm32l4xx_hal_rcc.c ****         {
 1437              		.loc 1 756 27 discriminator 1 view .LVU471
 1438 03e2 C01B     		subs	r0, r0, r7
 756:Drivers/STM32L4xx_HAL_Driver/Src/stm32l4xx_hal_rcc.c ****         {
 1439              		.loc 1 756 11 discriminator 1 view .LVU472
 1440 03e4 0228     		cmp	r0, #2
 1441 03e6 F5D9     		bls	.L100
 758:Drivers/STM32L4xx_HAL_Driver/Src/stm32l4xx_hal_rcc.c ****         }
 1442              		.loc 1 758 18 view .LVU473
 1443 03e8 0320     		movs	r0, #3
 1444 03ea 08E1     		b	.L57
 1445              	.LVL106:
ARM GAS  /tmp/ccziZpZZ.s 			page 67


 1446              	.L165:
 788:Drivers/STM32L4xx_HAL_Driver/Src/stm32l4xx_hal_rcc.c **** #endif /* RCC_BDCR_LSESYSDIS */
 1447              		.loc 1 788 5 is_stmt 1 discriminator 1 view .LVU474
 1448 03ec 474A     		ldr	r2, .L178
 1449 03ee D2F89030 		ldr	r3, [r2, #144]
 1450 03f2 43F00103 		orr	r3, r3, #1
 1451 03f6 C2F89030 		str	r3, [r2, #144]
 1452 03fa CCE7     		b	.L103
 1453              	.L166:
 788:Drivers/STM32L4xx_HAL_Driver/Src/stm32l4xx_hal_rcc.c **** #endif /* RCC_BDCR_LSESYSDIS */
 1454              		.loc 1 788 5 discriminator 4 view .LVU475
 1455 03fc 434B     		ldr	r3, .L178
 1456 03fe D3F89020 		ldr	r2, [r3, #144]
 1457 0402 42F00402 		orr	r2, r2, #4
 1458 0406 C3F89020 		str	r2, [r3, #144]
 788:Drivers/STM32L4xx_HAL_Driver/Src/stm32l4xx_hal_rcc.c **** #endif /* RCC_BDCR_LSESYSDIS */
 1459              		.loc 1 788 5 view .LVU476
 788:Drivers/STM32L4xx_HAL_Driver/Src/stm32l4xx_hal_rcc.c **** #endif /* RCC_BDCR_LSESYSDIS */
 1460              		.loc 1 788 5 is_stmt 0 discriminator 4 view .LVU477
 1461 040a D3F89020 		ldr	r2, [r3, #144]
 1462 040e 42F00102 		orr	r2, r2, #1
 1463 0412 C3F89020 		str	r2, [r3, #144]
 1464 0416 BEE7     		b	.L103
 1465              	.L105:
 809:Drivers/STM32L4xx_HAL_Driver/Src/stm32l4xx_hal_rcc.c **** 
 1466              		.loc 1 809 7 is_stmt 1 view .LVU478
 809:Drivers/STM32L4xx_HAL_Driver/Src/stm32l4xx_hal_rcc.c **** 
 1467              		.loc 1 809 19 is_stmt 0 view .LVU479
 1468 0418 FFF7FEFF 		bl	HAL_GetTick
 1469              	.LVL107:
 1470 041c 0746     		mov	r7, r0
 1471              	.LVL108:
 812:Drivers/STM32L4xx_HAL_Driver/Src/stm32l4xx_hal_rcc.c ****       {
 1472              		.loc 1 812 7 is_stmt 1 view .LVU480
 1473              	.L109:
 812:Drivers/STM32L4xx_HAL_Driver/Src/stm32l4xx_hal_rcc.c ****       {
 1474              		.loc 1 812 50 view .LVU481
 812:Drivers/STM32L4xx_HAL_Driver/Src/stm32l4xx_hal_rcc.c ****       {
 1475              		.loc 1 812 13 is_stmt 0 view .LVU482
 1476 041e 3B4B     		ldr	r3, .L178
 1477 0420 D3F89030 		ldr	r3, [r3, #144]
 812:Drivers/STM32L4xx_HAL_Driver/Src/stm32l4xx_hal_rcc.c ****       {
 1478              		.loc 1 812 50 view .LVU483
 1479 0424 13F0020F 		tst	r3, #2
 1480 0428 08D0     		beq	.L108
 814:Drivers/STM32L4xx_HAL_Driver/Src/stm32l4xx_hal_rcc.c ****         {
 1481              		.loc 1 814 9 is_stmt 1 view .LVU484
 814:Drivers/STM32L4xx_HAL_Driver/Src/stm32l4xx_hal_rcc.c ****         {
 1482              		.loc 1 814 13 is_stmt 0 view .LVU485
 1483 042a FFF7FEFF 		bl	HAL_GetTick
 1484              	.LVL109:
 814:Drivers/STM32L4xx_HAL_Driver/Src/stm32l4xx_hal_rcc.c ****         {
 1485              		.loc 1 814 27 discriminator 1 view .LVU486
 1486 042e C01B     		subs	r0, r0, r7
 814:Drivers/STM32L4xx_HAL_Driver/Src/stm32l4xx_hal_rcc.c ****         {
 1487              		.loc 1 814 11 discriminator 1 view .LVU487
 1488 0430 41F28833 		movw	r3, #5000
ARM GAS  /tmp/ccziZpZZ.s 			page 68


 1489 0434 9842     		cmp	r0, r3
 1490 0436 F2D9     		bls	.L109
 816:Drivers/STM32L4xx_HAL_Driver/Src/stm32l4xx_hal_rcc.c ****         }
 1491              		.loc 1 816 18 view .LVU488
 1492 0438 0320     		movs	r0, #3
 1493 043a E0E0     		b	.L57
 1494              	.L108:
 827:Drivers/STM32L4xx_HAL_Driver/Src/stm32l4xx_hal_rcc.c ****     {
 1495              		.loc 1 827 5 is_stmt 1 view .LVU489
 827:Drivers/STM32L4xx_HAL_Driver/Src/stm32l4xx_hal_rcc.c ****     {
 1496              		.loc 1 827 7 is_stmt 0 view .LVU490
 1497 043c EEB9     		cbnz	r6, .L167
 1498              	.LVL110:
 1499              	.L97:
 827:Drivers/STM32L4xx_HAL_Driver/Src/stm32l4xx_hal_rcc.c ****     {
 1500              		.loc 1 827 7 view .LVU491
 1501              	.LBE4:
 878:Drivers/STM32L4xx_HAL_Driver/Src/stm32l4xx_hal_rcc.c **** 
 1502              		.loc 1 878 3 is_stmt 1 view .LVU492
 880:Drivers/STM32L4xx_HAL_Driver/Src/stm32l4xx_hal_rcc.c ****   {
 1503              		.loc 1 880 3 view .LVU493
 880:Drivers/STM32L4xx_HAL_Driver/Src/stm32l4xx_hal_rcc.c ****   {
 1504              		.loc 1 880 28 is_stmt 0 view .LVU494
 1505 043e A36A     		ldr	r3, [r4, #40]
 880:Drivers/STM32L4xx_HAL_Driver/Src/stm32l4xx_hal_rcc.c ****   {
 1506              		.loc 1 880 5 view .LVU495
 1507 0440 002B     		cmp	r3, #0
 1508 0442 00F0DB80 		beq	.L140
 883:Drivers/STM32L4xx_HAL_Driver/Src/stm32l4xx_hal_rcc.c ****     {
 1509              		.loc 1 883 5 is_stmt 1 view .LVU496
 883:Drivers/STM32L4xx_HAL_Driver/Src/stm32l4xx_hal_rcc.c ****     {
 1510              		.loc 1 883 7 is_stmt 0 view .LVU497
 1511 0446 022B     		cmp	r3, #2
 1512 0448 1DD0     		beq	.L168
1012:Drivers/STM32L4xx_HAL_Driver/Src/stm32l4xx_hal_rcc.c ****       {
 1513              		.loc 1 1012 7 is_stmt 1 view .LVU498
1012:Drivers/STM32L4xx_HAL_Driver/Src/stm32l4xx_hal_rcc.c ****       {
 1514              		.loc 1 1012 9 is_stmt 0 view .LVU499
 1515 044a 0C2D     		cmp	r5, #12
 1516 044c 00F0DD80 		beq	.L148
1015:Drivers/STM32L4xx_HAL_Driver/Src/stm32l4xx_hal_rcc.c **** 
 1517              		.loc 1 1015 9 is_stmt 1 view .LVU500
 1518 0450 2E4A     		ldr	r2, .L178
 1519 0452 1368     		ldr	r3, [r2]
 1520 0454 23F08073 		bic	r3, r3, #16777216
 1521 0458 1360     		str	r3, [r2]
1018:Drivers/STM32L4xx_HAL_Driver/Src/stm32l4xx_hal_rcc.c **** 
 1522              		.loc 1 1018 9 view .LVU501
1018:Drivers/STM32L4xx_HAL_Driver/Src/stm32l4xx_hal_rcc.c **** 
 1523              		.loc 1 1018 21 is_stmt 0 view .LVU502
 1524 045a FFF7FEFF 		bl	HAL_GetTick
 1525              	.LVL111:
 1526 045e 0446     		mov	r4, r0
 1527              	.LVL112:
1021:Drivers/STM32L4xx_HAL_Driver/Src/stm32l4xx_hal_rcc.c ****         {
 1528              		.loc 1 1021 9 is_stmt 1 view .LVU503
 1529              	.L120:
ARM GAS  /tmp/ccziZpZZ.s 			page 69


1021:Drivers/STM32L4xx_HAL_Driver/Src/stm32l4xx_hal_rcc.c ****         {
 1530              		.loc 1 1021 48 view .LVU504
1021:Drivers/STM32L4xx_HAL_Driver/Src/stm32l4xx_hal_rcc.c ****         {
 1531              		.loc 1 1021 15 is_stmt 0 view .LVU505
 1532 0460 2A4B     		ldr	r3, .L178
 1533 0462 1B68     		ldr	r3, [r3]
1021:Drivers/STM32L4xx_HAL_Driver/Src/stm32l4xx_hal_rcc.c ****         {
 1534              		.loc 1 1021 48 view .LVU506
 1535 0464 13F0007F 		tst	r3, #33554432
 1536 0468 00F0B780 		beq	.L169
1023:Drivers/STM32L4xx_HAL_Driver/Src/stm32l4xx_hal_rcc.c ****           {
 1537              		.loc 1 1023 11 is_stmt 1 view .LVU507
1023:Drivers/STM32L4xx_HAL_Driver/Src/stm32l4xx_hal_rcc.c ****           {
 1538              		.loc 1 1023 15 is_stmt 0 view .LVU508
 1539 046c FFF7FEFF 		bl	HAL_GetTick
 1540              	.LVL113:
1023:Drivers/STM32L4xx_HAL_Driver/Src/stm32l4xx_hal_rcc.c ****           {
 1541              		.loc 1 1023 29 discriminator 1 view .LVU509
 1542 0470 001B     		subs	r0, r0, r4
1023:Drivers/STM32L4xx_HAL_Driver/Src/stm32l4xx_hal_rcc.c ****           {
 1543              		.loc 1 1023 13 discriminator 1 view .LVU510
 1544 0472 0228     		cmp	r0, #2
 1545 0474 F4D9     		bls	.L120
1025:Drivers/STM32L4xx_HAL_Driver/Src/stm32l4xx_hal_rcc.c ****           }
 1546              		.loc 1 1025 20 view .LVU511
 1547 0476 0320     		movs	r0, #3
 1548 0478 C1E0     		b	.L57
 1549              	.LVL114:
 1550              	.L167:
 1551              	.LBB6:
 829:Drivers/STM32L4xx_HAL_Driver/Src/stm32l4xx_hal_rcc.c ****     }
 1552              		.loc 1 829 7 is_stmt 1 view .LVU512
 1553 047a 244A     		ldr	r2, .L178
 1554 047c 936D     		ldr	r3, [r2, #88]
 1555 047e 23F08053 		bic	r3, r3, #268435456
 1556 0482 9365     		str	r3, [r2, #88]
 1557 0484 DBE7     		b	.L97
 1558              	.LVL115:
 1559              	.L168:
 829:Drivers/STM32L4xx_HAL_Driver/Src/stm32l4xx_hal_rcc.c ****     }
 1560              		.loc 1 829 7 is_stmt 0 view .LVU513
 1561              	.LBE6:
 886:Drivers/STM32L4xx_HAL_Driver/Src/stm32l4xx_hal_rcc.c ****       assert_param(IS_RCC_PLLM_VALUE(RCC_OscInitStruct->PLL.PLLM));
 1562              		.loc 1 886 7 is_stmt 1 view .LVU514
 887:Drivers/STM32L4xx_HAL_Driver/Src/stm32l4xx_hal_rcc.c ****       assert_param(IS_RCC_PLLN_VALUE(RCC_OscInitStruct->PLL.PLLN));
 1563              		.loc 1 887 7 view .LVU515
 888:Drivers/STM32L4xx_HAL_Driver/Src/stm32l4xx_hal_rcc.c **** #if defined(RCC_PLLP_SUPPORT)
 1564              		.loc 1 888 7 view .LVU516
 890:Drivers/STM32L4xx_HAL_Driver/Src/stm32l4xx_hal_rcc.c **** #endif /* RCC_PLLP_SUPPORT */
 1565              		.loc 1 890 7 view .LVU517
 892:Drivers/STM32L4xx_HAL_Driver/Src/stm32l4xx_hal_rcc.c ****       assert_param(IS_RCC_PLLR_VALUE(RCC_OscInitStruct->PLL.PLLR));
 1566              		.loc 1 892 7 view .LVU518
 893:Drivers/STM32L4xx_HAL_Driver/Src/stm32l4xx_hal_rcc.c **** 
 1567              		.loc 1 893 7 view .LVU519
 896:Drivers/STM32L4xx_HAL_Driver/Src/stm32l4xx_hal_rcc.c ****       if((READ_BIT(pll_config, RCC_PLLCFGR_PLLSRC)  != RCC_OscInitStruct->PLL.PLLSource) ||
 1568              		.loc 1 896 7 view .LVU520
 896:Drivers/STM32L4xx_HAL_Driver/Src/stm32l4xx_hal_rcc.c ****       if((READ_BIT(pll_config, RCC_PLLCFGR_PLLSRC)  != RCC_OscInitStruct->PLL.PLLSource) ||
ARM GAS  /tmp/ccziZpZZ.s 			page 70


 1569              		.loc 1 896 18 is_stmt 0 view .LVU521
 1570 0486 214B     		ldr	r3, .L178
 1571 0488 DB68     		ldr	r3, [r3, #12]
 1572              	.LVL116:
 897:Drivers/STM32L4xx_HAL_Driver/Src/stm32l4xx_hal_rcc.c ****          (READ_BIT(pll_config, RCC_PLLCFGR_PLLM)    != ((RCC_OscInitStruct->PLL.PLLM - 1U) << RCC_P
 1573              		.loc 1 897 7 is_stmt 1 view .LVU522
 897:Drivers/STM32L4xx_HAL_Driver/Src/stm32l4xx_hal_rcc.c ****          (READ_BIT(pll_config, RCC_PLLCFGR_PLLM)    != ((RCC_OscInitStruct->PLL.PLLM - 1U) << RCC_P
 1574              		.loc 1 897 11 is_stmt 0 view .LVU523
 1575 048a 03F00301 		and	r1, r3, #3
 897:Drivers/STM32L4xx_HAL_Driver/Src/stm32l4xx_hal_rcc.c ****          (READ_BIT(pll_config, RCC_PLLCFGR_PLLM)    != ((RCC_OscInitStruct->PLL.PLLM - 1U) << RCC_P
 1576              		.loc 1 897 78 view .LVU524
 1577 048e E26A     		ldr	r2, [r4, #44]
 897:Drivers/STM32L4xx_HAL_Driver/Src/stm32l4xx_hal_rcc.c ****          (READ_BIT(pll_config, RCC_PLLCFGR_PLLM)    != ((RCC_OscInitStruct->PLL.PLLM - 1U) << RCC_P
 1578              		.loc 1 897 9 view .LVU525
 1579 0490 9142     		cmp	r1, r2
 1580 0492 0FD0     		beq	.L170
 1581              	.LVL117:
 1582              	.L112:
 911:Drivers/STM32L4xx_HAL_Driver/Src/stm32l4xx_hal_rcc.c ****         {
 1583              		.loc 1 911 9 is_stmt 1 view .LVU526
 911:Drivers/STM32L4xx_HAL_Driver/Src/stm32l4xx_hal_rcc.c ****         {
 1584              		.loc 1 911 11 is_stmt 0 view .LVU527
 1585 0494 0C2D     		cmp	r5, #12
 1586 0496 00F0B480 		beq	.L141
 916:Drivers/STM32L4xx_HAL_Driver/Src/stm32l4xx_hal_rcc.c **** #if defined(RCC_PLLSAI2_SUPPORT)
 1587              		.loc 1 916 11 is_stmt 1 view .LVU528
 916:Drivers/STM32L4xx_HAL_Driver/Src/stm32l4xx_hal_rcc.c **** #if defined(RCC_PLLSAI2_SUPPORT)
 1588              		.loc 1 916 15 is_stmt 0 view .LVU529
 1589 049a 1C4B     		ldr	r3, .L178
 1590 049c 1B68     		ldr	r3, [r3]
 916:Drivers/STM32L4xx_HAL_Driver/Src/stm32l4xx_hal_rcc.c **** #if defined(RCC_PLLSAI2_SUPPORT)
 1591              		.loc 1 916 13 view .LVU530
 1592 049e 13F0806F 		tst	r3, #67108864
 1593 04a2 40F0B080 		bne	.L142
 918:Drivers/STM32L4xx_HAL_Driver/Src/stm32l4xx_hal_rcc.c **** #endif
 1594              		.loc 1 918 18 view .LVU531
 1595 04a6 194B     		ldr	r3, .L178
 1596 04a8 1B68     		ldr	r3, [r3]
 918:Drivers/STM32L4xx_HAL_Driver/Src/stm32l4xx_hal_rcc.c **** #endif
 1597              		.loc 1 918 14 view .LVU532
 1598 04aa 13F0805F 		tst	r3, #268435456
 1599 04ae 31D0     		beq	.L171
 922:Drivers/STM32L4xx_HAL_Driver/Src/stm32l4xx_hal_rcc.c ****           }
 1600              		.loc 1 922 20 view .LVU533
 1601 04b0 0120     		movs	r0, #1
 1602 04b2 A4E0     		b	.L57
 1603              	.LVL118:
 1604              	.L170:
 898:Drivers/STM32L4xx_HAL_Driver/Src/stm32l4xx_hal_rcc.c ****          (READ_BIT(pll_config, RCC_PLLCFGR_PLLN)    != (RCC_OscInitStruct->PLL.PLLN << RCC_PLLCFGR_
 1605              		.loc 1 898 11 view .LVU534
 1606 04b4 03F07002 		and	r2, r3, #112
 898:Drivers/STM32L4xx_HAL_Driver/Src/stm32l4xx_hal_rcc.c ****          (READ_BIT(pll_config, RCC_PLLCFGR_PLLN)    != (RCC_OscInitStruct->PLL.PLLN << RCC_PLLCFGR_
 1607              		.loc 1 898 80 view .LVU535
 1608 04b8 216B     		ldr	r1, [r4, #48]
 898:Drivers/STM32L4xx_HAL_Driver/Src/stm32l4xx_hal_rcc.c ****          (READ_BIT(pll_config, RCC_PLLCFGR_PLLN)    != (RCC_OscInitStruct->PLL.PLLN << RCC_PLLCFGR_
 1609              		.loc 1 898 86 view .LVU536
 1610 04ba 0139     		subs	r1, r1, #1
ARM GAS  /tmp/ccziZpZZ.s 			page 71


 897:Drivers/STM32L4xx_HAL_Driver/Src/stm32l4xx_hal_rcc.c ****          (READ_BIT(pll_config, RCC_PLLCFGR_PLLM)    != ((RCC_OscInitStruct->PLL.PLLM - 1U) << RCC_P
 1611              		.loc 1 897 90 discriminator 1 view .LVU537
 1612 04bc B2EB011F 		cmp	r2, r1, lsl #4
 1613 04c0 E8D1     		bne	.L112
 899:Drivers/STM32L4xx_HAL_Driver/Src/stm32l4xx_hal_rcc.c **** #if defined(RCC_PLLP_SUPPORT)
 1614              		.loc 1 899 11 view .LVU538
 1615 04c2 03F4FE42 		and	r2, r3, #32512
 899:Drivers/STM32L4xx_HAL_Driver/Src/stm32l4xx_hal_rcc.c **** #if defined(RCC_PLLP_SUPPORT)
 1616              		.loc 1 899 79 view .LVU539
 1617 04c6 616B     		ldr	r1, [r4, #52]
 898:Drivers/STM32L4xx_HAL_Driver/Src/stm32l4xx_hal_rcc.c ****          (READ_BIT(pll_config, RCC_PLLCFGR_PLLN)    != (RCC_OscInitStruct->PLL.PLLN << RCC_PLLCFGR_
 1618              		.loc 1 898 118 view .LVU540
 1619 04c8 B2EB012F 		cmp	r2, r1, lsl #8
 1620 04cc E2D1     		bne	.L112
 904:Drivers/STM32L4xx_HAL_Driver/Src/stm32l4xx_hal_rcc.c **** #endif
 1621              		.loc 1 904 11 view .LVU541
 1622 04ce 03F40031 		and	r1, r3, #131072
 904:Drivers/STM32L4xx_HAL_Driver/Src/stm32l4xx_hal_rcc.c **** #endif
 1623              		.loc 1 904 80 view .LVU542
 1624 04d2 A26B     		ldr	r2, [r4, #56]
 904:Drivers/STM32L4xx_HAL_Driver/Src/stm32l4xx_hal_rcc.c **** #endif
 1625              		.loc 1 904 109 view .LVU543
 1626 04d4 073A     		subs	r2, r2, #7
 1627 04d6 18BF     		it	ne
 1628 04d8 0122     		movne	r2, #1
 899:Drivers/STM32L4xx_HAL_Driver/Src/stm32l4xx_hal_rcc.c **** #if defined(RCC_PLLP_SUPPORT)
 1629              		.loc 1 899 111 view .LVU544
 1630 04da 9142     		cmp	r1, r2
 1631 04dc DAD1     		bne	.L112
 907:Drivers/STM32L4xx_HAL_Driver/Src/stm32l4xx_hal_rcc.c ****          (READ_BIT(pll_config, RCC_PLLCFGR_PLLR)    != ((((RCC_OscInitStruct->PLL.PLLR) >> 1U) - 1U
 1632              		.loc 1 907 11 view .LVU545
 1633 04de 03F4C001 		and	r1, r3, #6291456
 907:Drivers/STM32L4xx_HAL_Driver/Src/stm32l4xx_hal_rcc.c ****          (READ_BIT(pll_config, RCC_PLLCFGR_PLLR)    != ((((RCC_OscInitStruct->PLL.PLLR) >> 1U) - 1U
 1634              		.loc 1 907 82 view .LVU546
 1635 04e2 E26B     		ldr	r2, [r4, #60]
 907:Drivers/STM32L4xx_HAL_Driver/Src/stm32l4xx_hal_rcc.c ****          (READ_BIT(pll_config, RCC_PLLCFGR_PLLR)    != ((((RCC_OscInitStruct->PLL.PLLR) >> 1U) - 1U
 1636              		.loc 1 907 89 view .LVU547
 1637 04e4 5208     		lsrs	r2, r2, #1
 907:Drivers/STM32L4xx_HAL_Driver/Src/stm32l4xx_hal_rcc.c ****          (READ_BIT(pll_config, RCC_PLLCFGR_PLLR)    != ((((RCC_OscInitStruct->PLL.PLLR) >> 1U) - 1U
 1638              		.loc 1 907 96 view .LVU548
 1639 04e6 013A     		subs	r2, r2, #1
 904:Drivers/STM32L4xx_HAL_Driver/Src/stm32l4xx_hal_rcc.c **** #endif
 1640              		.loc 1 904 116 view .LVU549
 1641 04e8 B1EB425F 		cmp	r1, r2, lsl #21
 1642 04ec D2D1     		bne	.L112
 908:Drivers/STM32L4xx_HAL_Driver/Src/stm32l4xx_hal_rcc.c ****       {
 1643              		.loc 1 908 11 view .LVU550
 1644 04ee 03F0C063 		and	r3, r3, #100663296
 1645              	.LVL119:
 908:Drivers/STM32L4xx_HAL_Driver/Src/stm32l4xx_hal_rcc.c ****       {
 1646              		.loc 1 908 82 view .LVU551
 1647 04f2 226C     		ldr	r2, [r4, #64]
 908:Drivers/STM32L4xx_HAL_Driver/Src/stm32l4xx_hal_rcc.c ****       {
 1648              		.loc 1 908 89 view .LVU552
 1649 04f4 5208     		lsrs	r2, r2, #1
 908:Drivers/STM32L4xx_HAL_Driver/Src/stm32l4xx_hal_rcc.c ****       {
 1650              		.loc 1 908 96 view .LVU553
ARM GAS  /tmp/ccziZpZZ.s 			page 72


 1651 04f6 013A     		subs	r2, r2, #1
 907:Drivers/STM32L4xx_HAL_Driver/Src/stm32l4xx_hal_rcc.c ****          (READ_BIT(pll_config, RCC_PLLCFGR_PLLR)    != ((((RCC_OscInitStruct->PLL.PLLR) >> 1U) - 1U
 1652              		.loc 1 907 128 view .LVU554
 1653 04f8 B3EB426F 		cmp	r3, r2, lsl #25
 1654 04fc CAD1     		bne	.L112
 987:Drivers/STM32L4xx_HAL_Driver/Src/stm32l4xx_hal_rcc.c ****         {
 1655              		.loc 1 987 9 is_stmt 1 view .LVU555
 987:Drivers/STM32L4xx_HAL_Driver/Src/stm32l4xx_hal_rcc.c ****         {
 1656              		.loc 1 987 12 is_stmt 0 view .LVU556
 1657 04fe 034B     		ldr	r3, .L178
 1658 0500 1B68     		ldr	r3, [r3]
 987:Drivers/STM32L4xx_HAL_Driver/Src/stm32l4xx_hal_rcc.c ****         {
 1659              		.loc 1 987 11 view .LVU557
 1660 0502 13F0007F 		tst	r3, #33554432
 1661 0506 4ED0     		beq	.L172
1044:Drivers/STM32L4xx_HAL_Driver/Src/stm32l4xx_hal_rcc.c **** }
 1662              		.loc 1 1044 10 view .LVU558
 1663 0508 0020     		movs	r0, #0
 1664 050a 78E0     		b	.L57
 1665              	.L179:
 1666              		.align	2
 1667              	.L178:
 1668 050c 00100240 		.word	1073876992
 1669 0510 00700040 		.word	1073770496
 1670              	.L171:
 928:Drivers/STM32L4xx_HAL_Driver/Src/stm32l4xx_hal_rcc.c **** 
 1671              		.loc 1 928 13 is_stmt 1 view .LVU559
 1672 0514 3E4A     		ldr	r2, .L180
 1673 0516 1368     		ldr	r3, [r2]
 1674 0518 23F08073 		bic	r3, r3, #16777216
 1675 051c 1360     		str	r3, [r2]
 931:Drivers/STM32L4xx_HAL_Driver/Src/stm32l4xx_hal_rcc.c **** 
 1676              		.loc 1 931 13 view .LVU560
 931:Drivers/STM32L4xx_HAL_Driver/Src/stm32l4xx_hal_rcc.c **** 
 1677              		.loc 1 931 25 is_stmt 0 view .LVU561
 1678 051e FFF7FEFF 		bl	HAL_GetTick
 1679              	.LVL120:
 1680 0522 0546     		mov	r5, r0
 1681              	.LVL121:
 934:Drivers/STM32L4xx_HAL_Driver/Src/stm32l4xx_hal_rcc.c ****             {
 1682              		.loc 1 934 13 is_stmt 1 view .LVU562
 1683              	.L114:
 934:Drivers/STM32L4xx_HAL_Driver/Src/stm32l4xx_hal_rcc.c ****             {
 1684              		.loc 1 934 52 view .LVU563
 934:Drivers/STM32L4xx_HAL_Driver/Src/stm32l4xx_hal_rcc.c ****             {
 1685              		.loc 1 934 19 is_stmt 0 view .LVU564
 1686 0524 3A4B     		ldr	r3, .L180
 1687 0526 1B68     		ldr	r3, [r3]
 934:Drivers/STM32L4xx_HAL_Driver/Src/stm32l4xx_hal_rcc.c ****             {
 1688              		.loc 1 934 52 view .LVU565
 1689 0528 13F0007F 		tst	r3, #33554432
 1690 052c 06D0     		beq	.L173
 936:Drivers/STM32L4xx_HAL_Driver/Src/stm32l4xx_hal_rcc.c ****               {
 1691              		.loc 1 936 15 is_stmt 1 view .LVU566
 936:Drivers/STM32L4xx_HAL_Driver/Src/stm32l4xx_hal_rcc.c ****               {
 1692              		.loc 1 936 19 is_stmt 0 view .LVU567
 1693 052e FFF7FEFF 		bl	HAL_GetTick
ARM GAS  /tmp/ccziZpZZ.s 			page 73


 1694              	.LVL122:
 936:Drivers/STM32L4xx_HAL_Driver/Src/stm32l4xx_hal_rcc.c ****               {
 1695              		.loc 1 936 33 discriminator 1 view .LVU568
 1696 0532 401B     		subs	r0, r0, r5
 936:Drivers/STM32L4xx_HAL_Driver/Src/stm32l4xx_hal_rcc.c ****               {
 1697              		.loc 1 936 17 discriminator 1 view .LVU569
 1698 0534 0228     		cmp	r0, #2
 1699 0536 F5D9     		bls	.L114
 938:Drivers/STM32L4xx_HAL_Driver/Src/stm32l4xx_hal_rcc.c ****               }
 1700              		.loc 1 938 24 view .LVU570
 1701 0538 0320     		movs	r0, #3
 1702 053a 60E0     		b	.L57
 1703              	.L173:
 944:Drivers/STM32L4xx_HAL_Driver/Src/stm32l4xx_hal_rcc.c ****                                  RCC_OscInitStruct->PLL.PLLM,
 1704              		.loc 1 944 13 is_stmt 1 view .LVU571
 1705 053c 344A     		ldr	r2, .L180
 1706 053e D368     		ldr	r3, [r2, #12]
 1707 0540 3449     		ldr	r1, .L180+4
 1708 0542 1940     		ands	r1, r1, r3
 1709 0544 E36A     		ldr	r3, [r4, #44]
 1710 0546 206B     		ldr	r0, [r4, #48]
 1711 0548 0138     		subs	r0, r0, #1
 1712 054a 43EA0013 		orr	r3, r3, r0, lsl #4
 1713 054e 606B     		ldr	r0, [r4, #52]
 1714 0550 43EA0023 		orr	r3, r3, r0, lsl #8
 1715 0554 E06B     		ldr	r0, [r4, #60]
 1716 0556 4008     		lsrs	r0, r0, #1
 1717 0558 0138     		subs	r0, r0, #1
 1718 055a 43EA4053 		orr	r3, r3, r0, lsl #21
 1719 055e 206C     		ldr	r0, [r4, #64]
 1720 0560 4008     		lsrs	r0, r0, #1
 1721 0562 0138     		subs	r0, r0, #1
 1722 0564 43EA4063 		orr	r3, r3, r0, lsl #25
 1723 0568 A06B     		ldr	r0, [r4, #56]
 1724 056a 0009     		lsrs	r0, r0, #4
 1725 056c 43EA4043 		orr	r3, r3, r0, lsl #17
 1726 0570 1943     		orrs	r1, r1, r3
 1727 0572 D160     		str	r1, [r2, #12]
 959:Drivers/STM32L4xx_HAL_Driver/Src/stm32l4xx_hal_rcc.c **** 
 1728              		.loc 1 959 13 view .LVU572
 1729 0574 1368     		ldr	r3, [r2]
 1730 0576 43F08073 		orr	r3, r3, #16777216
 1731 057a 1360     		str	r3, [r2]
 962:Drivers/STM32L4xx_HAL_Driver/Src/stm32l4xx_hal_rcc.c **** 
 1732              		.loc 1 962 13 view .LVU573
 1733 057c D368     		ldr	r3, [r2, #12]
 1734 057e 43F08073 		orr	r3, r3, #16777216
 1735 0582 D360     		str	r3, [r2, #12]
 965:Drivers/STM32L4xx_HAL_Driver/Src/stm32l4xx_hal_rcc.c **** 
 1736              		.loc 1 965 13 view .LVU574
 965:Drivers/STM32L4xx_HAL_Driver/Src/stm32l4xx_hal_rcc.c **** 
 1737              		.loc 1 965 25 is_stmt 0 view .LVU575
 1738 0584 FFF7FEFF 		bl	HAL_GetTick
 1739              	.LVL123:
 1740 0588 0446     		mov	r4, r0
 1741              	.LVL124:
 968:Drivers/STM32L4xx_HAL_Driver/Src/stm32l4xx_hal_rcc.c ****             {
ARM GAS  /tmp/ccziZpZZ.s 			page 74


 1742              		.loc 1 968 13 is_stmt 1 view .LVU576
 1743              	.L116:
 968:Drivers/STM32L4xx_HAL_Driver/Src/stm32l4xx_hal_rcc.c ****             {
 1744              		.loc 1 968 52 view .LVU577
 968:Drivers/STM32L4xx_HAL_Driver/Src/stm32l4xx_hal_rcc.c ****             {
 1745              		.loc 1 968 19 is_stmt 0 view .LVU578
 1746 058a 214B     		ldr	r3, .L180
 1747 058c 1B68     		ldr	r3, [r3]
 968:Drivers/STM32L4xx_HAL_Driver/Src/stm32l4xx_hal_rcc.c ****             {
 1748              		.loc 1 968 52 view .LVU579
 1749 058e 13F0007F 		tst	r3, #33554432
 1750 0592 06D1     		bne	.L174
 970:Drivers/STM32L4xx_HAL_Driver/Src/stm32l4xx_hal_rcc.c ****               {
 1751              		.loc 1 970 15 is_stmt 1 view .LVU580
 970:Drivers/STM32L4xx_HAL_Driver/Src/stm32l4xx_hal_rcc.c ****               {
 1752              		.loc 1 970 19 is_stmt 0 view .LVU581
 1753 0594 FFF7FEFF 		bl	HAL_GetTick
 1754              	.LVL125:
 970:Drivers/STM32L4xx_HAL_Driver/Src/stm32l4xx_hal_rcc.c ****               {
 1755              		.loc 1 970 33 discriminator 1 view .LVU582
 1756 0598 001B     		subs	r0, r0, r4
 970:Drivers/STM32L4xx_HAL_Driver/Src/stm32l4xx_hal_rcc.c ****               {
 1757              		.loc 1 970 17 discriminator 1 view .LVU583
 1758 059a 0228     		cmp	r0, #2
 1759 059c F5D9     		bls	.L116
 972:Drivers/STM32L4xx_HAL_Driver/Src/stm32l4xx_hal_rcc.c ****               }
 1760              		.loc 1 972 24 view .LVU584
 1761 059e 0320     		movs	r0, #3
 1762 05a0 2DE0     		b	.L57
 1763              	.L174:
1044:Drivers/STM32L4xx_HAL_Driver/Src/stm32l4xx_hal_rcc.c **** }
 1764              		.loc 1 1044 10 view .LVU585
 1765 05a2 0020     		movs	r0, #0
 1766 05a4 2BE0     		b	.L57
 1767              	.LVL126:
 1768              	.L172:
 990:Drivers/STM32L4xx_HAL_Driver/Src/stm32l4xx_hal_rcc.c **** 
 1769              		.loc 1 990 11 is_stmt 1 view .LVU586
 1770 05a6 1A4B     		ldr	r3, .L180
 1771 05a8 1A68     		ldr	r2, [r3]
 1772 05aa 42F08072 		orr	r2, r2, #16777216
 1773 05ae 1A60     		str	r2, [r3]
 993:Drivers/STM32L4xx_HAL_Driver/Src/stm32l4xx_hal_rcc.c **** 
 1774              		.loc 1 993 11 view .LVU587
 1775 05b0 DA68     		ldr	r2, [r3, #12]
 1776 05b2 42F08072 		orr	r2, r2, #16777216
 1777 05b6 DA60     		str	r2, [r3, #12]
 996:Drivers/STM32L4xx_HAL_Driver/Src/stm32l4xx_hal_rcc.c **** 
 1778              		.loc 1 996 11 view .LVU588
 996:Drivers/STM32L4xx_HAL_Driver/Src/stm32l4xx_hal_rcc.c **** 
 1779              		.loc 1 996 23 is_stmt 0 view .LVU589
 1780 05b8 FFF7FEFF 		bl	HAL_GetTick
 1781              	.LVL127:
 1782 05bc 0446     		mov	r4, r0
 1783              	.LVL128:
 999:Drivers/STM32L4xx_HAL_Driver/Src/stm32l4xx_hal_rcc.c ****           {
 1784              		.loc 1 999 11 is_stmt 1 view .LVU590
ARM GAS  /tmp/ccziZpZZ.s 			page 75


 1785              	.L118:
 999:Drivers/STM32L4xx_HAL_Driver/Src/stm32l4xx_hal_rcc.c ****           {
 1786              		.loc 1 999 50 view .LVU591
 999:Drivers/STM32L4xx_HAL_Driver/Src/stm32l4xx_hal_rcc.c ****           {
 1787              		.loc 1 999 17 is_stmt 0 view .LVU592
 1788 05be 144B     		ldr	r3, .L180
 1789 05c0 1B68     		ldr	r3, [r3]
 999:Drivers/STM32L4xx_HAL_Driver/Src/stm32l4xx_hal_rcc.c ****           {
 1790              		.loc 1 999 50 view .LVU593
 1791 05c2 13F0007F 		tst	r3, #33554432
 1792 05c6 06D1     		bne	.L175
1001:Drivers/STM32L4xx_HAL_Driver/Src/stm32l4xx_hal_rcc.c ****             {
 1793              		.loc 1 1001 13 is_stmt 1 view .LVU594
1001:Drivers/STM32L4xx_HAL_Driver/Src/stm32l4xx_hal_rcc.c ****             {
 1794              		.loc 1 1001 17 is_stmt 0 view .LVU595
 1795 05c8 FFF7FEFF 		bl	HAL_GetTick
 1796              	.LVL129:
1001:Drivers/STM32L4xx_HAL_Driver/Src/stm32l4xx_hal_rcc.c ****             {
 1797              		.loc 1 1001 31 discriminator 1 view .LVU596
 1798 05cc 031B     		subs	r3, r0, r4
1001:Drivers/STM32L4xx_HAL_Driver/Src/stm32l4xx_hal_rcc.c ****             {
 1799              		.loc 1 1001 15 discriminator 1 view .LVU597
 1800 05ce 022B     		cmp	r3, #2
 1801 05d0 F5D9     		bls	.L118
1003:Drivers/STM32L4xx_HAL_Driver/Src/stm32l4xx_hal_rcc.c ****             }
 1802              		.loc 1 1003 22 view .LVU598
 1803 05d2 0320     		movs	r0, #3
 1804 05d4 13E0     		b	.L57
 1805              	.L175:
1044:Drivers/STM32L4xx_HAL_Driver/Src/stm32l4xx_hal_rcc.c **** }
 1806              		.loc 1 1044 10 view .LVU599
 1807 05d6 0020     		movs	r0, #0
 1808 05d8 11E0     		b	.L57
 1809              	.L169:
1030:Drivers/STM32L4xx_HAL_Driver/Src/stm32l4xx_hal_rcc.c **** #elif defined(RCC_PLLSAI1_SUPPORT)
 1810              		.loc 1 1030 9 is_stmt 1 view .LVU600
1030:Drivers/STM32L4xx_HAL_Driver/Src/stm32l4xx_hal_rcc.c **** #elif defined(RCC_PLLSAI1_SUPPORT)
 1811              		.loc 1 1030 12 is_stmt 0 view .LVU601
 1812 05da 0D4A     		ldr	r2, .L180
 1813 05dc D168     		ldr	r1, [r2, #12]
1030:Drivers/STM32L4xx_HAL_Driver/Src/stm32l4xx_hal_rcc.c **** #elif defined(RCC_PLLSAI1_SUPPORT)
 1814              		.loc 1 1030 22 view .LVU602
 1815 05de 0E4B     		ldr	r3, .L180+8
 1816 05e0 0B40     		ands	r3, r3, r1
 1817 05e2 D360     		str	r3, [r2, #12]
1044:Drivers/STM32L4xx_HAL_Driver/Src/stm32l4xx_hal_rcc.c **** }
 1818              		.loc 1 1044 10 view .LVU603
 1819 05e4 0020     		movs	r0, #0
 1820 05e6 0AE0     		b	.L57
 1821              	.LVL130:
 1822              	.L122:
 1823              	.LCFI10:
 1824              		.cfi_def_cfa_offset 0
 1825              		.cfi_restore 4
 1826              		.cfi_restore 5
 1827              		.cfi_restore 6
 1828              		.cfi_restore 7
ARM GAS  /tmp/ccziZpZZ.s 			page 76


 1829              		.cfi_restore 14
 414:Drivers/STM32L4xx_HAL_Driver/Src/stm32l4xx_hal_rcc.c ****   }
 1830              		.loc 1 414 12 view .LVU604
 1831 05e8 0120     		movs	r0, #1
 1832              	.LVL131:
1045:Drivers/STM32L4xx_HAL_Driver/Src/stm32l4xx_hal_rcc.c **** 
 1833              		.loc 1 1045 1 view .LVU605
 1834 05ea 7047     		bx	lr
 1835              	.LVL132:
 1836              	.L123:
 1837              	.LCFI11:
 1838              		.cfi_def_cfa_offset 32
 1839              		.cfi_offset 4, -20
 1840              		.cfi_offset 5, -16
 1841              		.cfi_offset 6, -12
 1842              		.cfi_offset 7, -8
 1843              		.cfi_offset 14, -4
 437:Drivers/STM32L4xx_HAL_Driver/Src/stm32l4xx_hal_rcc.c ****       }
 1844              		.loc 1 437 16 view .LVU606
 1845 05ec 0120     		movs	r0, #1
 1846              	.LVL133:
 437:Drivers/STM32L4xx_HAL_Driver/Src/stm32l4xx_hal_rcc.c ****       }
 1847              		.loc 1 437 16 view .LVU607
 1848 05ee 06E0     		b	.L57
 1849              	.L124:
 451:Drivers/STM32L4xx_HAL_Driver/Src/stm32l4xx_hal_rcc.c ****           }
 1850              		.loc 1 451 20 view .LVU608
 1851 05f0 0120     		movs	r0, #1
 1852 05f2 04E0     		b	.L57
 1853              	.L161:
 545:Drivers/STM32L4xx_HAL_Driver/Src/stm32l4xx_hal_rcc.c ****       }
 1854              		.loc 1 545 16 view .LVU609
 1855 05f4 0120     		movs	r0, #1
 1856 05f6 02E0     		b	.L57
 1857              	.L131:
 598:Drivers/STM32L4xx_HAL_Driver/Src/stm32l4xx_hal_rcc.c ****       }
 1858              		.loc 1 598 16 view .LVU610
 1859 05f8 0120     		movs	r0, #1
 1860 05fa 00E0     		b	.L57
 1861              	.LVL134:
 1862              	.L140:
1044:Drivers/STM32L4xx_HAL_Driver/Src/stm32l4xx_hal_rcc.c **** }
 1863              		.loc 1 1044 10 view .LVU611
 1864 05fc 0020     		movs	r0, #0
 1865              	.LVL135:
 1866              	.L57:
1045:Drivers/STM32L4xx_HAL_Driver/Src/stm32l4xx_hal_rcc.c **** 
 1867              		.loc 1 1045 1 view .LVU612
 1868 05fe 03B0     		add	sp, sp, #12
 1869              	.LCFI12:
 1870              		.cfi_remember_state
 1871              		.cfi_def_cfa_offset 20
 1872              		@ sp needed
 1873 0600 F0BD     		pop	{r4, r5, r6, r7, pc}
 1874              	.LVL136:
 1875              	.L141:
 1876              	.LCFI13:
ARM GAS  /tmp/ccziZpZZ.s 			page 77


 1877              		.cfi_restore_state
 980:Drivers/STM32L4xx_HAL_Driver/Src/stm32l4xx_hal_rcc.c ****         }
 1878              		.loc 1 980 18 view .LVU613
 1879 0602 0120     		movs	r0, #1
 1880 0604 FBE7     		b	.L57
 1881              	.L142:
 922:Drivers/STM32L4xx_HAL_Driver/Src/stm32l4xx_hal_rcc.c ****           }
 1882              		.loc 1 922 20 view .LVU614
 1883 0606 0120     		movs	r0, #1
 1884 0608 F9E7     		b	.L57
 1885              	.L148:
1040:Drivers/STM32L4xx_HAL_Driver/Src/stm32l4xx_hal_rcc.c ****       }
 1886              		.loc 1 1040 16 view .LVU615
 1887 060a 0120     		movs	r0, #1
 1888 060c F7E7     		b	.L57
 1889              	.L181:
 1890 060e 00BF     		.align	2
 1891              	.L180:
 1892 0610 00100240 		.word	1073876992
 1893 0614 8C809DF9 		.word	-107118452
 1894 0618 FCFFEEFE 		.word	-17891332
 1895              		.cfi_endproc
 1896              	.LFE133:
 1898              		.section	.text.HAL_RCC_ClockConfig,"ax",%progbits
 1899              		.align	1
 1900              		.global	HAL_RCC_ClockConfig
 1901              		.syntax unified
 1902              		.thumb
 1903              		.thumb_func
 1905              	HAL_RCC_ClockConfig:
 1906              	.LVL137:
 1907              	.LFB134:
1098:Drivers/STM32L4xx_HAL_Driver/Src/stm32l4xx_hal_rcc.c ****   uint32_t tickstart;
 1908              		.loc 1 1098 1 is_stmt 1 view -0
 1909              		.cfi_startproc
 1910              		@ args = 0, pretend = 0, frame = 0
 1911              		@ frame_needed = 0, uses_anonymous_args = 0
1099:Drivers/STM32L4xx_HAL_Driver/Src/stm32l4xx_hal_rcc.c **** #if defined(STM32L4P5xx) || defined(STM32L4Q5xx) || \
 1912              		.loc 1 1099 3 view .LVU617
1104:Drivers/STM32L4xx_HAL_Driver/Src/stm32l4xx_hal_rcc.c **** 
 1913              		.loc 1 1104 3 view .LVU618
1107:Drivers/STM32L4xx_HAL_Driver/Src/stm32l4xx_hal_rcc.c ****   {
 1914              		.loc 1 1107 3 view .LVU619
1107:Drivers/STM32L4xx_HAL_Driver/Src/stm32l4xx_hal_rcc.c ****   {
 1915              		.loc 1 1107 5 is_stmt 0 view .LVU620
 1916 0000 0028     		cmp	r0, #0
 1917 0002 00F0AF80 		beq	.L197
1098:Drivers/STM32L4xx_HAL_Driver/Src/stm32l4xx_hal_rcc.c ****   uint32_t tickstart;
 1918              		.loc 1 1098 1 view .LVU621
 1919 0006 70B5     		push	{r4, r5, r6, lr}
 1920              	.LCFI14:
 1921              		.cfi_def_cfa_offset 16
 1922              		.cfi_offset 4, -16
 1923              		.cfi_offset 5, -12
 1924              		.cfi_offset 6, -8
 1925              		.cfi_offset 14, -4
 1926 0008 0D46     		mov	r5, r1
ARM GAS  /tmp/ccziZpZZ.s 			page 78


 1927 000a 0446     		mov	r4, r0
1113:Drivers/STM32L4xx_HAL_Driver/Src/stm32l4xx_hal_rcc.c ****   assert_param(IS_FLASH_LATENCY(FLatency));
 1928              		.loc 1 1113 3 is_stmt 1 view .LVU622
1114:Drivers/STM32L4xx_HAL_Driver/Src/stm32l4xx_hal_rcc.c **** 
 1929              		.loc 1 1114 3 view .LVU623
1121:Drivers/STM32L4xx_HAL_Driver/Src/stm32l4xx_hal_rcc.c ****   {
 1930              		.loc 1 1121 3 view .LVU624
1121:Drivers/STM32L4xx_HAL_Driver/Src/stm32l4xx_hal_rcc.c ****   {
 1931              		.loc 1 1121 17 is_stmt 0 view .LVU625
 1932 000c 594B     		ldr	r3, .L212
 1933 000e 1B68     		ldr	r3, [r3]
 1934 0010 03F00703 		and	r3, r3, #7
1121:Drivers/STM32L4xx_HAL_Driver/Src/stm32l4xx_hal_rcc.c ****   {
 1935              		.loc 1 1121 5 view .LVU626
 1936 0014 8B42     		cmp	r3, r1
 1937 0016 0BD2     		bcs	.L184
1124:Drivers/STM32L4xx_HAL_Driver/Src/stm32l4xx_hal_rcc.c **** 
 1938              		.loc 1 1124 5 is_stmt 1 view .LVU627
 1939 0018 564A     		ldr	r2, .L212
 1940 001a 1368     		ldr	r3, [r2]
 1941 001c 23F00703 		bic	r3, r3, #7
 1942 0020 0B43     		orrs	r3, r3, r1
 1943 0022 1360     		str	r3, [r2]
1128:Drivers/STM32L4xx_HAL_Driver/Src/stm32l4xx_hal_rcc.c ****     {
 1944              		.loc 1 1128 5 view .LVU628
1128:Drivers/STM32L4xx_HAL_Driver/Src/stm32l4xx_hal_rcc.c ****     {
 1945              		.loc 1 1128 8 is_stmt 0 view .LVU629
 1946 0024 1368     		ldr	r3, [r2]
 1947 0026 03F00703 		and	r3, r3, #7
1128:Drivers/STM32L4xx_HAL_Driver/Src/stm32l4xx_hal_rcc.c ****     {
 1948              		.loc 1 1128 7 view .LVU630
 1949 002a 8B42     		cmp	r3, r1
 1950 002c 40F09C80 		bne	.L198
 1951              	.L184:
1136:Drivers/STM32L4xx_HAL_Driver/Src/stm32l4xx_hal_rcc.c ****   {
 1952              		.loc 1 1136 3 is_stmt 1 view .LVU631
1136:Drivers/STM32L4xx_HAL_Driver/Src/stm32l4xx_hal_rcc.c ****   {
 1953              		.loc 1 1136 25 is_stmt 0 view .LVU632
 1954 0030 2368     		ldr	r3, [r4]
1136:Drivers/STM32L4xx_HAL_Driver/Src/stm32l4xx_hal_rcc.c ****   {
 1955              		.loc 1 1136 5 view .LVU633
 1956 0032 13F0020F 		tst	r3, #2
 1957 0036 0CD0     		beq	.L185
1138:Drivers/STM32L4xx_HAL_Driver/Src/stm32l4xx_hal_rcc.c **** 
 1958              		.loc 1 1138 5 is_stmt 1 view .LVU634
1140:Drivers/STM32L4xx_HAL_Driver/Src/stm32l4xx_hal_rcc.c ****     {
 1959              		.loc 1 1140 5 view .LVU635
1140:Drivers/STM32L4xx_HAL_Driver/Src/stm32l4xx_hal_rcc.c ****     {
 1960              		.loc 1 1140 25 is_stmt 0 view .LVU636
 1961 0038 A268     		ldr	r2, [r4, #8]
1140:Drivers/STM32L4xx_HAL_Driver/Src/stm32l4xx_hal_rcc.c ****     {
 1962              		.loc 1 1140 43 view .LVU637
 1963 003a 4F4B     		ldr	r3, .L212+4
 1964 003c 9B68     		ldr	r3, [r3, #8]
 1965 003e 03F0F003 		and	r3, r3, #240
1140:Drivers/STM32L4xx_HAL_Driver/Src/stm32l4xx_hal_rcc.c ****     {
 1966              		.loc 1 1140 7 view .LVU638
ARM GAS  /tmp/ccziZpZZ.s 			page 79


 1967 0042 9A42     		cmp	r2, r3
 1968 0044 05D9     		bls	.L185
1142:Drivers/STM32L4xx_HAL_Driver/Src/stm32l4xx_hal_rcc.c ****     }
 1969              		.loc 1 1142 7 is_stmt 1 view .LVU639
 1970 0046 4C49     		ldr	r1, .L212+4
 1971              	.LVL138:
1142:Drivers/STM32L4xx_HAL_Driver/Src/stm32l4xx_hal_rcc.c ****     }
 1972              		.loc 1 1142 7 is_stmt 0 view .LVU640
 1973 0048 8B68     		ldr	r3, [r1, #8]
 1974 004a 23F0F003 		bic	r3, r3, #240
 1975 004e 1A43     		orrs	r2, r2, r3
 1976 0050 8A60     		str	r2, [r1, #8]
 1977              	.L185:
1147:Drivers/STM32L4xx_HAL_Driver/Src/stm32l4xx_hal_rcc.c ****   {
 1978              		.loc 1 1147 3 is_stmt 1 view .LVU641
1147:Drivers/STM32L4xx_HAL_Driver/Src/stm32l4xx_hal_rcc.c ****   {
 1979              		.loc 1 1147 25 is_stmt 0 view .LVU642
 1980 0052 2368     		ldr	r3, [r4]
1147:Drivers/STM32L4xx_HAL_Driver/Src/stm32l4xx_hal_rcc.c ****   {
 1981              		.loc 1 1147 5 view .LVU643
 1982 0054 13F0010F 		tst	r3, #1
 1983 0058 39D0     		beq	.L186
1149:Drivers/STM32L4xx_HAL_Driver/Src/stm32l4xx_hal_rcc.c **** 
 1984              		.loc 1 1149 5 is_stmt 1 view .LVU644
1152:Drivers/STM32L4xx_HAL_Driver/Src/stm32l4xx_hal_rcc.c ****     {
 1985              		.loc 1 1152 5 view .LVU645
1152:Drivers/STM32L4xx_HAL_Driver/Src/stm32l4xx_hal_rcc.c ****     {
 1986              		.loc 1 1152 25 is_stmt 0 view .LVU646
 1987 005a 6368     		ldr	r3, [r4, #4]
1152:Drivers/STM32L4xx_HAL_Driver/Src/stm32l4xx_hal_rcc.c ****     {
 1988              		.loc 1 1152 7 view .LVU647
 1989 005c 032B     		cmp	r3, #3
 1990 005e 09D0     		beq	.L209
1177:Drivers/STM32L4xx_HAL_Driver/Src/stm32l4xx_hal_rcc.c ****       {
 1991              		.loc 1 1177 7 is_stmt 1 view .LVU648
1177:Drivers/STM32L4xx_HAL_Driver/Src/stm32l4xx_hal_rcc.c ****       {
 1992              		.loc 1 1177 9 is_stmt 0 view .LVU649
 1993 0060 022B     		cmp	r3, #2
 1994 0062 26D0     		beq	.L210
1186:Drivers/STM32L4xx_HAL_Driver/Src/stm32l4xx_hal_rcc.c ****       {
 1995              		.loc 1 1186 12 is_stmt 1 view .LVU650
1186:Drivers/STM32L4xx_HAL_Driver/Src/stm32l4xx_hal_rcc.c ****       {
 1996              		.loc 1 1186 14 is_stmt 0 view .LVU651
 1997 0064 63BB     		cbnz	r3, .L190
1189:Drivers/STM32L4xx_HAL_Driver/Src/stm32l4xx_hal_rcc.c ****         {
 1998              		.loc 1 1189 9 is_stmt 1 view .LVU652
1189:Drivers/STM32L4xx_HAL_Driver/Src/stm32l4xx_hal_rcc.c ****         {
 1999              		.loc 1 1189 12 is_stmt 0 view .LVU653
 2000 0066 444A     		ldr	r2, .L212+4
 2001 0068 1268     		ldr	r2, [r2]
1189:Drivers/STM32L4xx_HAL_Driver/Src/stm32l4xx_hal_rcc.c ****         {
 2002              		.loc 1 1189 11 view .LVU654
 2003 006a 12F0020F 		tst	r2, #2
 2004 006e 06D1     		bne	.L188
1191:Drivers/STM32L4xx_HAL_Driver/Src/stm32l4xx_hal_rcc.c ****         }
 2005              		.loc 1 1191 18 view .LVU655
 2006 0070 0120     		movs	r0, #1
ARM GAS  /tmp/ccziZpZZ.s 			page 80


 2007              	.LVL139:
1191:Drivers/STM32L4xx_HAL_Driver/Src/stm32l4xx_hal_rcc.c ****         }
 2008              		.loc 1 1191 18 view .LVU656
 2009 0072 76E0     		b	.L183
 2010              	.LVL140:
 2011              	.L209:
1155:Drivers/STM32L4xx_HAL_Driver/Src/stm32l4xx_hal_rcc.c ****       {
 2012              		.loc 1 1155 7 is_stmt 1 view .LVU657
1155:Drivers/STM32L4xx_HAL_Driver/Src/stm32l4xx_hal_rcc.c ****       {
 2013              		.loc 1 1155 10 is_stmt 0 view .LVU658
 2014 0074 404A     		ldr	r2, .L212+4
 2015 0076 1268     		ldr	r2, [r2]
1155:Drivers/STM32L4xx_HAL_Driver/Src/stm32l4xx_hal_rcc.c ****       {
 2016              		.loc 1 1155 9 view .LVU659
 2017 0078 12F0007F 		tst	r2, #33554432
 2018 007c 76D0     		beq	.L211
 2019              	.L188:
1219:Drivers/STM32L4xx_HAL_Driver/Src/stm32l4xx_hal_rcc.c **** 
 2020              		.loc 1 1219 5 is_stmt 1 view .LVU660
 2021 007e 3E49     		ldr	r1, .L212+4
 2022 0080 8A68     		ldr	r2, [r1, #8]
 2023 0082 22F00302 		bic	r2, r2, #3
 2024 0086 1343     		orrs	r3, r3, r2
 2025 0088 8B60     		str	r3, [r1, #8]
1222:Drivers/STM32L4xx_HAL_Driver/Src/stm32l4xx_hal_rcc.c **** 
 2026              		.loc 1 1222 5 view .LVU661
1222:Drivers/STM32L4xx_HAL_Driver/Src/stm32l4xx_hal_rcc.c **** 
 2027              		.loc 1 1222 17 is_stmt 0 view .LVU662
 2028 008a FFF7FEFF 		bl	HAL_GetTick
 2029              	.LVL141:
1222:Drivers/STM32L4xx_HAL_Driver/Src/stm32l4xx_hal_rcc.c **** 
 2030              		.loc 1 1222 17 view .LVU663
 2031 008e 0646     		mov	r6, r0
 2032              	.LVL142:
1224:Drivers/STM32L4xx_HAL_Driver/Src/stm32l4xx_hal_rcc.c ****     {
 2033              		.loc 1 1224 5 is_stmt 1 view .LVU664
 2034              	.L191:
1224:Drivers/STM32L4xx_HAL_Driver/Src/stm32l4xx_hal_rcc.c ****     {
 2035              		.loc 1 1224 41 view .LVU665
1224:Drivers/STM32L4xx_HAL_Driver/Src/stm32l4xx_hal_rcc.c ****     {
 2036              		.loc 1 1224 11 is_stmt 0 view .LVU666
 2037 0090 394B     		ldr	r3, .L212+4
 2038 0092 9B68     		ldr	r3, [r3, #8]
 2039 0094 03F00C03 		and	r3, r3, #12
1224:Drivers/STM32L4xx_HAL_Driver/Src/stm32l4xx_hal_rcc.c ****     {
 2040              		.loc 1 1224 62 view .LVU667
 2041 0098 6268     		ldr	r2, [r4, #4]
1224:Drivers/STM32L4xx_HAL_Driver/Src/stm32l4xx_hal_rcc.c ****     {
 2042              		.loc 1 1224 41 view .LVU668
 2043 009a B3EB820F 		cmp	r3, r2, lsl #2
 2044 009e 16D0     		beq	.L186
1226:Drivers/STM32L4xx_HAL_Driver/Src/stm32l4xx_hal_rcc.c ****       {
 2045              		.loc 1 1226 7 is_stmt 1 view .LVU669
1226:Drivers/STM32L4xx_HAL_Driver/Src/stm32l4xx_hal_rcc.c ****       {
 2046              		.loc 1 1226 11 is_stmt 0 view .LVU670
 2047 00a0 FFF7FEFF 		bl	HAL_GetTick
 2048              	.LVL143:
ARM GAS  /tmp/ccziZpZZ.s 			page 81


1226:Drivers/STM32L4xx_HAL_Driver/Src/stm32l4xx_hal_rcc.c ****       {
 2049              		.loc 1 1226 25 discriminator 1 view .LVU671
 2050 00a4 801B     		subs	r0, r0, r6
1226:Drivers/STM32L4xx_HAL_Driver/Src/stm32l4xx_hal_rcc.c ****       {
 2051              		.loc 1 1226 9 discriminator 1 view .LVU672
 2052 00a6 41F28833 		movw	r3, #5000
 2053 00aa 9842     		cmp	r0, r3
 2054 00ac F0D9     		bls	.L191
1228:Drivers/STM32L4xx_HAL_Driver/Src/stm32l4xx_hal_rcc.c ****       }
 2055              		.loc 1 1228 16 view .LVU673
 2056 00ae 0320     		movs	r0, #3
 2057 00b0 57E0     		b	.L183
 2058              	.LVL144:
 2059              	.L210:
1180:Drivers/STM32L4xx_HAL_Driver/Src/stm32l4xx_hal_rcc.c ****         {
 2060              		.loc 1 1180 9 is_stmt 1 view .LVU674
1180:Drivers/STM32L4xx_HAL_Driver/Src/stm32l4xx_hal_rcc.c ****         {
 2061              		.loc 1 1180 12 is_stmt 0 view .LVU675
 2062 00b2 314A     		ldr	r2, .L212+4
 2063 00b4 1268     		ldr	r2, [r2]
1180:Drivers/STM32L4xx_HAL_Driver/Src/stm32l4xx_hal_rcc.c ****         {
 2064              		.loc 1 1180 11 view .LVU676
 2065 00b6 12F4003F 		tst	r2, #131072
 2066 00ba E0D1     		bne	.L188
1182:Drivers/STM32L4xx_HAL_Driver/Src/stm32l4xx_hal_rcc.c ****         }
 2067              		.loc 1 1182 18 view .LVU677
 2068 00bc 0120     		movs	r0, #1
 2069              	.LVL145:
1182:Drivers/STM32L4xx_HAL_Driver/Src/stm32l4xx_hal_rcc.c ****         }
 2070              		.loc 1 1182 18 view .LVU678
 2071 00be 50E0     		b	.L183
 2072              	.LVL146:
 2073              	.L190:
1198:Drivers/STM32L4xx_HAL_Driver/Src/stm32l4xx_hal_rcc.c ****         {
 2074              		.loc 1 1198 9 is_stmt 1 view .LVU679
1198:Drivers/STM32L4xx_HAL_Driver/Src/stm32l4xx_hal_rcc.c ****         {
 2075              		.loc 1 1198 12 is_stmt 0 view .LVU680
 2076 00c0 2D4A     		ldr	r2, .L212+4
 2077 00c2 1268     		ldr	r2, [r2]
1198:Drivers/STM32L4xx_HAL_Driver/Src/stm32l4xx_hal_rcc.c ****         {
 2078              		.loc 1 1198 11 view .LVU681
 2079 00c4 12F4806F 		tst	r2, #1024
 2080 00c8 D9D1     		bne	.L188
1200:Drivers/STM32L4xx_HAL_Driver/Src/stm32l4xx_hal_rcc.c ****         }
 2081              		.loc 1 1200 18 view .LVU682
 2082 00ca 0120     		movs	r0, #1
 2083              	.LVL147:
1200:Drivers/STM32L4xx_HAL_Driver/Src/stm32l4xx_hal_rcc.c ****         }
 2084              		.loc 1 1200 18 view .LVU683
 2085 00cc 49E0     		b	.L183
 2086              	.L186:
1244:Drivers/STM32L4xx_HAL_Driver/Src/stm32l4xx_hal_rcc.c ****   {
 2087              		.loc 1 1244 3 is_stmt 1 view .LVU684
1244:Drivers/STM32L4xx_HAL_Driver/Src/stm32l4xx_hal_rcc.c ****   {
 2088              		.loc 1 1244 25 is_stmt 0 view .LVU685
 2089 00ce 2368     		ldr	r3, [r4]
1244:Drivers/STM32L4xx_HAL_Driver/Src/stm32l4xx_hal_rcc.c ****   {
ARM GAS  /tmp/ccziZpZZ.s 			page 82


 2090              		.loc 1 1244 5 view .LVU686
 2091 00d0 13F0020F 		tst	r3, #2
 2092 00d4 0CD0     		beq	.L193
1246:Drivers/STM32L4xx_HAL_Driver/Src/stm32l4xx_hal_rcc.c ****     {
 2093              		.loc 1 1246 5 is_stmt 1 view .LVU687
1246:Drivers/STM32L4xx_HAL_Driver/Src/stm32l4xx_hal_rcc.c ****     {
 2094              		.loc 1 1246 25 is_stmt 0 view .LVU688
 2095 00d6 A268     		ldr	r2, [r4, #8]
1246:Drivers/STM32L4xx_HAL_Driver/Src/stm32l4xx_hal_rcc.c ****     {
 2096              		.loc 1 1246 43 view .LVU689
 2097 00d8 274B     		ldr	r3, .L212+4
 2098 00da 9B68     		ldr	r3, [r3, #8]
 2099 00dc 03F0F003 		and	r3, r3, #240
1246:Drivers/STM32L4xx_HAL_Driver/Src/stm32l4xx_hal_rcc.c ****     {
 2100              		.loc 1 1246 7 view .LVU690
 2101 00e0 9A42     		cmp	r2, r3
 2102 00e2 05D2     		bcs	.L193
1248:Drivers/STM32L4xx_HAL_Driver/Src/stm32l4xx_hal_rcc.c ****     }
 2103              		.loc 1 1248 7 is_stmt 1 view .LVU691
 2104 00e4 2449     		ldr	r1, .L212+4
 2105 00e6 8B68     		ldr	r3, [r1, #8]
 2106 00e8 23F0F003 		bic	r3, r3, #240
 2107 00ec 1A43     		orrs	r2, r2, r3
 2108 00ee 8A60     		str	r2, [r1, #8]
 2109              	.L193:
1253:Drivers/STM32L4xx_HAL_Driver/Src/stm32l4xx_hal_rcc.c ****   {
 2110              		.loc 1 1253 3 view .LVU692
1253:Drivers/STM32L4xx_HAL_Driver/Src/stm32l4xx_hal_rcc.c ****   {
 2111              		.loc 1 1253 17 is_stmt 0 view .LVU693
 2112 00f0 204B     		ldr	r3, .L212
 2113 00f2 1B68     		ldr	r3, [r3]
 2114 00f4 03F00703 		and	r3, r3, #7
1253:Drivers/STM32L4xx_HAL_Driver/Src/stm32l4xx_hal_rcc.c ****   {
 2115              		.loc 1 1253 5 view .LVU694
 2116 00f8 AB42     		cmp	r3, r5
 2117 00fa 0AD9     		bls	.L194
1256:Drivers/STM32L4xx_HAL_Driver/Src/stm32l4xx_hal_rcc.c **** 
 2118              		.loc 1 1256 5 is_stmt 1 view .LVU695
 2119 00fc 1D4A     		ldr	r2, .L212
 2120 00fe 1368     		ldr	r3, [r2]
 2121 0100 23F00703 		bic	r3, r3, #7
 2122 0104 2B43     		orrs	r3, r3, r5
 2123 0106 1360     		str	r3, [r2]
1260:Drivers/STM32L4xx_HAL_Driver/Src/stm32l4xx_hal_rcc.c ****     {
 2124              		.loc 1 1260 5 view .LVU696
1260:Drivers/STM32L4xx_HAL_Driver/Src/stm32l4xx_hal_rcc.c ****     {
 2125              		.loc 1 1260 8 is_stmt 0 view .LVU697
 2126 0108 1368     		ldr	r3, [r2]
 2127 010a 03F00703 		and	r3, r3, #7
1260:Drivers/STM32L4xx_HAL_Driver/Src/stm32l4xx_hal_rcc.c ****     {
 2128              		.loc 1 1260 7 view .LVU698
 2129 010e AB42     		cmp	r3, r5
 2130 0110 2ED1     		bne	.L204
 2131              	.L194:
1267:Drivers/STM32L4xx_HAL_Driver/Src/stm32l4xx_hal_rcc.c ****   {
 2132              		.loc 1 1267 3 is_stmt 1 view .LVU699
1267:Drivers/STM32L4xx_HAL_Driver/Src/stm32l4xx_hal_rcc.c ****   {
ARM GAS  /tmp/ccziZpZZ.s 			page 83


 2133              		.loc 1 1267 25 is_stmt 0 view .LVU700
 2134 0112 2368     		ldr	r3, [r4]
1267:Drivers/STM32L4xx_HAL_Driver/Src/stm32l4xx_hal_rcc.c ****   {
 2135              		.loc 1 1267 5 view .LVU701
 2136 0114 13F0040F 		tst	r3, #4
 2137 0118 06D0     		beq	.L195
1269:Drivers/STM32L4xx_HAL_Driver/Src/stm32l4xx_hal_rcc.c ****     MODIFY_REG(RCC->CFGR, RCC_CFGR_PPRE1, RCC_ClkInitStruct->APB1CLKDivider);
 2138              		.loc 1 1269 5 is_stmt 1 view .LVU702
1270:Drivers/STM32L4xx_HAL_Driver/Src/stm32l4xx_hal_rcc.c ****   }
 2139              		.loc 1 1270 5 view .LVU703
 2140 011a 174A     		ldr	r2, .L212+4
 2141 011c 9368     		ldr	r3, [r2, #8]
 2142 011e 23F4E063 		bic	r3, r3, #1792
 2143 0122 E168     		ldr	r1, [r4, #12]
 2144 0124 0B43     		orrs	r3, r3, r1
 2145 0126 9360     		str	r3, [r2, #8]
 2146              	.L195:
1274:Drivers/STM32L4xx_HAL_Driver/Src/stm32l4xx_hal_rcc.c ****   {
 2147              		.loc 1 1274 3 view .LVU704
1274:Drivers/STM32L4xx_HAL_Driver/Src/stm32l4xx_hal_rcc.c ****   {
 2148              		.loc 1 1274 25 is_stmt 0 view .LVU705
 2149 0128 2368     		ldr	r3, [r4]
1274:Drivers/STM32L4xx_HAL_Driver/Src/stm32l4xx_hal_rcc.c ****   {
 2150              		.loc 1 1274 5 view .LVU706
 2151 012a 13F0080F 		tst	r3, #8
 2152 012e 07D0     		beq	.L196
1276:Drivers/STM32L4xx_HAL_Driver/Src/stm32l4xx_hal_rcc.c ****     MODIFY_REG(RCC->CFGR, RCC_CFGR_PPRE2, ((RCC_ClkInitStruct->APB2CLKDivider) << 3U));
 2153              		.loc 1 1276 5 is_stmt 1 view .LVU707
1277:Drivers/STM32L4xx_HAL_Driver/Src/stm32l4xx_hal_rcc.c ****   }
 2154              		.loc 1 1277 5 view .LVU708
 2155 0130 114A     		ldr	r2, .L212+4
 2156 0132 9368     		ldr	r3, [r2, #8]
 2157 0134 23F46053 		bic	r3, r3, #14336
 2158 0138 2169     		ldr	r1, [r4, #16]
 2159 013a 43EAC103 		orr	r3, r3, r1, lsl #3
 2160 013e 9360     		str	r3, [r2, #8]
 2161              	.L196:
1281:Drivers/STM32L4xx_HAL_Driver/Src/stm32l4xx_hal_rcc.c **** 
 2162              		.loc 1 1281 3 view .LVU709
1281:Drivers/STM32L4xx_HAL_Driver/Src/stm32l4xx_hal_rcc.c **** 
 2163              		.loc 1 1281 21 is_stmt 0 view .LVU710
 2164 0140 FFF7FEFF 		bl	HAL_RCC_GetSysClockFreq
 2165              	.LVL148:
1281:Drivers/STM32L4xx_HAL_Driver/Src/stm32l4xx_hal_rcc.c **** 
 2166              		.loc 1 1281 65 discriminator 1 view .LVU711
 2167 0144 0C4B     		ldr	r3, .L212+4
 2168 0146 9B68     		ldr	r3, [r3, #8]
1281:Drivers/STM32L4xx_HAL_Driver/Src/stm32l4xx_hal_rcc.c **** 
 2169              		.loc 1 1281 100 discriminator 1 view .LVU712
 2170 0148 C3F30313 		ubfx	r3, r3, #4, #4
1281:Drivers/STM32L4xx_HAL_Driver/Src/stm32l4xx_hal_rcc.c **** 
 2171              		.loc 1 1281 64 discriminator 1 view .LVU713
 2172 014c 0B4A     		ldr	r2, .L212+8
 2173 014e D35C     		ldrb	r3, [r2, r3]	@ zero_extendqisi2
1281:Drivers/STM32L4xx_HAL_Driver/Src/stm32l4xx_hal_rcc.c **** 
 2174              		.loc 1 1281 122 discriminator 1 view .LVU714
 2175 0150 03F01F03 		and	r3, r3, #31
ARM GAS  /tmp/ccziZpZZ.s 			page 84


1281:Drivers/STM32L4xx_HAL_Driver/Src/stm32l4xx_hal_rcc.c **** 
 2176              		.loc 1 1281 47 discriminator 1 view .LVU715
 2177 0154 D840     		lsrs	r0, r0, r3
1281:Drivers/STM32L4xx_HAL_Driver/Src/stm32l4xx_hal_rcc.c **** 
 2178              		.loc 1 1281 19 discriminator 1 view .LVU716
 2179 0156 0A4B     		ldr	r3, .L212+12
 2180 0158 1860     		str	r0, [r3]
1284:Drivers/STM32L4xx_HAL_Driver/Src/stm32l4xx_hal_rcc.c **** 
 2181              		.loc 1 1284 3 is_stmt 1 view .LVU717
1284:Drivers/STM32L4xx_HAL_Driver/Src/stm32l4xx_hal_rcc.c **** 
 2182              		.loc 1 1284 12 is_stmt 0 view .LVU718
 2183 015a 0A4B     		ldr	r3, .L212+16
 2184 015c 1868     		ldr	r0, [r3]
 2185 015e FFF7FEFF 		bl	HAL_InitTick
 2186              	.LVL149:
1286:Drivers/STM32L4xx_HAL_Driver/Src/stm32l4xx_hal_rcc.c **** }
 2187              		.loc 1 1286 3 is_stmt 1 view .LVU719
 2188              	.L183:
1287:Drivers/STM32L4xx_HAL_Driver/Src/stm32l4xx_hal_rcc.c **** 
 2189              		.loc 1 1287 1 is_stmt 0 view .LVU720
 2190 0162 70BD     		pop	{r4, r5, r6, pc}
 2191              	.LVL150:
 2192              	.L197:
 2193              	.LCFI15:
 2194              		.cfi_def_cfa_offset 0
 2195              		.cfi_restore 4
 2196              		.cfi_restore 5
 2197              		.cfi_restore 6
 2198              		.cfi_restore 14
1109:Drivers/STM32L4xx_HAL_Driver/Src/stm32l4xx_hal_rcc.c ****   }
 2199              		.loc 1 1109 12 view .LVU721
 2200 0164 0120     		movs	r0, #1
 2201              	.LVL151:
1287:Drivers/STM32L4xx_HAL_Driver/Src/stm32l4xx_hal_rcc.c **** 
 2202              		.loc 1 1287 1 view .LVU722
 2203 0166 7047     		bx	lr
 2204              	.LVL152:
 2205              	.L198:
 2206              	.LCFI16:
 2207              		.cfi_def_cfa_offset 16
 2208              		.cfi_offset 4, -16
 2209              		.cfi_offset 5, -12
 2210              		.cfi_offset 6, -8
 2211              		.cfi_offset 14, -4
1130:Drivers/STM32L4xx_HAL_Driver/Src/stm32l4xx_hal_rcc.c ****     }
 2212              		.loc 1 1130 14 view .LVU723
 2213 0168 0120     		movs	r0, #1
 2214              	.LVL153:
1130:Drivers/STM32L4xx_HAL_Driver/Src/stm32l4xx_hal_rcc.c ****     }
 2215              		.loc 1 1130 14 view .LVU724
 2216 016a FAE7     		b	.L183
 2217              	.LVL154:
 2218              	.L211:
1157:Drivers/STM32L4xx_HAL_Driver/Src/stm32l4xx_hal_rcc.c ****       }
 2219              		.loc 1 1157 16 view .LVU725
 2220 016c 0120     		movs	r0, #1
 2221              	.LVL155:
ARM GAS  /tmp/ccziZpZZ.s 			page 85


1157:Drivers/STM32L4xx_HAL_Driver/Src/stm32l4xx_hal_rcc.c ****       }
 2222              		.loc 1 1157 16 view .LVU726
 2223 016e F8E7     		b	.L183
 2224              	.L204:
1262:Drivers/STM32L4xx_HAL_Driver/Src/stm32l4xx_hal_rcc.c ****     }
 2225              		.loc 1 1262 14 view .LVU727
 2226 0170 0120     		movs	r0, #1
 2227 0172 F6E7     		b	.L183
 2228              	.L213:
 2229              		.align	2
 2230              	.L212:
 2231 0174 00200240 		.word	1073881088
 2232 0178 00100240 		.word	1073876992
 2233 017c 00000000 		.word	AHBPrescTable
 2234 0180 00000000 		.word	SystemCoreClock
 2235 0184 00000000 		.word	uwTickPrio
 2236              		.cfi_endproc
 2237              	.LFE134:
 2239              		.section	.text.HAL_RCC_GetHCLKFreq,"ax",%progbits
 2240              		.align	1
 2241              		.global	HAL_RCC_GetHCLKFreq
 2242              		.syntax unified
 2243              		.thumb
 2244              		.thumb_func
 2246              	HAL_RCC_GetHCLKFreq:
 2247              	.LFB137:
1487:Drivers/STM32L4xx_HAL_Driver/Src/stm32l4xx_hal_rcc.c ****   return SystemCoreClock;
 2248              		.loc 1 1487 1 is_stmt 1 view -0
 2249              		.cfi_startproc
 2250              		@ args = 0, pretend = 0, frame = 0
 2251              		@ frame_needed = 0, uses_anonymous_args = 0
 2252              		@ link register save eliminated.
1488:Drivers/STM32L4xx_HAL_Driver/Src/stm32l4xx_hal_rcc.c **** }
 2253              		.loc 1 1488 3 view .LVU729
1489:Drivers/STM32L4xx_HAL_Driver/Src/stm32l4xx_hal_rcc.c **** 
 2254              		.loc 1 1489 1 is_stmt 0 view .LVU730
 2255 0000 014B     		ldr	r3, .L215
 2256 0002 1868     		ldr	r0, [r3]
 2257 0004 7047     		bx	lr
 2258              	.L216:
 2259 0006 00BF     		.align	2
 2260              	.L215:
 2261 0008 00000000 		.word	SystemCoreClock
 2262              		.cfi_endproc
 2263              	.LFE137:
 2265              		.section	.text.HAL_RCC_GetPCLK1Freq,"ax",%progbits
 2266              		.align	1
 2267              		.global	HAL_RCC_GetPCLK1Freq
 2268              		.syntax unified
 2269              		.thumb
 2270              		.thumb_func
 2272              	HAL_RCC_GetPCLK1Freq:
 2273              	.LFB138:
1498:Drivers/STM32L4xx_HAL_Driver/Src/stm32l4xx_hal_rcc.c ****   /* Get HCLK source and Compute PCLK1 frequency ---------------------------*/
 2274              		.loc 1 1498 1 is_stmt 1 view -0
 2275              		.cfi_startproc
 2276              		@ args = 0, pretend = 0, frame = 0
ARM GAS  /tmp/ccziZpZZ.s 			page 86


 2277              		@ frame_needed = 0, uses_anonymous_args = 0
 2278 0000 08B5     		push	{r3, lr}
 2279              	.LCFI17:
 2280              		.cfi_def_cfa_offset 8
 2281              		.cfi_offset 3, -8
 2282              		.cfi_offset 14, -4
1500:Drivers/STM32L4xx_HAL_Driver/Src/stm32l4xx_hal_rcc.c **** }
 2283              		.loc 1 1500 3 view .LVU732
1500:Drivers/STM32L4xx_HAL_Driver/Src/stm32l4xx_hal_rcc.c **** }
 2284              		.loc 1 1500 11 is_stmt 0 view .LVU733
 2285 0002 FFF7FEFF 		bl	HAL_RCC_GetHCLKFreq
 2286              	.LVL156:
1500:Drivers/STM32L4xx_HAL_Driver/Src/stm32l4xx_hal_rcc.c **** }
 2287              		.loc 1 1500 51 discriminator 1 view .LVU734
 2288 0006 054B     		ldr	r3, .L219
 2289 0008 9B68     		ldr	r3, [r3, #8]
1500:Drivers/STM32L4xx_HAL_Driver/Src/stm32l4xx_hal_rcc.c **** }
 2290              		.loc 1 1500 87 discriminator 1 view .LVU735
 2291 000a C3F30223 		ubfx	r3, r3, #8, #3
1500:Drivers/STM32L4xx_HAL_Driver/Src/stm32l4xx_hal_rcc.c **** }
 2292              		.loc 1 1500 50 discriminator 1 view .LVU736
 2293 000e 044A     		ldr	r2, .L219+4
 2294 0010 D35C     		ldrb	r3, [r2, r3]	@ zero_extendqisi2
1500:Drivers/STM32L4xx_HAL_Driver/Src/stm32l4xx_hal_rcc.c **** }
 2295              		.loc 1 1500 110 discriminator 1 view .LVU737
 2296 0012 03F01F03 		and	r3, r3, #31
1501:Drivers/STM32L4xx_HAL_Driver/Src/stm32l4xx_hal_rcc.c **** 
 2297              		.loc 1 1501 1 view .LVU738
 2298 0016 D840     		lsrs	r0, r0, r3
 2299 0018 08BD     		pop	{r3, pc}
 2300              	.L220:
 2301 001a 00BF     		.align	2
 2302              	.L219:
 2303 001c 00100240 		.word	1073876992
 2304 0020 00000000 		.word	APBPrescTable
 2305              		.cfi_endproc
 2306              	.LFE138:
 2308              		.section	.text.HAL_RCC_GetPCLK2Freq,"ax",%progbits
 2309              		.align	1
 2310              		.global	HAL_RCC_GetPCLK2Freq
 2311              		.syntax unified
 2312              		.thumb
 2313              		.thumb_func
 2315              	HAL_RCC_GetPCLK2Freq:
 2316              	.LFB139:
1510:Drivers/STM32L4xx_HAL_Driver/Src/stm32l4xx_hal_rcc.c ****   /* Get HCLK source and Compute PCLK2 frequency ---------------------------*/
 2317              		.loc 1 1510 1 is_stmt 1 view -0
 2318              		.cfi_startproc
 2319              		@ args = 0, pretend = 0, frame = 0
 2320              		@ frame_needed = 0, uses_anonymous_args = 0
 2321 0000 08B5     		push	{r3, lr}
 2322              	.LCFI18:
 2323              		.cfi_def_cfa_offset 8
 2324              		.cfi_offset 3, -8
 2325              		.cfi_offset 14, -4
1512:Drivers/STM32L4xx_HAL_Driver/Src/stm32l4xx_hal_rcc.c **** }
 2326              		.loc 1 1512 3 view .LVU740
ARM GAS  /tmp/ccziZpZZ.s 			page 87


1512:Drivers/STM32L4xx_HAL_Driver/Src/stm32l4xx_hal_rcc.c **** }
 2327              		.loc 1 1512 11 is_stmt 0 view .LVU741
 2328 0002 FFF7FEFF 		bl	HAL_RCC_GetHCLKFreq
 2329              	.LVL157:
1512:Drivers/STM32L4xx_HAL_Driver/Src/stm32l4xx_hal_rcc.c **** }
 2330              		.loc 1 1512 50 discriminator 1 view .LVU742
 2331 0006 054B     		ldr	r3, .L223
 2332 0008 9B68     		ldr	r3, [r3, #8]
1512:Drivers/STM32L4xx_HAL_Driver/Src/stm32l4xx_hal_rcc.c **** }
 2333              		.loc 1 1512 86 discriminator 1 view .LVU743
 2334 000a C3F3C223 		ubfx	r3, r3, #11, #3
1512:Drivers/STM32L4xx_HAL_Driver/Src/stm32l4xx_hal_rcc.c **** }
 2335              		.loc 1 1512 49 discriminator 1 view .LVU744
 2336 000e 044A     		ldr	r2, .L223+4
 2337 0010 D35C     		ldrb	r3, [r2, r3]	@ zero_extendqisi2
1512:Drivers/STM32L4xx_HAL_Driver/Src/stm32l4xx_hal_rcc.c **** }
 2338              		.loc 1 1512 109 discriminator 1 view .LVU745
 2339 0012 03F01F03 		and	r3, r3, #31
1513:Drivers/STM32L4xx_HAL_Driver/Src/stm32l4xx_hal_rcc.c **** 
 2340              		.loc 1 1513 1 view .LVU746
 2341 0016 D840     		lsrs	r0, r0, r3
 2342 0018 08BD     		pop	{r3, pc}
 2343              	.L224:
 2344 001a 00BF     		.align	2
 2345              	.L223:
 2346 001c 00100240 		.word	1073876992
 2347 0020 00000000 		.word	APBPrescTable
 2348              		.cfi_endproc
 2349              	.LFE139:
 2351              		.section	.text.HAL_RCC_GetOscConfig,"ax",%progbits
 2352              		.align	1
 2353              		.global	HAL_RCC_GetOscConfig
 2354              		.syntax unified
 2355              		.thumb
 2356              		.thumb_func
 2358              	HAL_RCC_GetOscConfig:
 2359              	.LVL158:
 2360              	.LFB140:
1523:Drivers/STM32L4xx_HAL_Driver/Src/stm32l4xx_hal_rcc.c ****   /* Check the parameters */
 2361              		.loc 1 1523 1 is_stmt 1 view -0
 2362              		.cfi_startproc
 2363              		@ args = 0, pretend = 0, frame = 0
 2364              		@ frame_needed = 0, uses_anonymous_args = 0
 2365              		@ link register save eliminated.
1525:Drivers/STM32L4xx_HAL_Driver/Src/stm32l4xx_hal_rcc.c **** 
 2366              		.loc 1 1525 3 view .LVU748
1532:Drivers/STM32L4xx_HAL_Driver/Src/stm32l4xx_hal_rcc.c ****                                       RCC_OSCILLATORTYPE_LSE | RCC_OSCILLATORTYPE_LSI;
 2367              		.loc 1 1532 3 view .LVU749
1532:Drivers/STM32L4xx_HAL_Driver/Src/stm32l4xx_hal_rcc.c ****                                       RCC_OSCILLATORTYPE_LSE | RCC_OSCILLATORTYPE_LSI;
 2368              		.loc 1 1532 37 is_stmt 0 view .LVU750
 2369 0000 1F23     		movs	r3, #31
 2370 0002 0360     		str	r3, [r0]
1537:Drivers/STM32L4xx_HAL_Driver/Src/stm32l4xx_hal_rcc.c ****   {
 2371              		.loc 1 1537 3 is_stmt 1 view .LVU751
1537:Drivers/STM32L4xx_HAL_Driver/Src/stm32l4xx_hal_rcc.c ****   {
 2372              		.loc 1 1537 6 is_stmt 0 view .LVU752
 2373 0004 434B     		ldr	r3, .L242
ARM GAS  /tmp/ccziZpZZ.s 			page 88


 2374 0006 1B68     		ldr	r3, [r3]
1537:Drivers/STM32L4xx_HAL_Driver/Src/stm32l4xx_hal_rcc.c ****   {
 2375              		.loc 1 1537 5 view .LVU753
 2376 0008 13F4802F 		tst	r3, #262144
 2377 000c 5AD0     		beq	.L226
1539:Drivers/STM32L4xx_HAL_Driver/Src/stm32l4xx_hal_rcc.c ****   }
 2378              		.loc 1 1539 5 is_stmt 1 view .LVU754
1539:Drivers/STM32L4xx_HAL_Driver/Src/stm32l4xx_hal_rcc.c ****   }
 2379              		.loc 1 1539 33 is_stmt 0 view .LVU755
 2380 000e 4FF4A023 		mov	r3, #327680
 2381 0012 4360     		str	r3, [r0, #4]
 2382              	.L227:
1551:Drivers/STM32L4xx_HAL_Driver/Src/stm32l4xx_hal_rcc.c ****   {
 2383              		.loc 1 1551 3 is_stmt 1 view .LVU756
1551:Drivers/STM32L4xx_HAL_Driver/Src/stm32l4xx_hal_rcc.c ****   {
 2384              		.loc 1 1551 6 is_stmt 0 view .LVU757
 2385 0014 3F4B     		ldr	r3, .L242
 2386 0016 1B68     		ldr	r3, [r3]
1551:Drivers/STM32L4xx_HAL_Driver/Src/stm32l4xx_hal_rcc.c ****   {
 2387              		.loc 1 1551 5 view .LVU758
 2388 0018 13F0010F 		tst	r3, #1
 2389 001c 5ED0     		beq	.L229
1553:Drivers/STM32L4xx_HAL_Driver/Src/stm32l4xx_hal_rcc.c ****   }
 2390              		.loc 1 1553 5 is_stmt 1 view .LVU759
1553:Drivers/STM32L4xx_HAL_Driver/Src/stm32l4xx_hal_rcc.c ****   }
 2391              		.loc 1 1553 33 is_stmt 0 view .LVU760
 2392 001e 0123     		movs	r3, #1
 2393 0020 8361     		str	r3, [r0, #24]
 2394              	.L230:
1560:Drivers/STM32L4xx_HAL_Driver/Src/stm32l4xx_hal_rcc.c ****   RCC_OscInitStruct->MSIClockRange = READ_BIT(RCC->CR, RCC_CR_MSIRANGE);
 2395              		.loc 1 1560 3 is_stmt 1 view .LVU761
1560:Drivers/STM32L4xx_HAL_Driver/Src/stm32l4xx_hal_rcc.c ****   RCC_OscInitStruct->MSIClockRange = READ_BIT(RCC->CR, RCC_CR_MSIRANGE);
 2396              		.loc 1 1560 44 is_stmt 0 view .LVU762
 2397 0022 3C4B     		ldr	r3, .L242
 2398 0024 5A68     		ldr	r2, [r3, #4]
1560:Drivers/STM32L4xx_HAL_Driver/Src/stm32l4xx_hal_rcc.c ****   RCC_OscInitStruct->MSIClockRange = READ_BIT(RCC->CR, RCC_CR_MSIRANGE);
 2399              		.loc 1 1560 84 view .LVU763
 2400 0026 C2F30722 		ubfx	r2, r2, #8, #8
1560:Drivers/STM32L4xx_HAL_Driver/Src/stm32l4xx_hal_rcc.c ****   RCC_OscInitStruct->MSIClockRange = READ_BIT(RCC->CR, RCC_CR_MSIRANGE);
 2401              		.loc 1 1560 42 view .LVU764
 2402 002a C261     		str	r2, [r0, #28]
1561:Drivers/STM32L4xx_HAL_Driver/Src/stm32l4xx_hal_rcc.c **** 
 2403              		.loc 1 1561 3 is_stmt 1 view .LVU765
1561:Drivers/STM32L4xx_HAL_Driver/Src/stm32l4xx_hal_rcc.c **** 
 2404              		.loc 1 1561 38 is_stmt 0 view .LVU766
 2405 002c 1A68     		ldr	r2, [r3]
 2406 002e 02F0F002 		and	r2, r2, #240
1561:Drivers/STM32L4xx_HAL_Driver/Src/stm32l4xx_hal_rcc.c **** 
 2407              		.loc 1 1561 36 view .LVU767
 2408 0032 0262     		str	r2, [r0, #32]
1564:Drivers/STM32L4xx_HAL_Driver/Src/stm32l4xx_hal_rcc.c ****   {
 2409              		.loc 1 1564 3 is_stmt 1 view .LVU768
1564:Drivers/STM32L4xx_HAL_Driver/Src/stm32l4xx_hal_rcc.c ****   {
 2410              		.loc 1 1564 6 is_stmt 0 view .LVU769
 2411 0034 1B68     		ldr	r3, [r3]
1564:Drivers/STM32L4xx_HAL_Driver/Src/stm32l4xx_hal_rcc.c ****   {
 2412              		.loc 1 1564 5 view .LVU770
ARM GAS  /tmp/ccziZpZZ.s 			page 89


 2413 0036 13F4807F 		tst	r3, #256
 2414 003a 52D0     		beq	.L231
1566:Drivers/STM32L4xx_HAL_Driver/Src/stm32l4xx_hal_rcc.c ****   }
 2415              		.loc 1 1566 5 is_stmt 1 view .LVU771
1566:Drivers/STM32L4xx_HAL_Driver/Src/stm32l4xx_hal_rcc.c ****   }
 2416              		.loc 1 1566 33 is_stmt 0 view .LVU772
 2417 003c 4FF48073 		mov	r3, #256
 2418 0040 C360     		str	r3, [r0, #12]
 2419              	.L232:
1573:Drivers/STM32L4xx_HAL_Driver/Src/stm32l4xx_hal_rcc.c **** 
 2420              		.loc 1 1573 3 is_stmt 1 view .LVU773
1573:Drivers/STM32L4xx_HAL_Driver/Src/stm32l4xx_hal_rcc.c **** 
 2421              		.loc 1 1573 44 is_stmt 0 view .LVU774
 2422 0042 344A     		ldr	r2, .L242
 2423 0044 5368     		ldr	r3, [r2, #4]
1573:Drivers/STM32L4xx_HAL_Driver/Src/stm32l4xx_hal_rcc.c **** 
 2424              		.loc 1 1573 84 view .LVU775
 2425 0046 C3F30463 		ubfx	r3, r3, #24, #5
1573:Drivers/STM32L4xx_HAL_Driver/Src/stm32l4xx_hal_rcc.c **** 
 2426              		.loc 1 1573 42 view .LVU776
 2427 004a 0361     		str	r3, [r0, #16]
1576:Drivers/STM32L4xx_HAL_Driver/Src/stm32l4xx_hal_rcc.c ****   {
 2428              		.loc 1 1576 3 is_stmt 1 view .LVU777
1576:Drivers/STM32L4xx_HAL_Driver/Src/stm32l4xx_hal_rcc.c ****   {
 2429              		.loc 1 1576 6 is_stmt 0 view .LVU778
 2430 004c D2F89030 		ldr	r3, [r2, #144]
1576:Drivers/STM32L4xx_HAL_Driver/Src/stm32l4xx_hal_rcc.c ****   {
 2431              		.loc 1 1576 5 view .LVU779
 2432 0050 13F0040F 		tst	r3, #4
 2433 0054 48D0     		beq	.L233
1586:Drivers/STM32L4xx_HAL_Driver/Src/stm32l4xx_hal_rcc.c ****     }
 2434              		.loc 1 1586 7 is_stmt 1 view .LVU780
1586:Drivers/STM32L4xx_HAL_Driver/Src/stm32l4xx_hal_rcc.c ****     }
 2435              		.loc 1 1586 35 is_stmt 0 view .LVU781
 2436 0056 0523     		movs	r3, #5
 2437 0058 8360     		str	r3, [r0, #8]
 2438              	.L234:
1608:Drivers/STM32L4xx_HAL_Driver/Src/stm32l4xx_hal_rcc.c ****   {
 2439              		.loc 1 1608 3 is_stmt 1 view .LVU782
1608:Drivers/STM32L4xx_HAL_Driver/Src/stm32l4xx_hal_rcc.c ****   {
 2440              		.loc 1 1608 6 is_stmt 0 view .LVU783
 2441 005a 2E4B     		ldr	r3, .L242
 2442 005c D3F89430 		ldr	r3, [r3, #148]
1608:Drivers/STM32L4xx_HAL_Driver/Src/stm32l4xx_hal_rcc.c ****   {
 2443              		.loc 1 1608 5 view .LVU784
 2444 0060 13F0010F 		tst	r3, #1
 2445 0064 4CD0     		beq	.L236
1610:Drivers/STM32L4xx_HAL_Driver/Src/stm32l4xx_hal_rcc.c ****   }
 2446              		.loc 1 1610 5 is_stmt 1 view .LVU785
1610:Drivers/STM32L4xx_HAL_Driver/Src/stm32l4xx_hal_rcc.c ****   }
 2447              		.loc 1 1610 33 is_stmt 0 view .LVU786
 2448 0066 0123     		movs	r3, #1
 2449 0068 4361     		str	r3, [r0, #20]
 2450              	.L237:
1640:Drivers/STM32L4xx_HAL_Driver/Src/stm32l4xx_hal_rcc.c **** #endif /* RCC_HSI48_SUPPORT */
 2451              		.loc 1 1640 3 is_stmt 1 view .LVU787
1640:Drivers/STM32L4xx_HAL_Driver/Src/stm32l4xx_hal_rcc.c **** #endif /* RCC_HSI48_SUPPORT */
ARM GAS  /tmp/ccziZpZZ.s 			page 90


 2452              		.loc 1 1640 33 is_stmt 0 view .LVU788
 2453 006a 0023     		movs	r3, #0
 2454 006c 4362     		str	r3, [r0, #36]
1644:Drivers/STM32L4xx_HAL_Driver/Src/stm32l4xx_hal_rcc.c ****   {
 2455              		.loc 1 1644 3 is_stmt 1 view .LVU789
1644:Drivers/STM32L4xx_HAL_Driver/Src/stm32l4xx_hal_rcc.c ****   {
 2456              		.loc 1 1644 6 is_stmt 0 view .LVU790
 2457 006e 03F18043 		add	r3, r3, #1073741824
 2458 0072 03F50433 		add	r3, r3, #135168
 2459 0076 1B68     		ldr	r3, [r3]
1644:Drivers/STM32L4xx_HAL_Driver/Src/stm32l4xx_hal_rcc.c ****   {
 2460              		.loc 1 1644 5 view .LVU791
 2461 0078 13F0807F 		tst	r3, #16777216
 2462 007c 43D0     		beq	.L238
1646:Drivers/STM32L4xx_HAL_Driver/Src/stm32l4xx_hal_rcc.c ****   }
 2463              		.loc 1 1646 5 is_stmt 1 view .LVU792
1646:Drivers/STM32L4xx_HAL_Driver/Src/stm32l4xx_hal_rcc.c ****   }
 2464              		.loc 1 1646 37 is_stmt 0 view .LVU793
 2465 007e 0223     		movs	r3, #2
 2466 0080 8362     		str	r3, [r0, #40]
 2467              	.L239:
1652:Drivers/STM32L4xx_HAL_Driver/Src/stm32l4xx_hal_rcc.c ****   RCC_OscInitStruct->PLL.PLLM = (READ_BIT(RCC->PLLCFGR, RCC_PLLCFGR_PLLM) >> RCC_PLLCFGR_PLLM_Pos) 
 2468              		.loc 1 1652 3 is_stmt 1 view .LVU794
1652:Drivers/STM32L4xx_HAL_Driver/Src/stm32l4xx_hal_rcc.c ****   RCC_OscInitStruct->PLL.PLLM = (READ_BIT(RCC->PLLCFGR, RCC_PLLCFGR_PLLM) >> RCC_PLLCFGR_PLLM_Pos) 
 2469              		.loc 1 1652 38 is_stmt 0 view .LVU795
 2470 0082 244A     		ldr	r2, .L242
 2471 0084 D368     		ldr	r3, [r2, #12]
 2472 0086 03F00303 		and	r3, r3, #3
1652:Drivers/STM32L4xx_HAL_Driver/Src/stm32l4xx_hal_rcc.c ****   RCC_OscInitStruct->PLL.PLLM = (READ_BIT(RCC->PLLCFGR, RCC_PLLCFGR_PLLM) >> RCC_PLLCFGR_PLLM_Pos) 
 2473              		.loc 1 1652 36 view .LVU796
 2474 008a C362     		str	r3, [r0, #44]
1653:Drivers/STM32L4xx_HAL_Driver/Src/stm32l4xx_hal_rcc.c ****   RCC_OscInitStruct->PLL.PLLN = READ_BIT(RCC->PLLCFGR, RCC_PLLCFGR_PLLN) >> RCC_PLLCFGR_PLLN_Pos;
 2475              		.loc 1 1653 3 is_stmt 1 view .LVU797
1653:Drivers/STM32L4xx_HAL_Driver/Src/stm32l4xx_hal_rcc.c ****   RCC_OscInitStruct->PLL.PLLN = READ_BIT(RCC->PLLCFGR, RCC_PLLCFGR_PLLN) >> RCC_PLLCFGR_PLLN_Pos;
 2476              		.loc 1 1653 34 is_stmt 0 view .LVU798
 2477 008c D368     		ldr	r3, [r2, #12]
1653:Drivers/STM32L4xx_HAL_Driver/Src/stm32l4xx_hal_rcc.c ****   RCC_OscInitStruct->PLL.PLLN = READ_BIT(RCC->PLLCFGR, RCC_PLLCFGR_PLLN) >> RCC_PLLCFGR_PLLN_Pos;
 2478              		.loc 1 1653 75 view .LVU799
 2479 008e C3F30213 		ubfx	r3, r3, #4, #3
1653:Drivers/STM32L4xx_HAL_Driver/Src/stm32l4xx_hal_rcc.c ****   RCC_OscInitStruct->PLL.PLLN = READ_BIT(RCC->PLLCFGR, RCC_PLLCFGR_PLLN) >> RCC_PLLCFGR_PLLN_Pos;
 2480              		.loc 1 1653 100 view .LVU800
 2481 0092 0133     		adds	r3, r3, #1
1653:Drivers/STM32L4xx_HAL_Driver/Src/stm32l4xx_hal_rcc.c ****   RCC_OscInitStruct->PLL.PLLN = READ_BIT(RCC->PLLCFGR, RCC_PLLCFGR_PLLN) >> RCC_PLLCFGR_PLLN_Pos;
 2482              		.loc 1 1653 31 view .LVU801
 2483 0094 0363     		str	r3, [r0, #48]
1654:Drivers/STM32L4xx_HAL_Driver/Src/stm32l4xx_hal_rcc.c ****   RCC_OscInitStruct->PLL.PLLQ = (((READ_BIT(RCC->PLLCFGR, RCC_PLLCFGR_PLLQ) >> RCC_PLLCFGR_PLLQ_Pos
 2484              		.loc 1 1654 3 is_stmt 1 view .LVU802
1654:Drivers/STM32L4xx_HAL_Driver/Src/stm32l4xx_hal_rcc.c ****   RCC_OscInitStruct->PLL.PLLQ = (((READ_BIT(RCC->PLLCFGR, RCC_PLLCFGR_PLLQ) >> RCC_PLLCFGR_PLLQ_Pos
 2485              		.loc 1 1654 33 is_stmt 0 view .LVU803
 2486 0096 D368     		ldr	r3, [r2, #12]
1654:Drivers/STM32L4xx_HAL_Driver/Src/stm32l4xx_hal_rcc.c ****   RCC_OscInitStruct->PLL.PLLQ = (((READ_BIT(RCC->PLLCFGR, RCC_PLLCFGR_PLLQ) >> RCC_PLLCFGR_PLLQ_Pos
 2487              		.loc 1 1654 74 view .LVU804
 2488 0098 C3F30623 		ubfx	r3, r3, #8, #7
1654:Drivers/STM32L4xx_HAL_Driver/Src/stm32l4xx_hal_rcc.c ****   RCC_OscInitStruct->PLL.PLLQ = (((READ_BIT(RCC->PLLCFGR, RCC_PLLCFGR_PLLQ) >> RCC_PLLCFGR_PLLQ_Pos
 2489              		.loc 1 1654 31 view .LVU805
 2490 009c 4363     		str	r3, [r0, #52]
1655:Drivers/STM32L4xx_HAL_Driver/Src/stm32l4xx_hal_rcc.c ****   RCC_OscInitStruct->PLL.PLLR = (((READ_BIT(RCC->PLLCFGR, RCC_PLLCFGR_PLLR) >> RCC_PLLCFGR_PLLR_Pos
ARM GAS  /tmp/ccziZpZZ.s 			page 91


 2491              		.loc 1 1655 3 is_stmt 1 view .LVU806
1655:Drivers/STM32L4xx_HAL_Driver/Src/stm32l4xx_hal_rcc.c ****   RCC_OscInitStruct->PLL.PLLR = (((READ_BIT(RCC->PLLCFGR, RCC_PLLCFGR_PLLR) >> RCC_PLLCFGR_PLLR_Pos
 2492              		.loc 1 1655 36 is_stmt 0 view .LVU807
 2493 009e D368     		ldr	r3, [r2, #12]
1655:Drivers/STM32L4xx_HAL_Driver/Src/stm32l4xx_hal_rcc.c ****   RCC_OscInitStruct->PLL.PLLR = (((READ_BIT(RCC->PLLCFGR, RCC_PLLCFGR_PLLR) >> RCC_PLLCFGR_PLLR_Pos
 2494              		.loc 1 1655 77 view .LVU808
 2495 00a0 C3F34153 		ubfx	r3, r3, #21, #2
1655:Drivers/STM32L4xx_HAL_Driver/Src/stm32l4xx_hal_rcc.c ****   RCC_OscInitStruct->PLL.PLLR = (((READ_BIT(RCC->PLLCFGR, RCC_PLLCFGR_PLLR) >> RCC_PLLCFGR_PLLR_Pos
 2496              		.loc 1 1655 102 view .LVU809
 2497 00a4 0133     		adds	r3, r3, #1
1655:Drivers/STM32L4xx_HAL_Driver/Src/stm32l4xx_hal_rcc.c ****   RCC_OscInitStruct->PLL.PLLR = (((READ_BIT(RCC->PLLCFGR, RCC_PLLCFGR_PLLR) >> RCC_PLLCFGR_PLLR_Pos
 2498              		.loc 1 1655 108 view .LVU810
 2499 00a6 5B00     		lsls	r3, r3, #1
1655:Drivers/STM32L4xx_HAL_Driver/Src/stm32l4xx_hal_rcc.c ****   RCC_OscInitStruct->PLL.PLLR = (((READ_BIT(RCC->PLLCFGR, RCC_PLLCFGR_PLLR) >> RCC_PLLCFGR_PLLR_Pos
 2500              		.loc 1 1655 31 view .LVU811
 2501 00a8 C363     		str	r3, [r0, #60]
1656:Drivers/STM32L4xx_HAL_Driver/Src/stm32l4xx_hal_rcc.c **** #if defined(RCC_PLLP_SUPPORT)
 2502              		.loc 1 1656 3 is_stmt 1 view .LVU812
1656:Drivers/STM32L4xx_HAL_Driver/Src/stm32l4xx_hal_rcc.c **** #if defined(RCC_PLLP_SUPPORT)
 2503              		.loc 1 1656 36 is_stmt 0 view .LVU813
 2504 00aa D368     		ldr	r3, [r2, #12]
1656:Drivers/STM32L4xx_HAL_Driver/Src/stm32l4xx_hal_rcc.c **** #if defined(RCC_PLLP_SUPPORT)
 2505              		.loc 1 1656 77 view .LVU814
 2506 00ac C3F34163 		ubfx	r3, r3, #25, #2
1656:Drivers/STM32L4xx_HAL_Driver/Src/stm32l4xx_hal_rcc.c **** #if defined(RCC_PLLP_SUPPORT)
 2507              		.loc 1 1656 102 view .LVU815
 2508 00b0 0133     		adds	r3, r3, #1
1656:Drivers/STM32L4xx_HAL_Driver/Src/stm32l4xx_hal_rcc.c **** #if defined(RCC_PLLP_SUPPORT)
 2509              		.loc 1 1656 108 view .LVU816
 2510 00b2 5B00     		lsls	r3, r3, #1
1656:Drivers/STM32L4xx_HAL_Driver/Src/stm32l4xx_hal_rcc.c **** #if defined(RCC_PLLP_SUPPORT)
 2511              		.loc 1 1656 31 view .LVU817
 2512 00b4 0364     		str	r3, [r0, #64]
1661:Drivers/STM32L4xx_HAL_Driver/Src/stm32l4xx_hal_rcc.c ****   {
 2513              		.loc 1 1661 3 is_stmt 1 view .LVU818
1661:Drivers/STM32L4xx_HAL_Driver/Src/stm32l4xx_hal_rcc.c ****   {
 2514              		.loc 1 1661 6 is_stmt 0 view .LVU819
 2515 00b6 D368     		ldr	r3, [r2, #12]
1661:Drivers/STM32L4xx_HAL_Driver/Src/stm32l4xx_hal_rcc.c ****   {
 2516              		.loc 1 1661 5 view .LVU820
 2517 00b8 13F4003F 		tst	r3, #131072
 2518 00bc 26D0     		beq	.L240
1663:Drivers/STM32L4xx_HAL_Driver/Src/stm32l4xx_hal_rcc.c ****   }
 2519              		.loc 1 1663 5 is_stmt 1 view .LVU821
1663:Drivers/STM32L4xx_HAL_Driver/Src/stm32l4xx_hal_rcc.c ****   }
 2520              		.loc 1 1663 33 is_stmt 0 view .LVU822
 2521 00be 1123     		movs	r3, #17
 2522 00c0 8363     		str	r3, [r0, #56]
 2523 00c2 7047     		bx	lr
 2524              	.L226:
1541:Drivers/STM32L4xx_HAL_Driver/Src/stm32l4xx_hal_rcc.c ****   {
 2525              		.loc 1 1541 8 is_stmt 1 view .LVU823
1541:Drivers/STM32L4xx_HAL_Driver/Src/stm32l4xx_hal_rcc.c ****   {
 2526              		.loc 1 1541 11 is_stmt 0 view .LVU824
 2527 00c4 134B     		ldr	r3, .L242
 2528 00c6 1B68     		ldr	r3, [r3]
1541:Drivers/STM32L4xx_HAL_Driver/Src/stm32l4xx_hal_rcc.c ****   {
ARM GAS  /tmp/ccziZpZZ.s 			page 92


 2529              		.loc 1 1541 10 view .LVU825
 2530 00c8 13F4803F 		tst	r3, #65536
 2531 00cc 03D0     		beq	.L228
1543:Drivers/STM32L4xx_HAL_Driver/Src/stm32l4xx_hal_rcc.c ****   }
 2532              		.loc 1 1543 5 is_stmt 1 view .LVU826
1543:Drivers/STM32L4xx_HAL_Driver/Src/stm32l4xx_hal_rcc.c ****   }
 2533              		.loc 1 1543 33 is_stmt 0 view .LVU827
 2534 00ce 4FF48033 		mov	r3, #65536
 2535 00d2 4360     		str	r3, [r0, #4]
 2536 00d4 9EE7     		b	.L227
 2537              	.L228:
1547:Drivers/STM32L4xx_HAL_Driver/Src/stm32l4xx_hal_rcc.c ****   }
 2538              		.loc 1 1547 5 is_stmt 1 view .LVU828
1547:Drivers/STM32L4xx_HAL_Driver/Src/stm32l4xx_hal_rcc.c ****   }
 2539              		.loc 1 1547 33 is_stmt 0 view .LVU829
 2540 00d6 0023     		movs	r3, #0
 2541 00d8 4360     		str	r3, [r0, #4]
 2542 00da 9BE7     		b	.L227
 2543              	.L229:
1557:Drivers/STM32L4xx_HAL_Driver/Src/stm32l4xx_hal_rcc.c ****   }
 2544              		.loc 1 1557 5 is_stmt 1 view .LVU830
1557:Drivers/STM32L4xx_HAL_Driver/Src/stm32l4xx_hal_rcc.c ****   }
 2545              		.loc 1 1557 33 is_stmt 0 view .LVU831
 2546 00dc 0023     		movs	r3, #0
 2547 00de 8361     		str	r3, [r0, #24]
 2548 00e0 9FE7     		b	.L230
 2549              	.L231:
1570:Drivers/STM32L4xx_HAL_Driver/Src/stm32l4xx_hal_rcc.c ****   }
 2550              		.loc 1 1570 5 is_stmt 1 view .LVU832
1570:Drivers/STM32L4xx_HAL_Driver/Src/stm32l4xx_hal_rcc.c ****   }
 2551              		.loc 1 1570 33 is_stmt 0 view .LVU833
 2552 00e2 0023     		movs	r3, #0
 2553 00e4 C360     		str	r3, [r0, #12]
 2554 00e6 ACE7     		b	.L232
 2555              	.L233:
1589:Drivers/STM32L4xx_HAL_Driver/Src/stm32l4xx_hal_rcc.c ****   {
 2556              		.loc 1 1589 8 is_stmt 1 view .LVU834
1589:Drivers/STM32L4xx_HAL_Driver/Src/stm32l4xx_hal_rcc.c ****   {
 2557              		.loc 1 1589 11 is_stmt 0 view .LVU835
 2558 00e8 0A4B     		ldr	r3, .L242
 2559 00ea D3F89030 		ldr	r3, [r3, #144]
1589:Drivers/STM32L4xx_HAL_Driver/Src/stm32l4xx_hal_rcc.c ****   {
 2560              		.loc 1 1589 10 view .LVU836
 2561 00ee 13F0010F 		tst	r3, #1
 2562 00f2 02D0     		beq	.L235
1599:Drivers/STM32L4xx_HAL_Driver/Src/stm32l4xx_hal_rcc.c ****     }
 2563              		.loc 1 1599 7 is_stmt 1 view .LVU837
1599:Drivers/STM32L4xx_HAL_Driver/Src/stm32l4xx_hal_rcc.c ****     }
 2564              		.loc 1 1599 35 is_stmt 0 view .LVU838
 2565 00f4 0123     		movs	r3, #1
 2566 00f6 8360     		str	r3, [r0, #8]
 2567 00f8 AFE7     		b	.L234
 2568              	.L235:
1604:Drivers/STM32L4xx_HAL_Driver/Src/stm32l4xx_hal_rcc.c ****   }
 2569              		.loc 1 1604 5 is_stmt 1 view .LVU839
1604:Drivers/STM32L4xx_HAL_Driver/Src/stm32l4xx_hal_rcc.c ****   }
 2570              		.loc 1 1604 33 is_stmt 0 view .LVU840
ARM GAS  /tmp/ccziZpZZ.s 			page 93


 2571 00fa 0023     		movs	r3, #0
 2572 00fc 8360     		str	r3, [r0, #8]
 2573 00fe ACE7     		b	.L234
 2574              	.L236:
1614:Drivers/STM32L4xx_HAL_Driver/Src/stm32l4xx_hal_rcc.c ****   }
 2575              		.loc 1 1614 5 is_stmt 1 view .LVU841
1614:Drivers/STM32L4xx_HAL_Driver/Src/stm32l4xx_hal_rcc.c ****   }
 2576              		.loc 1 1614 33 is_stmt 0 view .LVU842
 2577 0100 0023     		movs	r3, #0
 2578 0102 4361     		str	r3, [r0, #20]
 2579 0104 B1E7     		b	.L237
 2580              	.L238:
1650:Drivers/STM32L4xx_HAL_Driver/Src/stm32l4xx_hal_rcc.c ****   }
 2581              		.loc 1 1650 5 is_stmt 1 view .LVU843
1650:Drivers/STM32L4xx_HAL_Driver/Src/stm32l4xx_hal_rcc.c ****   }
 2582              		.loc 1 1650 37 is_stmt 0 view .LVU844
 2583 0106 0123     		movs	r3, #1
 2584 0108 8362     		str	r3, [r0, #40]
 2585 010a BAE7     		b	.L239
 2586              	.L240:
1667:Drivers/STM32L4xx_HAL_Driver/Src/stm32l4xx_hal_rcc.c ****   }
 2587              		.loc 1 1667 5 is_stmt 1 view .LVU845
1667:Drivers/STM32L4xx_HAL_Driver/Src/stm32l4xx_hal_rcc.c ****   }
 2588              		.loc 1 1667 33 is_stmt 0 view .LVU846
 2589 010c 0723     		movs	r3, #7
 2590 010e 8363     		str	r3, [r0, #56]
1671:Drivers/STM32L4xx_HAL_Driver/Src/stm32l4xx_hal_rcc.c **** 
 2591              		.loc 1 1671 1 view .LVU847
 2592 0110 7047     		bx	lr
 2593              	.L243:
 2594 0112 00BF     		.align	2
 2595              	.L242:
 2596 0114 00100240 		.word	1073876992
 2597              		.cfi_endproc
 2598              	.LFE140:
 2600              		.section	.text.HAL_RCC_GetClockConfig,"ax",%progbits
 2601              		.align	1
 2602              		.global	HAL_RCC_GetClockConfig
 2603              		.syntax unified
 2604              		.thumb
 2605              		.thumb_func
 2607              	HAL_RCC_GetClockConfig:
 2608              	.LVL159:
 2609              	.LFB141:
1682:Drivers/STM32L4xx_HAL_Driver/Src/stm32l4xx_hal_rcc.c ****   /* Check the parameters */
 2610              		.loc 1 1682 1 is_stmt 1 view -0
 2611              		.cfi_startproc
 2612              		@ args = 0, pretend = 0, frame = 0
 2613              		@ frame_needed = 0, uses_anonymous_args = 0
 2614              		@ link register save eliminated.
1684:Drivers/STM32L4xx_HAL_Driver/Src/stm32l4xx_hal_rcc.c ****   assert_param(pFLatency != (void *)NULL);
 2615              		.loc 1 1684 3 view .LVU849
1685:Drivers/STM32L4xx_HAL_Driver/Src/stm32l4xx_hal_rcc.c **** 
 2616              		.loc 1 1685 3 view .LVU850
1688:Drivers/STM32L4xx_HAL_Driver/Src/stm32l4xx_hal_rcc.c **** 
 2617              		.loc 1 1688 3 view .LVU851
1688:Drivers/STM32L4xx_HAL_Driver/Src/stm32l4xx_hal_rcc.c **** 
ARM GAS  /tmp/ccziZpZZ.s 			page 94


 2618              		.loc 1 1688 32 is_stmt 0 view .LVU852
 2619 0000 0F23     		movs	r3, #15
 2620 0002 0360     		str	r3, [r0]
1691:Drivers/STM32L4xx_HAL_Driver/Src/stm32l4xx_hal_rcc.c **** 
 2621              		.loc 1 1691 3 is_stmt 1 view .LVU853
1691:Drivers/STM32L4xx_HAL_Driver/Src/stm32l4xx_hal_rcc.c **** 
 2622              		.loc 1 1691 37 is_stmt 0 view .LVU854
 2623 0004 0B4B     		ldr	r3, .L245
 2624 0006 9A68     		ldr	r2, [r3, #8]
 2625 0008 02F00302 		and	r2, r2, #3
1691:Drivers/STM32L4xx_HAL_Driver/Src/stm32l4xx_hal_rcc.c **** 
 2626              		.loc 1 1691 35 view .LVU855
 2627 000c 4260     		str	r2, [r0, #4]
1694:Drivers/STM32L4xx_HAL_Driver/Src/stm32l4xx_hal_rcc.c **** 
 2628              		.loc 1 1694 3 is_stmt 1 view .LVU856
1694:Drivers/STM32L4xx_HAL_Driver/Src/stm32l4xx_hal_rcc.c **** 
 2629              		.loc 1 1694 38 is_stmt 0 view .LVU857
 2630 000e 9A68     		ldr	r2, [r3, #8]
 2631 0010 02F0F002 		and	r2, r2, #240
1694:Drivers/STM32L4xx_HAL_Driver/Src/stm32l4xx_hal_rcc.c **** 
 2632              		.loc 1 1694 36 view .LVU858
 2633 0014 8260     		str	r2, [r0, #8]
1697:Drivers/STM32L4xx_HAL_Driver/Src/stm32l4xx_hal_rcc.c **** 
 2634              		.loc 1 1697 3 is_stmt 1 view .LVU859
1697:Drivers/STM32L4xx_HAL_Driver/Src/stm32l4xx_hal_rcc.c **** 
 2635              		.loc 1 1697 39 is_stmt 0 view .LVU860
 2636 0016 9A68     		ldr	r2, [r3, #8]
 2637 0018 02F4E062 		and	r2, r2, #1792
1697:Drivers/STM32L4xx_HAL_Driver/Src/stm32l4xx_hal_rcc.c **** 
 2638              		.loc 1 1697 37 view .LVU861
 2639 001c C260     		str	r2, [r0, #12]
1700:Drivers/STM32L4xx_HAL_Driver/Src/stm32l4xx_hal_rcc.c **** 
 2640              		.loc 1 1700 3 is_stmt 1 view .LVU862
1700:Drivers/STM32L4xx_HAL_Driver/Src/stm32l4xx_hal_rcc.c **** 
 2641              		.loc 1 1700 40 is_stmt 0 view .LVU863
 2642 001e 9B68     		ldr	r3, [r3, #8]
1700:Drivers/STM32L4xx_HAL_Driver/Src/stm32l4xx_hal_rcc.c **** 
 2643              		.loc 1 1700 76 view .LVU864
 2644 0020 DB08     		lsrs	r3, r3, #3
 2645 0022 03F4E063 		and	r3, r3, #1792
1700:Drivers/STM32L4xx_HAL_Driver/Src/stm32l4xx_hal_rcc.c **** 
 2646              		.loc 1 1700 37 view .LVU865
 2647 0026 0361     		str	r3, [r0, #16]
1703:Drivers/STM32L4xx_HAL_Driver/Src/stm32l4xx_hal_rcc.c **** }
 2648              		.loc 1 1703 3 is_stmt 1 view .LVU866
1703:Drivers/STM32L4xx_HAL_Driver/Src/stm32l4xx_hal_rcc.c **** }
 2649              		.loc 1 1703 16 is_stmt 0 view .LVU867
 2650 0028 034B     		ldr	r3, .L245+4
 2651 002a 1B68     		ldr	r3, [r3]
 2652 002c 03F00703 		and	r3, r3, #7
1703:Drivers/STM32L4xx_HAL_Driver/Src/stm32l4xx_hal_rcc.c **** }
 2653              		.loc 1 1703 14 view .LVU868
 2654 0030 0B60     		str	r3, [r1]
1704:Drivers/STM32L4xx_HAL_Driver/Src/stm32l4xx_hal_rcc.c **** 
 2655              		.loc 1 1704 1 view .LVU869
 2656 0032 7047     		bx	lr
 2657              	.L246:
ARM GAS  /tmp/ccziZpZZ.s 			page 95


 2658              		.align	2
 2659              	.L245:
 2660 0034 00100240 		.word	1073876992
 2661 0038 00200240 		.word	1073881088
 2662              		.cfi_endproc
 2663              	.LFE141:
 2665              		.section	.text.HAL_RCC_EnableCSS,"ax",%progbits
 2666              		.align	1
 2667              		.global	HAL_RCC_EnableCSS
 2668              		.syntax unified
 2669              		.thumb
 2670              		.thumb_func
 2672              	HAL_RCC_EnableCSS:
 2673              	.LFB142:
1717:Drivers/STM32L4xx_HAL_Driver/Src/stm32l4xx_hal_rcc.c ****   SET_BIT(RCC->CR, RCC_CR_CSSON) ;
 2674              		.loc 1 1717 1 is_stmt 1 view -0
 2675              		.cfi_startproc
 2676              		@ args = 0, pretend = 0, frame = 0
 2677              		@ frame_needed = 0, uses_anonymous_args = 0
 2678              		@ link register save eliminated.
1718:Drivers/STM32L4xx_HAL_Driver/Src/stm32l4xx_hal_rcc.c **** }
 2679              		.loc 1 1718 3 view .LVU871
 2680 0000 024A     		ldr	r2, .L248
 2681 0002 1368     		ldr	r3, [r2]
 2682 0004 43F40023 		orr	r3, r3, #524288
 2683 0008 1360     		str	r3, [r2]
1719:Drivers/STM32L4xx_HAL_Driver/Src/stm32l4xx_hal_rcc.c **** 
 2684              		.loc 1 1719 1 is_stmt 0 view .LVU872
 2685 000a 7047     		bx	lr
 2686              	.L249:
 2687              		.align	2
 2688              	.L248:
 2689 000c 00100240 		.word	1073876992
 2690              		.cfi_endproc
 2691              	.LFE142:
 2693              		.section	.text.HAL_RCC_CSSCallback,"ax",%progbits
 2694              		.align	1
 2695              		.weak	HAL_RCC_CSSCallback
 2696              		.syntax unified
 2697              		.thumb
 2698              		.thumb_func
 2700              	HAL_RCC_CSSCallback:
 2701              	.LFB144:
1744:Drivers/STM32L4xx_HAL_Driver/Src/stm32l4xx_hal_rcc.c ****   /* NOTE : This function should not be modified, when the callback is needed,
 2702              		.loc 1 1744 1 is_stmt 1 view -0
 2703              		.cfi_startproc
 2704              		@ args = 0, pretend = 0, frame = 0
 2705              		@ frame_needed = 0, uses_anonymous_args = 0
 2706              		@ link register save eliminated.
1748:Drivers/STM32L4xx_HAL_Driver/Src/stm32l4xx_hal_rcc.c **** 
 2707              		.loc 1 1748 1 view .LVU874
 2708 0000 7047     		bx	lr
 2709              		.cfi_endproc
 2710              	.LFE144:
 2712              		.section	.text.HAL_RCC_NMI_IRQHandler,"ax",%progbits
 2713              		.align	1
 2714              		.global	HAL_RCC_NMI_IRQHandler
ARM GAS  /tmp/ccziZpZZ.s 			page 96


 2715              		.syntax unified
 2716              		.thumb
 2717              		.thumb_func
 2719              	HAL_RCC_NMI_IRQHandler:
 2720              	.LFB143:
1727:Drivers/STM32L4xx_HAL_Driver/Src/stm32l4xx_hal_rcc.c ****   /* Check RCC CSSF interrupt flag  */
 2721              		.loc 1 1727 1 view -0
 2722              		.cfi_startproc
 2723              		@ args = 0, pretend = 0, frame = 0
 2724              		@ frame_needed = 0, uses_anonymous_args = 0
 2725 0000 08B5     		push	{r3, lr}
 2726              	.LCFI19:
 2727              		.cfi_def_cfa_offset 8
 2728              		.cfi_offset 3, -8
 2729              		.cfi_offset 14, -4
1729:Drivers/STM32L4xx_HAL_Driver/Src/stm32l4xx_hal_rcc.c ****   {
 2730              		.loc 1 1729 3 view .LVU876
1729:Drivers/STM32L4xx_HAL_Driver/Src/stm32l4xx_hal_rcc.c ****   {
 2731              		.loc 1 1729 6 is_stmt 0 view .LVU877
 2732 0002 064B     		ldr	r3, .L255
 2733 0004 DB69     		ldr	r3, [r3, #28]
1729:Drivers/STM32L4xx_HAL_Driver/Src/stm32l4xx_hal_rcc.c ****   {
 2734              		.loc 1 1729 5 view .LVU878
 2735 0006 13F4807F 		tst	r3, #256
 2736 000a 00D1     		bne	.L254
 2737              	.L251:
1737:Drivers/STM32L4xx_HAL_Driver/Src/stm32l4xx_hal_rcc.c **** 
 2738              		.loc 1 1737 1 view .LVU879
 2739 000c 08BD     		pop	{r3, pc}
 2740              	.L254:
1732:Drivers/STM32L4xx_HAL_Driver/Src/stm32l4xx_hal_rcc.c **** 
 2741              		.loc 1 1732 5 is_stmt 1 view .LVU880
 2742 000e FFF7FEFF 		bl	HAL_RCC_CSSCallback
 2743              	.LVL160:
1735:Drivers/STM32L4xx_HAL_Driver/Src/stm32l4xx_hal_rcc.c ****   }
 2744              		.loc 1 1735 5 view .LVU881
 2745 0012 024B     		ldr	r3, .L255
 2746 0014 4FF48072 		mov	r2, #256
 2747 0018 1A62     		str	r2, [r3, #32]
1737:Drivers/STM32L4xx_HAL_Driver/Src/stm32l4xx_hal_rcc.c **** 
 2748              		.loc 1 1737 1 is_stmt 0 view .LVU882
 2749 001a F7E7     		b	.L251
 2750              	.L256:
 2751              		.align	2
 2752              	.L255:
 2753 001c 00100240 		.word	1073876992
 2754              		.cfi_endproc
 2755              	.LFE143:
 2757              		.section	.text.HAL_RCC_GetResetSource,"ax",%progbits
 2758              		.align	1
 2759              		.global	HAL_RCC_GetResetSource
 2760              		.syntax unified
 2761              		.thumb
 2762              		.thumb_func
 2764              	HAL_RCC_GetResetSource:
 2765              	.LFB145:
1758:Drivers/STM32L4xx_HAL_Driver/Src/stm32l4xx_hal_rcc.c ****   uint32_t reset;
ARM GAS  /tmp/ccziZpZZ.s 			page 97


 2766              		.loc 1 1758 1 is_stmt 1 view -0
 2767              		.cfi_startproc
 2768              		@ args = 0, pretend = 0, frame = 0
 2769              		@ frame_needed = 0, uses_anonymous_args = 0
 2770              		@ link register save eliminated.
1759:Drivers/STM32L4xx_HAL_Driver/Src/stm32l4xx_hal_rcc.c **** 
 2771              		.loc 1 1759 3 view .LVU884
1762:Drivers/STM32L4xx_HAL_Driver/Src/stm32l4xx_hal_rcc.c **** 
 2772              		.loc 1 1762 3 view .LVU885
1762:Drivers/STM32L4xx_HAL_Driver/Src/stm32l4xx_hal_rcc.c **** 
 2773              		.loc 1 1762 14 is_stmt 0 view .LVU886
 2774 0000 054B     		ldr	r3, .L258
 2775 0002 D3F89400 		ldr	r0, [r3, #148]
 2776              	.LVL161:
1765:Drivers/STM32L4xx_HAL_Driver/Src/stm32l4xx_hal_rcc.c **** 
 2777              		.loc 1 1765 3 is_stmt 1 view .LVU887
1765:Drivers/STM32L4xx_HAL_Driver/Src/stm32l4xx_hal_rcc.c **** 
 2778              		.loc 1 1765 6 is_stmt 0 view .LVU888
 2779 0006 D3F89420 		ldr	r2, [r3, #148]
1765:Drivers/STM32L4xx_HAL_Driver/Src/stm32l4xx_hal_rcc.c **** 
 2780              		.loc 1 1765 12 view .LVU889
 2781 000a 42F40002 		orr	r2, r2, #8388608
 2782 000e C3F89420 		str	r2, [r3, #148]
1767:Drivers/STM32L4xx_HAL_Driver/Src/stm32l4xx_hal_rcc.c **** }
 2783              		.loc 1 1767 3 is_stmt 1 view .LVU890
1768:Drivers/STM32L4xx_HAL_Driver/Src/stm32l4xx_hal_rcc.c **** 
 2784              		.loc 1 1768 1 is_stmt 0 view .LVU891
 2785 0012 00F07E40 		and	r0, r0, #-33554432
 2786              	.LVL162:
1768:Drivers/STM32L4xx_HAL_Driver/Src/stm32l4xx_hal_rcc.c **** 
 2787              		.loc 1 1768 1 view .LVU892
 2788 0016 7047     		bx	lr
 2789              	.L259:
 2790              		.align	2
 2791              	.L258:
 2792 0018 00100240 		.word	1073876992
 2793              		.cfi_endproc
 2794              	.LFE145:
 2796              		.text
 2797              	.Letext0:
 2798              		.file 2 "/usr/arm-none-eabi/include/machine/_default_types.h"
 2799              		.file 3 "/usr/arm-none-eabi/include/sys/_stdint.h"
 2800              		.file 4 "Drivers/CMSIS/Device/ST/STM32L4xx/Include/system_stm32l4xx.h"
 2801              		.file 5 "Drivers/CMSIS/Device/ST/STM32L4xx/Include/stm32l476xx.h"
 2802              		.file 6 "Drivers/CMSIS/Device/ST/STM32L4xx/Include/stm32l4xx.h"
 2803              		.file 7 "Drivers/STM32L4xx_HAL_Driver/Inc/stm32l4xx_hal_def.h"
 2804              		.file 8 "Drivers/STM32L4xx_HAL_Driver/Inc/stm32l4xx_hal_rcc.h"
 2805              		.file 9 "Drivers/STM32L4xx_HAL_Driver/Inc/stm32l4xx_hal_gpio.h"
 2806              		.file 10 "Drivers/STM32L4xx_HAL_Driver/Inc/stm32l4xx_hal.h"
 2807              		.file 11 "Drivers/STM32L4xx_HAL_Driver/Inc/stm32l4xx_hal_pwr_ex.h"
ARM GAS  /tmp/ccziZpZZ.s 			page 98


DEFINED SYMBOLS
                            *ABS*:00000000 stm32l4xx_hal_rcc.c
     /tmp/ccziZpZZ.s:21     .text.RCC_SetFlashLatencyFromMSIRange:00000000 $t
     /tmp/ccziZpZZ.s:26     .text.RCC_SetFlashLatencyFromMSIRange:00000000 RCC_SetFlashLatencyFromMSIRange
     /tmp/ccziZpZZ.s:175    .text.RCC_SetFlashLatencyFromMSIRange:00000088 $d
     /tmp/ccziZpZZ.s:181    .text.HAL_RCC_DeInit:00000000 $t
     /tmp/ccziZpZZ.s:187    .text.HAL_RCC_DeInit:00000000 HAL_RCC_DeInit
     /tmp/ccziZpZZ.s:370    .text.HAL_RCC_DeInit:000000e0 $d
     /tmp/ccziZpZZ.s:379    .text.HAL_RCC_MCOConfig:00000000 $t
     /tmp/ccziZpZZ.s:385    .text.HAL_RCC_MCOConfig:00000000 HAL_RCC_MCOConfig
     /tmp/ccziZpZZ.s:472    .text.HAL_RCC_MCOConfig:00000048 $d
     /tmp/ccziZpZZ.s:477    .text.HAL_RCC_GetSysClockFreq:00000000 $t
     /tmp/ccziZpZZ.s:483    .text.HAL_RCC_GetSysClockFreq:00000000 HAL_RCC_GetSysClockFreq
     /tmp/ccziZpZZ.s:653    .text.HAL_RCC_GetSysClockFreq:00000098 $d
     /tmp/ccziZpZZ.s:661    .text.HAL_RCC_OscConfig:00000000 $t
     /tmp/ccziZpZZ.s:667    .text.HAL_RCC_OscConfig:00000000 HAL_RCC_OscConfig
     /tmp/ccziZpZZ.s:1152   .text.HAL_RCC_OscConfig:00000268 $d
     /tmp/ccziZpZZ.s:1159   .text.HAL_RCC_OscConfig:00000278 $t
     /tmp/ccziZpZZ.s:1668   .text.HAL_RCC_OscConfig:0000050c $d
     /tmp/ccziZpZZ.s:1672   .text.HAL_RCC_OscConfig:00000514 $t
     /tmp/ccziZpZZ.s:1892   .text.HAL_RCC_OscConfig:00000610 $d
     /tmp/ccziZpZZ.s:1899   .text.HAL_RCC_ClockConfig:00000000 $t
     /tmp/ccziZpZZ.s:1905   .text.HAL_RCC_ClockConfig:00000000 HAL_RCC_ClockConfig
     /tmp/ccziZpZZ.s:2231   .text.HAL_RCC_ClockConfig:00000174 $d
     /tmp/ccziZpZZ.s:2240   .text.HAL_RCC_GetHCLKFreq:00000000 $t
     /tmp/ccziZpZZ.s:2246   .text.HAL_RCC_GetHCLKFreq:00000000 HAL_RCC_GetHCLKFreq
     /tmp/ccziZpZZ.s:2261   .text.HAL_RCC_GetHCLKFreq:00000008 $d
     /tmp/ccziZpZZ.s:2266   .text.HAL_RCC_GetPCLK1Freq:00000000 $t
     /tmp/ccziZpZZ.s:2272   .text.HAL_RCC_GetPCLK1Freq:00000000 HAL_RCC_GetPCLK1Freq
     /tmp/ccziZpZZ.s:2303   .text.HAL_RCC_GetPCLK1Freq:0000001c $d
     /tmp/ccziZpZZ.s:2309   .text.HAL_RCC_GetPCLK2Freq:00000000 $t
     /tmp/ccziZpZZ.s:2315   .text.HAL_RCC_GetPCLK2Freq:00000000 HAL_RCC_GetPCLK2Freq
     /tmp/ccziZpZZ.s:2346   .text.HAL_RCC_GetPCLK2Freq:0000001c $d
     /tmp/ccziZpZZ.s:2352   .text.HAL_RCC_GetOscConfig:00000000 $t
     /tmp/ccziZpZZ.s:2358   .text.HAL_RCC_GetOscConfig:00000000 HAL_RCC_GetOscConfig
     /tmp/ccziZpZZ.s:2596   .text.HAL_RCC_GetOscConfig:00000114 $d
     /tmp/ccziZpZZ.s:2601   .text.HAL_RCC_GetClockConfig:00000000 $t
     /tmp/ccziZpZZ.s:2607   .text.HAL_RCC_GetClockConfig:00000000 HAL_RCC_GetClockConfig
     /tmp/ccziZpZZ.s:2660   .text.HAL_RCC_GetClockConfig:00000034 $d
     /tmp/ccziZpZZ.s:2666   .text.HAL_RCC_EnableCSS:00000000 $t
     /tmp/ccziZpZZ.s:2672   .text.HAL_RCC_EnableCSS:00000000 HAL_RCC_EnableCSS
     /tmp/ccziZpZZ.s:2689   .text.HAL_RCC_EnableCSS:0000000c $d
     /tmp/ccziZpZZ.s:2694   .text.HAL_RCC_CSSCallback:00000000 $t
     /tmp/ccziZpZZ.s:2700   .text.HAL_RCC_CSSCallback:00000000 HAL_RCC_CSSCallback
     /tmp/ccziZpZZ.s:2713   .text.HAL_RCC_NMI_IRQHandler:00000000 $t
     /tmp/ccziZpZZ.s:2719   .text.HAL_RCC_NMI_IRQHandler:00000000 HAL_RCC_NMI_IRQHandler
     /tmp/ccziZpZZ.s:2753   .text.HAL_RCC_NMI_IRQHandler:0000001c $d
     /tmp/ccziZpZZ.s:2758   .text.HAL_RCC_GetResetSource:00000000 $t
     /tmp/ccziZpZZ.s:2764   .text.HAL_RCC_GetResetSource:00000000 HAL_RCC_GetResetSource
     /tmp/ccziZpZZ.s:2792   .text.HAL_RCC_GetResetSource:00000018 $d

UNDEFINED SYMBOLS
HAL_PWREx_GetVoltageRange
HAL_GetTick
HAL_InitTick
SystemCoreClock
uwTickPrio
ARM GAS  /tmp/ccziZpZZ.s 			page 99


HAL_GPIO_Init
MSIRangeTable
AHBPrescTable
APBPrescTable
