ARM GAS  /tmp/cc4nR4Y7.s 			page 1


   1              		.cpu cortex-m4
   2              		.arch armv7e-m
   3              		.fpu fpv4-sp-d16
   4              		.eabi_attribute 27, 1
   5              		.eabi_attribute 28, 1
   6              		.eabi_attribute 20, 1
   7              		.eabi_attribute 21, 1
   8              		.eabi_attribute 23, 3
   9              		.eabi_attribute 24, 1
  10              		.eabi_attribute 25, 1
  11              		.eabi_attribute 26, 1
  12              		.eabi_attribute 30, 1
  13              		.eabi_attribute 34, 1
  14              		.eabi_attribute 18, 4
  15              		.file	"stm32l4xx_hal_rcc_ex.c"
  16              		.text
  17              	.Ltext0:
  18              		.cfi_sections	.debug_frame
  19              		.file 1 "Drivers/STM32L4xx_HAL_Driver/Src/stm32l4xx_hal_rcc_ex.c"
  20              		.section	.text.RCCEx_GetSAIxPeriphCLKFreq,"ax",%progbits
  21              		.align	1
  22              		.syntax unified
  23              		.thumb
  24              		.thumb_func
  26              	RCCEx_GetSAIxPeriphCLKFreq:
  27              	.LVL0:
  28              	.LFB152:
   1:Drivers/STM32L4xx_HAL_Driver/Src/stm32l4xx_hal_rcc_ex.c **** /**
   2:Drivers/STM32L4xx_HAL_Driver/Src/stm32l4xx_hal_rcc_ex.c ****   ******************************************************************************
   3:Drivers/STM32L4xx_HAL_Driver/Src/stm32l4xx_hal_rcc_ex.c ****   * @file    stm32l4xx_hal_rcc_ex.c
   4:Drivers/STM32L4xx_HAL_Driver/Src/stm32l4xx_hal_rcc_ex.c ****   * @author  MCD Application Team
   5:Drivers/STM32L4xx_HAL_Driver/Src/stm32l4xx_hal_rcc_ex.c ****   * @brief   Extended RCC HAL module driver.
   6:Drivers/STM32L4xx_HAL_Driver/Src/stm32l4xx_hal_rcc_ex.c ****   *          This file provides firmware functions to manage the following
   7:Drivers/STM32L4xx_HAL_Driver/Src/stm32l4xx_hal_rcc_ex.c ****   *          functionalities RCC extended peripheral:
   8:Drivers/STM32L4xx_HAL_Driver/Src/stm32l4xx_hal_rcc_ex.c ****   *           + Extended Peripheral Control functions
   9:Drivers/STM32L4xx_HAL_Driver/Src/stm32l4xx_hal_rcc_ex.c ****   *           + Extended Clock management functions
  10:Drivers/STM32L4xx_HAL_Driver/Src/stm32l4xx_hal_rcc_ex.c ****   *           + Extended Clock Recovery System Control functions
  11:Drivers/STM32L4xx_HAL_Driver/Src/stm32l4xx_hal_rcc_ex.c ****   *
  12:Drivers/STM32L4xx_HAL_Driver/Src/stm32l4xx_hal_rcc_ex.c ****   ******************************************************************************
  13:Drivers/STM32L4xx_HAL_Driver/Src/stm32l4xx_hal_rcc_ex.c ****   * @attention
  14:Drivers/STM32L4xx_HAL_Driver/Src/stm32l4xx_hal_rcc_ex.c ****   *
  15:Drivers/STM32L4xx_HAL_Driver/Src/stm32l4xx_hal_rcc_ex.c ****   * Copyright (c) 2017 STMicroelectronics.
  16:Drivers/STM32L4xx_HAL_Driver/Src/stm32l4xx_hal_rcc_ex.c ****   * All rights reserved.
  17:Drivers/STM32L4xx_HAL_Driver/Src/stm32l4xx_hal_rcc_ex.c ****   *
  18:Drivers/STM32L4xx_HAL_Driver/Src/stm32l4xx_hal_rcc_ex.c ****   * This software is licensed under terms that can be found in the LICENSE file in
  19:Drivers/STM32L4xx_HAL_Driver/Src/stm32l4xx_hal_rcc_ex.c ****   * the root directory of this software component.
  20:Drivers/STM32L4xx_HAL_Driver/Src/stm32l4xx_hal_rcc_ex.c ****   * If no LICENSE file comes with this software, it is provided AS-IS.
  21:Drivers/STM32L4xx_HAL_Driver/Src/stm32l4xx_hal_rcc_ex.c ****   ******************************************************************************
  22:Drivers/STM32L4xx_HAL_Driver/Src/stm32l4xx_hal_rcc_ex.c ****   */
  23:Drivers/STM32L4xx_HAL_Driver/Src/stm32l4xx_hal_rcc_ex.c **** 
  24:Drivers/STM32L4xx_HAL_Driver/Src/stm32l4xx_hal_rcc_ex.c **** /* Includes ------------------------------------------------------------------*/
  25:Drivers/STM32L4xx_HAL_Driver/Src/stm32l4xx_hal_rcc_ex.c **** #include "stm32l4xx_hal.h"
  26:Drivers/STM32L4xx_HAL_Driver/Src/stm32l4xx_hal_rcc_ex.c **** 
  27:Drivers/STM32L4xx_HAL_Driver/Src/stm32l4xx_hal_rcc_ex.c **** /** @addtogroup STM32L4xx_HAL_Driver
  28:Drivers/STM32L4xx_HAL_Driver/Src/stm32l4xx_hal_rcc_ex.c ****   * @{
  29:Drivers/STM32L4xx_HAL_Driver/Src/stm32l4xx_hal_rcc_ex.c ****   */
  30:Drivers/STM32L4xx_HAL_Driver/Src/stm32l4xx_hal_rcc_ex.c **** 
ARM GAS  /tmp/cc4nR4Y7.s 			page 2


  31:Drivers/STM32L4xx_HAL_Driver/Src/stm32l4xx_hal_rcc_ex.c **** /** @defgroup RCCEx RCCEx
  32:Drivers/STM32L4xx_HAL_Driver/Src/stm32l4xx_hal_rcc_ex.c ****   * @brief RCC Extended HAL module driver
  33:Drivers/STM32L4xx_HAL_Driver/Src/stm32l4xx_hal_rcc_ex.c ****   * @{
  34:Drivers/STM32L4xx_HAL_Driver/Src/stm32l4xx_hal_rcc_ex.c ****   */
  35:Drivers/STM32L4xx_HAL_Driver/Src/stm32l4xx_hal_rcc_ex.c **** 
  36:Drivers/STM32L4xx_HAL_Driver/Src/stm32l4xx_hal_rcc_ex.c **** #ifdef HAL_RCC_MODULE_ENABLED
  37:Drivers/STM32L4xx_HAL_Driver/Src/stm32l4xx_hal_rcc_ex.c **** 
  38:Drivers/STM32L4xx_HAL_Driver/Src/stm32l4xx_hal_rcc_ex.c **** /* Private typedef -----------------------------------------------------------*/
  39:Drivers/STM32L4xx_HAL_Driver/Src/stm32l4xx_hal_rcc_ex.c **** /* Private defines -----------------------------------------------------------*/
  40:Drivers/STM32L4xx_HAL_Driver/Src/stm32l4xx_hal_rcc_ex.c **** /** @defgroup RCCEx_Private_Constants RCCEx Private Constants
  41:Drivers/STM32L4xx_HAL_Driver/Src/stm32l4xx_hal_rcc_ex.c ****  * @{
  42:Drivers/STM32L4xx_HAL_Driver/Src/stm32l4xx_hal_rcc_ex.c ****  */
  43:Drivers/STM32L4xx_HAL_Driver/Src/stm32l4xx_hal_rcc_ex.c **** #define PLLSAI1_TIMEOUT_VALUE     2U    /* 2 ms (minimum Tick + 1) */
  44:Drivers/STM32L4xx_HAL_Driver/Src/stm32l4xx_hal_rcc_ex.c **** #define PLLSAI2_TIMEOUT_VALUE     2U    /* 2 ms (minimum Tick + 1) */
  45:Drivers/STM32L4xx_HAL_Driver/Src/stm32l4xx_hal_rcc_ex.c **** #define PLL_TIMEOUT_VALUE         2U    /* 2 ms (minimum Tick + 1) */
  46:Drivers/STM32L4xx_HAL_Driver/Src/stm32l4xx_hal_rcc_ex.c **** 
  47:Drivers/STM32L4xx_HAL_Driver/Src/stm32l4xx_hal_rcc_ex.c **** #define DIVIDER_P_UPDATE          0U
  48:Drivers/STM32L4xx_HAL_Driver/Src/stm32l4xx_hal_rcc_ex.c **** #define DIVIDER_Q_UPDATE          1U
  49:Drivers/STM32L4xx_HAL_Driver/Src/stm32l4xx_hal_rcc_ex.c **** #define DIVIDER_R_UPDATE          2U
  50:Drivers/STM32L4xx_HAL_Driver/Src/stm32l4xx_hal_rcc_ex.c **** 
  51:Drivers/STM32L4xx_HAL_Driver/Src/stm32l4xx_hal_rcc_ex.c **** #define __LSCO_CLK_ENABLE()       __HAL_RCC_GPIOA_CLK_ENABLE()
  52:Drivers/STM32L4xx_HAL_Driver/Src/stm32l4xx_hal_rcc_ex.c **** #define LSCO_GPIO_PORT            GPIOA
  53:Drivers/STM32L4xx_HAL_Driver/Src/stm32l4xx_hal_rcc_ex.c **** #define LSCO_PIN                  GPIO_PIN_2
  54:Drivers/STM32L4xx_HAL_Driver/Src/stm32l4xx_hal_rcc_ex.c **** /**
  55:Drivers/STM32L4xx_HAL_Driver/Src/stm32l4xx_hal_rcc_ex.c ****   * @}
  56:Drivers/STM32L4xx_HAL_Driver/Src/stm32l4xx_hal_rcc_ex.c ****   */
  57:Drivers/STM32L4xx_HAL_Driver/Src/stm32l4xx_hal_rcc_ex.c **** 
  58:Drivers/STM32L4xx_HAL_Driver/Src/stm32l4xx_hal_rcc_ex.c **** /* Private macros ------------------------------------------------------------*/
  59:Drivers/STM32L4xx_HAL_Driver/Src/stm32l4xx_hal_rcc_ex.c **** /* Private variables ---------------------------------------------------------*/
  60:Drivers/STM32L4xx_HAL_Driver/Src/stm32l4xx_hal_rcc_ex.c **** /* Private function prototypes -----------------------------------------------*/
  61:Drivers/STM32L4xx_HAL_Driver/Src/stm32l4xx_hal_rcc_ex.c **** /** @defgroup RCCEx_Private_Functions RCCEx Private Functions
  62:Drivers/STM32L4xx_HAL_Driver/Src/stm32l4xx_hal_rcc_ex.c ****  * @{
  63:Drivers/STM32L4xx_HAL_Driver/Src/stm32l4xx_hal_rcc_ex.c ****  */
  64:Drivers/STM32L4xx_HAL_Driver/Src/stm32l4xx_hal_rcc_ex.c **** #if defined(RCC_PLLSAI1_SUPPORT)
  65:Drivers/STM32L4xx_HAL_Driver/Src/stm32l4xx_hal_rcc_ex.c **** 
  66:Drivers/STM32L4xx_HAL_Driver/Src/stm32l4xx_hal_rcc_ex.c **** static HAL_StatusTypeDef RCCEx_PLLSAI1_Config(RCC_PLLSAI1InitTypeDef *PllSai1, uint32_t Divider);
  67:Drivers/STM32L4xx_HAL_Driver/Src/stm32l4xx_hal_rcc_ex.c **** 
  68:Drivers/STM32L4xx_HAL_Driver/Src/stm32l4xx_hal_rcc_ex.c **** #endif /* RCC_PLLSAI1_SUPPORT */
  69:Drivers/STM32L4xx_HAL_Driver/Src/stm32l4xx_hal_rcc_ex.c **** 
  70:Drivers/STM32L4xx_HAL_Driver/Src/stm32l4xx_hal_rcc_ex.c **** #if defined(RCC_PLLSAI2_SUPPORT)
  71:Drivers/STM32L4xx_HAL_Driver/Src/stm32l4xx_hal_rcc_ex.c **** 
  72:Drivers/STM32L4xx_HAL_Driver/Src/stm32l4xx_hal_rcc_ex.c **** static HAL_StatusTypeDef RCCEx_PLLSAI2_Config(RCC_PLLSAI2InitTypeDef *PllSai2, uint32_t Divider);
  73:Drivers/STM32L4xx_HAL_Driver/Src/stm32l4xx_hal_rcc_ex.c **** 
  74:Drivers/STM32L4xx_HAL_Driver/Src/stm32l4xx_hal_rcc_ex.c **** #endif /* RCC_PLLSAI2_SUPPORT */
  75:Drivers/STM32L4xx_HAL_Driver/Src/stm32l4xx_hal_rcc_ex.c **** 
  76:Drivers/STM32L4xx_HAL_Driver/Src/stm32l4xx_hal_rcc_ex.c **** #if defined(SAI1)
  77:Drivers/STM32L4xx_HAL_Driver/Src/stm32l4xx_hal_rcc_ex.c **** 
  78:Drivers/STM32L4xx_HAL_Driver/Src/stm32l4xx_hal_rcc_ex.c **** static uint32_t RCCEx_GetSAIxPeriphCLKFreq(uint32_t PeriphClk, uint32_t InputFrequency);
  79:Drivers/STM32L4xx_HAL_Driver/Src/stm32l4xx_hal_rcc_ex.c **** 
  80:Drivers/STM32L4xx_HAL_Driver/Src/stm32l4xx_hal_rcc_ex.c **** #endif /* SAI1 */
  81:Drivers/STM32L4xx_HAL_Driver/Src/stm32l4xx_hal_rcc_ex.c **** /**
  82:Drivers/STM32L4xx_HAL_Driver/Src/stm32l4xx_hal_rcc_ex.c ****   * @}
  83:Drivers/STM32L4xx_HAL_Driver/Src/stm32l4xx_hal_rcc_ex.c ****   */
  84:Drivers/STM32L4xx_HAL_Driver/Src/stm32l4xx_hal_rcc_ex.c **** 
  85:Drivers/STM32L4xx_HAL_Driver/Src/stm32l4xx_hal_rcc_ex.c **** /* Exported functions --------------------------------------------------------*/
  86:Drivers/STM32L4xx_HAL_Driver/Src/stm32l4xx_hal_rcc_ex.c **** 
  87:Drivers/STM32L4xx_HAL_Driver/Src/stm32l4xx_hal_rcc_ex.c **** /** @defgroup RCCEx_Exported_Functions RCCEx Exported Functions
ARM GAS  /tmp/cc4nR4Y7.s 			page 3


  88:Drivers/STM32L4xx_HAL_Driver/Src/stm32l4xx_hal_rcc_ex.c ****   * @{
  89:Drivers/STM32L4xx_HAL_Driver/Src/stm32l4xx_hal_rcc_ex.c ****   */
  90:Drivers/STM32L4xx_HAL_Driver/Src/stm32l4xx_hal_rcc_ex.c **** 
  91:Drivers/STM32L4xx_HAL_Driver/Src/stm32l4xx_hal_rcc_ex.c **** /** @defgroup RCCEx_Exported_Functions_Group1 Extended Peripheral Control functions
  92:Drivers/STM32L4xx_HAL_Driver/Src/stm32l4xx_hal_rcc_ex.c ****  *  @brief  Extended Peripheral Control functions
  93:Drivers/STM32L4xx_HAL_Driver/Src/stm32l4xx_hal_rcc_ex.c ****  *
  94:Drivers/STM32L4xx_HAL_Driver/Src/stm32l4xx_hal_rcc_ex.c **** @verbatim
  95:Drivers/STM32L4xx_HAL_Driver/Src/stm32l4xx_hal_rcc_ex.c ****  ===============================================================================
  96:Drivers/STM32L4xx_HAL_Driver/Src/stm32l4xx_hal_rcc_ex.c ****                 ##### Extended Peripheral Control functions  #####
  97:Drivers/STM32L4xx_HAL_Driver/Src/stm32l4xx_hal_rcc_ex.c ****  ===============================================================================
  98:Drivers/STM32L4xx_HAL_Driver/Src/stm32l4xx_hal_rcc_ex.c ****     [..]
  99:Drivers/STM32L4xx_HAL_Driver/Src/stm32l4xx_hal_rcc_ex.c ****     This subsection provides a set of functions allowing to control the RCC Clocks
 100:Drivers/STM32L4xx_HAL_Driver/Src/stm32l4xx_hal_rcc_ex.c ****     frequencies.
 101:Drivers/STM32L4xx_HAL_Driver/Src/stm32l4xx_hal_rcc_ex.c ****     [..]
 102:Drivers/STM32L4xx_HAL_Driver/Src/stm32l4xx_hal_rcc_ex.c ****     (@) Important note: Care must be taken when HAL_RCCEx_PeriphCLKConfig() is used to
 103:Drivers/STM32L4xx_HAL_Driver/Src/stm32l4xx_hal_rcc_ex.c ****         select the RTC clock source; in this case the Backup domain will be reset in
 104:Drivers/STM32L4xx_HAL_Driver/Src/stm32l4xx_hal_rcc_ex.c ****         order to modify the RTC Clock source, as consequence RTC registers (including
 105:Drivers/STM32L4xx_HAL_Driver/Src/stm32l4xx_hal_rcc_ex.c ****         the backup registers) are set to their reset values.
 106:Drivers/STM32L4xx_HAL_Driver/Src/stm32l4xx_hal_rcc_ex.c **** 
 107:Drivers/STM32L4xx_HAL_Driver/Src/stm32l4xx_hal_rcc_ex.c **** @endverbatim
 108:Drivers/STM32L4xx_HAL_Driver/Src/stm32l4xx_hal_rcc_ex.c ****   * @{
 109:Drivers/STM32L4xx_HAL_Driver/Src/stm32l4xx_hal_rcc_ex.c ****   */
 110:Drivers/STM32L4xx_HAL_Driver/Src/stm32l4xx_hal_rcc_ex.c **** /**
 111:Drivers/STM32L4xx_HAL_Driver/Src/stm32l4xx_hal_rcc_ex.c ****   * @brief  Initialize the RCC extended peripherals clocks according to the specified
 112:Drivers/STM32L4xx_HAL_Driver/Src/stm32l4xx_hal_rcc_ex.c ****   *         parameters in the RCC_PeriphCLKInitTypeDef.
 113:Drivers/STM32L4xx_HAL_Driver/Src/stm32l4xx_hal_rcc_ex.c ****   * @param  PeriphClkInit  pointer to an RCC_PeriphCLKInitTypeDef structure that
 114:Drivers/STM32L4xx_HAL_Driver/Src/stm32l4xx_hal_rcc_ex.c ****   *         contains a field PeriphClockSelection which can be a combination of the following value
 115:Drivers/STM32L4xx_HAL_Driver/Src/stm32l4xx_hal_rcc_ex.c ****   *            @arg @ref RCC_PERIPHCLK_RTC  RTC peripheral clock
 116:Drivers/STM32L4xx_HAL_Driver/Src/stm32l4xx_hal_rcc_ex.c ****   *            @arg @ref RCC_PERIPHCLK_ADC  ADC peripheral clock
 117:Drivers/STM32L4xx_HAL_Driver/Src/stm32l4xx_hal_rcc_ex.c ****   @if STM32L462xx
 118:Drivers/STM32L4xx_HAL_Driver/Src/stm32l4xx_hal_rcc_ex.c ****   *            @arg @ref RCC_PERIPHCLK_DFSDM1  DFSDM1 peripheral clock (only for devices with DFSDM
 119:Drivers/STM32L4xx_HAL_Driver/Src/stm32l4xx_hal_rcc_ex.c ****   @endif
 120:Drivers/STM32L4xx_HAL_Driver/Src/stm32l4xx_hal_rcc_ex.c ****   @if STM32L486xx
 121:Drivers/STM32L4xx_HAL_Driver/Src/stm32l4xx_hal_rcc_ex.c ****   *            @arg @ref RCC_PERIPHCLK_DFSDM1  DFSDM1 peripheral clock (only for devices with DFSDM
 122:Drivers/STM32L4xx_HAL_Driver/Src/stm32l4xx_hal_rcc_ex.c ****   @endif
 123:Drivers/STM32L4xx_HAL_Driver/Src/stm32l4xx_hal_rcc_ex.c ****   @if STM32L4A6xx
 124:Drivers/STM32L4xx_HAL_Driver/Src/stm32l4xx_hal_rcc_ex.c ****   *            @arg @ref RCC_PERIPHCLK_DFSDM1  DFSDM1 peripheral clock (only for devices with DFSDM
 125:Drivers/STM32L4xx_HAL_Driver/Src/stm32l4xx_hal_rcc_ex.c ****   @endif
 126:Drivers/STM32L4xx_HAL_Driver/Src/stm32l4xx_hal_rcc_ex.c ****   *            @arg @ref RCC_PERIPHCLK_I2C1  I2C1 peripheral clock
 127:Drivers/STM32L4xx_HAL_Driver/Src/stm32l4xx_hal_rcc_ex.c ****   *            @arg @ref RCC_PERIPHCLK_I2C2  I2C2 peripheral clock
 128:Drivers/STM32L4xx_HAL_Driver/Src/stm32l4xx_hal_rcc_ex.c ****   *            @arg @ref RCC_PERIPHCLK_I2C3  I2C3 peripheral clock
 129:Drivers/STM32L4xx_HAL_Driver/Src/stm32l4xx_hal_rcc_ex.c ****   @if STM32L462xx
 130:Drivers/STM32L4xx_HAL_Driver/Src/stm32l4xx_hal_rcc_ex.c ****   *            @arg @ref RCC_PERIPHCLK_I2C4  I2C4 peripheral clock (only for devices with I2C4)
 131:Drivers/STM32L4xx_HAL_Driver/Src/stm32l4xx_hal_rcc_ex.c ****   @endif
 132:Drivers/STM32L4xx_HAL_Driver/Src/stm32l4xx_hal_rcc_ex.c ****   @if STM32L4A6xx
 133:Drivers/STM32L4xx_HAL_Driver/Src/stm32l4xx_hal_rcc_ex.c ****   *            @arg @ref RCC_PERIPHCLK_I2C4  I2C4 peripheral clock (only for devices with I2C4)
 134:Drivers/STM32L4xx_HAL_Driver/Src/stm32l4xx_hal_rcc_ex.c ****   @endif
 135:Drivers/STM32L4xx_HAL_Driver/Src/stm32l4xx_hal_rcc_ex.c ****   @if STM32L4S9xx
 136:Drivers/STM32L4xx_HAL_Driver/Src/stm32l4xx_hal_rcc_ex.c ****   *            @arg @ref RCC_PERIPHCLK_I2C4  I2C4 peripheral clock (only for devices with I2C4)
 137:Drivers/STM32L4xx_HAL_Driver/Src/stm32l4xx_hal_rcc_ex.c ****   @endif
 138:Drivers/STM32L4xx_HAL_Driver/Src/stm32l4xx_hal_rcc_ex.c ****   *            @arg @ref RCC_PERIPHCLK_LPTIM1  LPTIM1 peripheral clock
 139:Drivers/STM32L4xx_HAL_Driver/Src/stm32l4xx_hal_rcc_ex.c ****   *            @arg @ref RCC_PERIPHCLK_LPTIM2  LPTIM2 peripheral clock
 140:Drivers/STM32L4xx_HAL_Driver/Src/stm32l4xx_hal_rcc_ex.c ****   *            @arg @ref RCC_PERIPHCLK_LPUART1  LPUART1 peripheral clock
 141:Drivers/STM32L4xx_HAL_Driver/Src/stm32l4xx_hal_rcc_ex.c ****   *            @arg @ref RCC_PERIPHCLK_RNG  RNG peripheral clock
 142:Drivers/STM32L4xx_HAL_Driver/Src/stm32l4xx_hal_rcc_ex.c ****   *            @arg @ref RCC_PERIPHCLK_SAI1  SAI1 peripheral clock (only for devices with SAI1)
 143:Drivers/STM32L4xx_HAL_Driver/Src/stm32l4xx_hal_rcc_ex.c ****   @if STM32L486xx
 144:Drivers/STM32L4xx_HAL_Driver/Src/stm32l4xx_hal_rcc_ex.c ****   *            @arg @ref RCC_PERIPHCLK_SAI2  SAI2 peripheral clock (only for devices with SAI2)
ARM GAS  /tmp/cc4nR4Y7.s 			page 4


 145:Drivers/STM32L4xx_HAL_Driver/Src/stm32l4xx_hal_rcc_ex.c ****   @endif
 146:Drivers/STM32L4xx_HAL_Driver/Src/stm32l4xx_hal_rcc_ex.c ****   @if STM32L4A6xx
 147:Drivers/STM32L4xx_HAL_Driver/Src/stm32l4xx_hal_rcc_ex.c ****   *            @arg @ref RCC_PERIPHCLK_SAI2  SAI2 peripheral clock (only for devices with SAI2)
 148:Drivers/STM32L4xx_HAL_Driver/Src/stm32l4xx_hal_rcc_ex.c ****   @endif
 149:Drivers/STM32L4xx_HAL_Driver/Src/stm32l4xx_hal_rcc_ex.c ****   @if STM32L4S9xx
 150:Drivers/STM32L4xx_HAL_Driver/Src/stm32l4xx_hal_rcc_ex.c ****   *            @arg @ref RCC_PERIPHCLK_SAI2  SAI2 peripheral clock (only for devices with SAI2)
 151:Drivers/STM32L4xx_HAL_Driver/Src/stm32l4xx_hal_rcc_ex.c ****   @endif
 152:Drivers/STM32L4xx_HAL_Driver/Src/stm32l4xx_hal_rcc_ex.c ****   *            @arg @ref RCC_PERIPHCLK_SDMMC1  SDMMC1 peripheral clock
 153:Drivers/STM32L4xx_HAL_Driver/Src/stm32l4xx_hal_rcc_ex.c ****   @if STM32L443xx
 154:Drivers/STM32L4xx_HAL_Driver/Src/stm32l4xx_hal_rcc_ex.c ****   *            @arg @ref RCC_PERIPHCLK_SWPMI1  SWPMI1 peripheral clock (only for devices with SWPMI
 155:Drivers/STM32L4xx_HAL_Driver/Src/stm32l4xx_hal_rcc_ex.c ****   @endif
 156:Drivers/STM32L4xx_HAL_Driver/Src/stm32l4xx_hal_rcc_ex.c ****   @if STM32L486xx
 157:Drivers/STM32L4xx_HAL_Driver/Src/stm32l4xx_hal_rcc_ex.c ****   *            @arg @ref RCC_PERIPHCLK_SWPMI1  SWPMI1 peripheral clock (only for devices with SWPMI
 158:Drivers/STM32L4xx_HAL_Driver/Src/stm32l4xx_hal_rcc_ex.c ****   @endif
 159:Drivers/STM32L4xx_HAL_Driver/Src/stm32l4xx_hal_rcc_ex.c ****   @if STM32L4A6xx
 160:Drivers/STM32L4xx_HAL_Driver/Src/stm32l4xx_hal_rcc_ex.c ****   *            @arg @ref RCC_PERIPHCLK_SWPMI1  SWPMI1 peripheral clock (only for devices with SWPMI
 161:Drivers/STM32L4xx_HAL_Driver/Src/stm32l4xx_hal_rcc_ex.c ****   @endif
 162:Drivers/STM32L4xx_HAL_Driver/Src/stm32l4xx_hal_rcc_ex.c ****   *            @arg @ref RCC_PERIPHCLK_USART1  USART1 peripheral clock
 163:Drivers/STM32L4xx_HAL_Driver/Src/stm32l4xx_hal_rcc_ex.c ****   *            @arg @ref RCC_PERIPHCLK_USART2  USART1 peripheral clock
 164:Drivers/STM32L4xx_HAL_Driver/Src/stm32l4xx_hal_rcc_ex.c ****   *            @arg @ref RCC_PERIPHCLK_USART3  USART1 peripheral clock
 165:Drivers/STM32L4xx_HAL_Driver/Src/stm32l4xx_hal_rcc_ex.c ****   @if STM32L462xx
 166:Drivers/STM32L4xx_HAL_Driver/Src/stm32l4xx_hal_rcc_ex.c ****   *            @arg @ref RCC_PERIPHCLK_UART4  USART1 peripheral clock (only for devices with UART4)
 167:Drivers/STM32L4xx_HAL_Driver/Src/stm32l4xx_hal_rcc_ex.c ****   @endif
 168:Drivers/STM32L4xx_HAL_Driver/Src/stm32l4xx_hal_rcc_ex.c ****   @if STM32L486xx
 169:Drivers/STM32L4xx_HAL_Driver/Src/stm32l4xx_hal_rcc_ex.c ****   *            @arg @ref RCC_PERIPHCLK_UART4  USART1 peripheral clock (only for devices with UART4)
 170:Drivers/STM32L4xx_HAL_Driver/Src/stm32l4xx_hal_rcc_ex.c ****   *            @arg @ref RCC_PERIPHCLK_UART5  USART1 peripheral clock (only for devices with UART5)
 171:Drivers/STM32L4xx_HAL_Driver/Src/stm32l4xx_hal_rcc_ex.c ****   *            @arg @ref RCC_PERIPHCLK_USB  USB peripheral clock (only for devices with USB)
 172:Drivers/STM32L4xx_HAL_Driver/Src/stm32l4xx_hal_rcc_ex.c ****   @endif
 173:Drivers/STM32L4xx_HAL_Driver/Src/stm32l4xx_hal_rcc_ex.c ****   @if STM32L4A6xx
 174:Drivers/STM32L4xx_HAL_Driver/Src/stm32l4xx_hal_rcc_ex.c ****   *            @arg @ref RCC_PERIPHCLK_UART4  USART1 peripheral clock (only for devices with UART4)
 175:Drivers/STM32L4xx_HAL_Driver/Src/stm32l4xx_hal_rcc_ex.c ****   *            @arg @ref RCC_PERIPHCLK_UART5  USART1 peripheral clock (only for devices with UART5)
 176:Drivers/STM32L4xx_HAL_Driver/Src/stm32l4xx_hal_rcc_ex.c ****   *            @arg @ref RCC_PERIPHCLK_USB  USB peripheral clock (only for devices with USB)
 177:Drivers/STM32L4xx_HAL_Driver/Src/stm32l4xx_hal_rcc_ex.c ****   @endif
 178:Drivers/STM32L4xx_HAL_Driver/Src/stm32l4xx_hal_rcc_ex.c ****   @if STM32L4S9xx
 179:Drivers/STM32L4xx_HAL_Driver/Src/stm32l4xx_hal_rcc_ex.c ****   *            @arg @ref RCC_PERIPHCLK_UART4  USART1 peripheral clock (only for devices with UART4)
 180:Drivers/STM32L4xx_HAL_Driver/Src/stm32l4xx_hal_rcc_ex.c ****   *            @arg @ref RCC_PERIPHCLK_UART5  USART1 peripheral clock (only for devices with UART5)
 181:Drivers/STM32L4xx_HAL_Driver/Src/stm32l4xx_hal_rcc_ex.c ****   *            @arg @ref RCC_PERIPHCLK_USB  USB peripheral clock (only for devices with USB)
 182:Drivers/STM32L4xx_HAL_Driver/Src/stm32l4xx_hal_rcc_ex.c ****   *            @arg @ref RCC_PERIPHCLK_DFSDM1  DFSDM1 peripheral kernel clock (only for devices wit
 183:Drivers/STM32L4xx_HAL_Driver/Src/stm32l4xx_hal_rcc_ex.c ****   *            @arg @ref RCC_PERIPHCLK_DFSDM1AUDIO  DFSDM1 peripheral audio clock (only for devices
 184:Drivers/STM32L4xx_HAL_Driver/Src/stm32l4xx_hal_rcc_ex.c ****   *            @arg @ref RCC_PERIPHCLK_LTDC  LTDC peripheral clock (only for devices with LTDC)
 185:Drivers/STM32L4xx_HAL_Driver/Src/stm32l4xx_hal_rcc_ex.c ****   *            @arg @ref RCC_PERIPHCLK_DSI  DSI peripheral clock (only for devices with DSI)
 186:Drivers/STM32L4xx_HAL_Driver/Src/stm32l4xx_hal_rcc_ex.c ****   *            @arg @ref RCC_PERIPHCLK_OSPI  OctoSPI peripheral clock (only for devices with OctoSP
 187:Drivers/STM32L4xx_HAL_Driver/Src/stm32l4xx_hal_rcc_ex.c ****   @endif
 188:Drivers/STM32L4xx_HAL_Driver/Src/stm32l4xx_hal_rcc_ex.c ****   *
 189:Drivers/STM32L4xx_HAL_Driver/Src/stm32l4xx_hal_rcc_ex.c ****   * @note   Care must be taken when HAL_RCCEx_PeriphCLKConfig() is used to select
 190:Drivers/STM32L4xx_HAL_Driver/Src/stm32l4xx_hal_rcc_ex.c ****   *         the RTC clock source: in this case the access to Backup domain is enabled.
 191:Drivers/STM32L4xx_HAL_Driver/Src/stm32l4xx_hal_rcc_ex.c ****   *
 192:Drivers/STM32L4xx_HAL_Driver/Src/stm32l4xx_hal_rcc_ex.c ****   * @retval HAL status
 193:Drivers/STM32L4xx_HAL_Driver/Src/stm32l4xx_hal_rcc_ex.c ****   */
 194:Drivers/STM32L4xx_HAL_Driver/Src/stm32l4xx_hal_rcc_ex.c **** HAL_StatusTypeDef HAL_RCCEx_PeriphCLKConfig(RCC_PeriphCLKInitTypeDef  *PeriphClkInit)
 195:Drivers/STM32L4xx_HAL_Driver/Src/stm32l4xx_hal_rcc_ex.c **** {
 196:Drivers/STM32L4xx_HAL_Driver/Src/stm32l4xx_hal_rcc_ex.c ****   uint32_t tmpregister, tickstart;     /* no init needed */
 197:Drivers/STM32L4xx_HAL_Driver/Src/stm32l4xx_hal_rcc_ex.c ****   HAL_StatusTypeDef ret = HAL_OK;      /* Intermediate status */
 198:Drivers/STM32L4xx_HAL_Driver/Src/stm32l4xx_hal_rcc_ex.c ****   HAL_StatusTypeDef status = HAL_OK;   /* Final status */
 199:Drivers/STM32L4xx_HAL_Driver/Src/stm32l4xx_hal_rcc_ex.c **** 
 200:Drivers/STM32L4xx_HAL_Driver/Src/stm32l4xx_hal_rcc_ex.c ****   /* Check the parameters */
 201:Drivers/STM32L4xx_HAL_Driver/Src/stm32l4xx_hal_rcc_ex.c ****   assert_param(IS_RCC_PERIPHCLOCK(PeriphClkInit->PeriphClockSelection));
ARM GAS  /tmp/cc4nR4Y7.s 			page 5


 202:Drivers/STM32L4xx_HAL_Driver/Src/stm32l4xx_hal_rcc_ex.c **** 
 203:Drivers/STM32L4xx_HAL_Driver/Src/stm32l4xx_hal_rcc_ex.c **** #if defined(SAI1)
 204:Drivers/STM32L4xx_HAL_Driver/Src/stm32l4xx_hal_rcc_ex.c **** 
 205:Drivers/STM32L4xx_HAL_Driver/Src/stm32l4xx_hal_rcc_ex.c ****   /*-------------------------- SAI1 clock source configuration ---------------------*/
 206:Drivers/STM32L4xx_HAL_Driver/Src/stm32l4xx_hal_rcc_ex.c ****   if((((PeriphClkInit->PeriphClockSelection) & RCC_PERIPHCLK_SAI1) == RCC_PERIPHCLK_SAI1))
 207:Drivers/STM32L4xx_HAL_Driver/Src/stm32l4xx_hal_rcc_ex.c ****   {
 208:Drivers/STM32L4xx_HAL_Driver/Src/stm32l4xx_hal_rcc_ex.c ****     /* Check the parameters */
 209:Drivers/STM32L4xx_HAL_Driver/Src/stm32l4xx_hal_rcc_ex.c ****     assert_param(IS_RCC_SAI1CLK(PeriphClkInit->Sai1ClockSelection));
 210:Drivers/STM32L4xx_HAL_Driver/Src/stm32l4xx_hal_rcc_ex.c **** 
 211:Drivers/STM32L4xx_HAL_Driver/Src/stm32l4xx_hal_rcc_ex.c ****     switch(PeriphClkInit->Sai1ClockSelection)
 212:Drivers/STM32L4xx_HAL_Driver/Src/stm32l4xx_hal_rcc_ex.c ****     {
 213:Drivers/STM32L4xx_HAL_Driver/Src/stm32l4xx_hal_rcc_ex.c ****     case RCC_SAI1CLKSOURCE_PLL:      /* PLL is used as clock source for SAI1*/
 214:Drivers/STM32L4xx_HAL_Driver/Src/stm32l4xx_hal_rcc_ex.c ****       /* Enable SAI Clock output generated from System PLL . */
 215:Drivers/STM32L4xx_HAL_Driver/Src/stm32l4xx_hal_rcc_ex.c **** #if defined(RCC_PLLSAI2_SUPPORT)
 216:Drivers/STM32L4xx_HAL_Driver/Src/stm32l4xx_hal_rcc_ex.c ****       __HAL_RCC_PLLCLKOUT_ENABLE(RCC_PLL_SAI3CLK);
 217:Drivers/STM32L4xx_HAL_Driver/Src/stm32l4xx_hal_rcc_ex.c **** #else
 218:Drivers/STM32L4xx_HAL_Driver/Src/stm32l4xx_hal_rcc_ex.c ****       __HAL_RCC_PLLCLKOUT_ENABLE(RCC_PLL_SAI2CLK);
 219:Drivers/STM32L4xx_HAL_Driver/Src/stm32l4xx_hal_rcc_ex.c **** #endif /* RCC_PLLSAI2_SUPPORT */
 220:Drivers/STM32L4xx_HAL_Driver/Src/stm32l4xx_hal_rcc_ex.c ****       /* SAI1 clock source config set later after clock selection check */
 221:Drivers/STM32L4xx_HAL_Driver/Src/stm32l4xx_hal_rcc_ex.c ****       break;
 222:Drivers/STM32L4xx_HAL_Driver/Src/stm32l4xx_hal_rcc_ex.c **** 
 223:Drivers/STM32L4xx_HAL_Driver/Src/stm32l4xx_hal_rcc_ex.c ****     case RCC_SAI1CLKSOURCE_PLLSAI1:  /* PLLSAI1 is used as clock source for SAI1*/
 224:Drivers/STM32L4xx_HAL_Driver/Src/stm32l4xx_hal_rcc_ex.c ****       /* PLLSAI1 input clock, parameters M, N & P configuration and clock output (PLLSAI1ClockOut) 
 225:Drivers/STM32L4xx_HAL_Driver/Src/stm32l4xx_hal_rcc_ex.c ****       ret = RCCEx_PLLSAI1_Config(&(PeriphClkInit->PLLSAI1), DIVIDER_P_UPDATE);
 226:Drivers/STM32L4xx_HAL_Driver/Src/stm32l4xx_hal_rcc_ex.c ****       /* SAI1 clock source config set later after clock selection check */
 227:Drivers/STM32L4xx_HAL_Driver/Src/stm32l4xx_hal_rcc_ex.c ****       break;
 228:Drivers/STM32L4xx_HAL_Driver/Src/stm32l4xx_hal_rcc_ex.c **** 
 229:Drivers/STM32L4xx_HAL_Driver/Src/stm32l4xx_hal_rcc_ex.c **** #if defined(RCC_PLLSAI2_SUPPORT)
 230:Drivers/STM32L4xx_HAL_Driver/Src/stm32l4xx_hal_rcc_ex.c **** 
 231:Drivers/STM32L4xx_HAL_Driver/Src/stm32l4xx_hal_rcc_ex.c ****     case RCC_SAI1CLKSOURCE_PLLSAI2:  /* PLLSAI2 is used as clock source for SAI1*/
 232:Drivers/STM32L4xx_HAL_Driver/Src/stm32l4xx_hal_rcc_ex.c ****       /* PLLSAI2 input clock, parameters M, N & P configuration clock output (PLLSAI2ClockOut) */
 233:Drivers/STM32L4xx_HAL_Driver/Src/stm32l4xx_hal_rcc_ex.c ****       ret = RCCEx_PLLSAI2_Config(&(PeriphClkInit->PLLSAI2), DIVIDER_P_UPDATE);
 234:Drivers/STM32L4xx_HAL_Driver/Src/stm32l4xx_hal_rcc_ex.c ****       /* SAI1 clock source config set later after clock selection check */
 235:Drivers/STM32L4xx_HAL_Driver/Src/stm32l4xx_hal_rcc_ex.c ****       break;
 236:Drivers/STM32L4xx_HAL_Driver/Src/stm32l4xx_hal_rcc_ex.c **** 
 237:Drivers/STM32L4xx_HAL_Driver/Src/stm32l4xx_hal_rcc_ex.c **** #endif /* RCC_PLLSAI2_SUPPORT */
 238:Drivers/STM32L4xx_HAL_Driver/Src/stm32l4xx_hal_rcc_ex.c **** 
 239:Drivers/STM32L4xx_HAL_Driver/Src/stm32l4xx_hal_rcc_ex.c ****     case RCC_SAI1CLKSOURCE_PIN:      /* External clock is used as source of SAI1 clock*/
 240:Drivers/STM32L4xx_HAL_Driver/Src/stm32l4xx_hal_rcc_ex.c **** #if defined(STM32L4P5xx) || defined(STM32L4Q5xx) || defined(STM32L4R5xx) || defined(STM32L4R7xx) ||
 241:Drivers/STM32L4xx_HAL_Driver/Src/stm32l4xx_hal_rcc_ex.c ****     case RCC_SAI1CLKSOURCE_HSI:      /* HSI is used as source of SAI1 clock*/
 242:Drivers/STM32L4xx_HAL_Driver/Src/stm32l4xx_hal_rcc_ex.c **** #endif /* STM32L4P5xx || STM32L4Q5xx || STM32L4R5xx || STM32L4R7xx || STM32L4R9xx || STM32L4S5xx ||
 243:Drivers/STM32L4xx_HAL_Driver/Src/stm32l4xx_hal_rcc_ex.c ****       /* SAI1 clock source config set later after clock selection check */
 244:Drivers/STM32L4xx_HAL_Driver/Src/stm32l4xx_hal_rcc_ex.c ****       break;
 245:Drivers/STM32L4xx_HAL_Driver/Src/stm32l4xx_hal_rcc_ex.c **** 
 246:Drivers/STM32L4xx_HAL_Driver/Src/stm32l4xx_hal_rcc_ex.c ****     default:
 247:Drivers/STM32L4xx_HAL_Driver/Src/stm32l4xx_hal_rcc_ex.c ****       ret = HAL_ERROR;
 248:Drivers/STM32L4xx_HAL_Driver/Src/stm32l4xx_hal_rcc_ex.c ****       break;
 249:Drivers/STM32L4xx_HAL_Driver/Src/stm32l4xx_hal_rcc_ex.c ****     }
 250:Drivers/STM32L4xx_HAL_Driver/Src/stm32l4xx_hal_rcc_ex.c **** 
 251:Drivers/STM32L4xx_HAL_Driver/Src/stm32l4xx_hal_rcc_ex.c ****     if(ret == HAL_OK)
 252:Drivers/STM32L4xx_HAL_Driver/Src/stm32l4xx_hal_rcc_ex.c ****     {
 253:Drivers/STM32L4xx_HAL_Driver/Src/stm32l4xx_hal_rcc_ex.c ****       /* Set the source of SAI1 clock*/
 254:Drivers/STM32L4xx_HAL_Driver/Src/stm32l4xx_hal_rcc_ex.c ****       __HAL_RCC_SAI1_CONFIG(PeriphClkInit->Sai1ClockSelection);
 255:Drivers/STM32L4xx_HAL_Driver/Src/stm32l4xx_hal_rcc_ex.c ****     }
 256:Drivers/STM32L4xx_HAL_Driver/Src/stm32l4xx_hal_rcc_ex.c ****     else
 257:Drivers/STM32L4xx_HAL_Driver/Src/stm32l4xx_hal_rcc_ex.c ****     {
 258:Drivers/STM32L4xx_HAL_Driver/Src/stm32l4xx_hal_rcc_ex.c ****       /* set overall return value */
ARM GAS  /tmp/cc4nR4Y7.s 			page 6


 259:Drivers/STM32L4xx_HAL_Driver/Src/stm32l4xx_hal_rcc_ex.c ****       status = ret;
 260:Drivers/STM32L4xx_HAL_Driver/Src/stm32l4xx_hal_rcc_ex.c ****     }
 261:Drivers/STM32L4xx_HAL_Driver/Src/stm32l4xx_hal_rcc_ex.c ****   }
 262:Drivers/STM32L4xx_HAL_Driver/Src/stm32l4xx_hal_rcc_ex.c **** 
 263:Drivers/STM32L4xx_HAL_Driver/Src/stm32l4xx_hal_rcc_ex.c **** #endif /* SAI1 */
 264:Drivers/STM32L4xx_HAL_Driver/Src/stm32l4xx_hal_rcc_ex.c **** 
 265:Drivers/STM32L4xx_HAL_Driver/Src/stm32l4xx_hal_rcc_ex.c **** #if defined(SAI2)
 266:Drivers/STM32L4xx_HAL_Driver/Src/stm32l4xx_hal_rcc_ex.c **** 
 267:Drivers/STM32L4xx_HAL_Driver/Src/stm32l4xx_hal_rcc_ex.c ****   /*-------------------------- SAI2 clock source configuration ---------------------*/
 268:Drivers/STM32L4xx_HAL_Driver/Src/stm32l4xx_hal_rcc_ex.c ****   if((((PeriphClkInit->PeriphClockSelection) & RCC_PERIPHCLK_SAI2) == RCC_PERIPHCLK_SAI2))
 269:Drivers/STM32L4xx_HAL_Driver/Src/stm32l4xx_hal_rcc_ex.c ****   {
 270:Drivers/STM32L4xx_HAL_Driver/Src/stm32l4xx_hal_rcc_ex.c ****     /* Check the parameters */
 271:Drivers/STM32L4xx_HAL_Driver/Src/stm32l4xx_hal_rcc_ex.c ****     assert_param(IS_RCC_SAI2CLK(PeriphClkInit->Sai2ClockSelection));
 272:Drivers/STM32L4xx_HAL_Driver/Src/stm32l4xx_hal_rcc_ex.c **** 
 273:Drivers/STM32L4xx_HAL_Driver/Src/stm32l4xx_hal_rcc_ex.c ****     switch(PeriphClkInit->Sai2ClockSelection)
 274:Drivers/STM32L4xx_HAL_Driver/Src/stm32l4xx_hal_rcc_ex.c ****     {
 275:Drivers/STM32L4xx_HAL_Driver/Src/stm32l4xx_hal_rcc_ex.c ****     case RCC_SAI2CLKSOURCE_PLL:      /* PLL is used as clock source for SAI2*/
 276:Drivers/STM32L4xx_HAL_Driver/Src/stm32l4xx_hal_rcc_ex.c ****       /* Enable SAI Clock output generated from System PLL . */
 277:Drivers/STM32L4xx_HAL_Driver/Src/stm32l4xx_hal_rcc_ex.c ****       __HAL_RCC_PLLCLKOUT_ENABLE(RCC_PLL_SAI3CLK);
 278:Drivers/STM32L4xx_HAL_Driver/Src/stm32l4xx_hal_rcc_ex.c ****       /* SAI2 clock source config set later after clock selection check */
 279:Drivers/STM32L4xx_HAL_Driver/Src/stm32l4xx_hal_rcc_ex.c ****       break;
 280:Drivers/STM32L4xx_HAL_Driver/Src/stm32l4xx_hal_rcc_ex.c **** 
 281:Drivers/STM32L4xx_HAL_Driver/Src/stm32l4xx_hal_rcc_ex.c ****     case RCC_SAI2CLKSOURCE_PLLSAI1: /* PLLSAI1 is used as clock source for SAI2*/
 282:Drivers/STM32L4xx_HAL_Driver/Src/stm32l4xx_hal_rcc_ex.c ****       /* PLLSAI1 input clock, parameters M, N & P configuration and clock output (PLLSAI1ClockOut) 
 283:Drivers/STM32L4xx_HAL_Driver/Src/stm32l4xx_hal_rcc_ex.c ****       ret = RCCEx_PLLSAI1_Config(&(PeriphClkInit->PLLSAI1), DIVIDER_P_UPDATE);
 284:Drivers/STM32L4xx_HAL_Driver/Src/stm32l4xx_hal_rcc_ex.c ****       /* SAI2 clock source config set later after clock selection check */
 285:Drivers/STM32L4xx_HAL_Driver/Src/stm32l4xx_hal_rcc_ex.c ****       break;
 286:Drivers/STM32L4xx_HAL_Driver/Src/stm32l4xx_hal_rcc_ex.c **** 
 287:Drivers/STM32L4xx_HAL_Driver/Src/stm32l4xx_hal_rcc_ex.c ****     case RCC_SAI2CLKSOURCE_PLLSAI2:  /* PLLSAI2 is used as clock source for SAI2*/
 288:Drivers/STM32L4xx_HAL_Driver/Src/stm32l4xx_hal_rcc_ex.c ****       /* PLLSAI2 input clock, parameters M, N & P configuration and clock output (PLLSAI2ClockOut) 
 289:Drivers/STM32L4xx_HAL_Driver/Src/stm32l4xx_hal_rcc_ex.c ****       ret = RCCEx_PLLSAI2_Config(&(PeriphClkInit->PLLSAI2), DIVIDER_P_UPDATE);
 290:Drivers/STM32L4xx_HAL_Driver/Src/stm32l4xx_hal_rcc_ex.c ****       /* SAI2 clock source config set later after clock selection check */
 291:Drivers/STM32L4xx_HAL_Driver/Src/stm32l4xx_hal_rcc_ex.c ****       break;
 292:Drivers/STM32L4xx_HAL_Driver/Src/stm32l4xx_hal_rcc_ex.c **** 
 293:Drivers/STM32L4xx_HAL_Driver/Src/stm32l4xx_hal_rcc_ex.c ****     case RCC_SAI2CLKSOURCE_PIN:      /* External clock is used as source of SAI2 clock*/
 294:Drivers/STM32L4xx_HAL_Driver/Src/stm32l4xx_hal_rcc_ex.c **** #if defined(STM32L4P5xx) || defined(STM32L4Q5xx) || defined(STM32L4R5xx) || defined(STM32L4R7xx) ||
 295:Drivers/STM32L4xx_HAL_Driver/Src/stm32l4xx_hal_rcc_ex.c ****     case RCC_SAI2CLKSOURCE_HSI:      /* HSI is used as source of SAI2 clock*/
 296:Drivers/STM32L4xx_HAL_Driver/Src/stm32l4xx_hal_rcc_ex.c **** #endif /* STM32L4P5xx || STM32L4Q5xx || STM32L4R5xx || STM32L4R7xx || STM32L4R9xx || STM32L4S5xx ||
 297:Drivers/STM32L4xx_HAL_Driver/Src/stm32l4xx_hal_rcc_ex.c ****       /* SAI2 clock source config set later after clock selection check */
 298:Drivers/STM32L4xx_HAL_Driver/Src/stm32l4xx_hal_rcc_ex.c ****       break;
 299:Drivers/STM32L4xx_HAL_Driver/Src/stm32l4xx_hal_rcc_ex.c **** 
 300:Drivers/STM32L4xx_HAL_Driver/Src/stm32l4xx_hal_rcc_ex.c ****     default:
 301:Drivers/STM32L4xx_HAL_Driver/Src/stm32l4xx_hal_rcc_ex.c ****       ret = HAL_ERROR;
 302:Drivers/STM32L4xx_HAL_Driver/Src/stm32l4xx_hal_rcc_ex.c ****       break;
 303:Drivers/STM32L4xx_HAL_Driver/Src/stm32l4xx_hal_rcc_ex.c ****     }
 304:Drivers/STM32L4xx_HAL_Driver/Src/stm32l4xx_hal_rcc_ex.c **** 
 305:Drivers/STM32L4xx_HAL_Driver/Src/stm32l4xx_hal_rcc_ex.c ****     if(ret == HAL_OK)
 306:Drivers/STM32L4xx_HAL_Driver/Src/stm32l4xx_hal_rcc_ex.c ****     {
 307:Drivers/STM32L4xx_HAL_Driver/Src/stm32l4xx_hal_rcc_ex.c ****       /* Set the source of SAI2 clock*/
 308:Drivers/STM32L4xx_HAL_Driver/Src/stm32l4xx_hal_rcc_ex.c ****       __HAL_RCC_SAI2_CONFIG(PeriphClkInit->Sai2ClockSelection);
 309:Drivers/STM32L4xx_HAL_Driver/Src/stm32l4xx_hal_rcc_ex.c ****     }
 310:Drivers/STM32L4xx_HAL_Driver/Src/stm32l4xx_hal_rcc_ex.c ****     else
 311:Drivers/STM32L4xx_HAL_Driver/Src/stm32l4xx_hal_rcc_ex.c ****     {
 312:Drivers/STM32L4xx_HAL_Driver/Src/stm32l4xx_hal_rcc_ex.c ****       /* set overall return value */
 313:Drivers/STM32L4xx_HAL_Driver/Src/stm32l4xx_hal_rcc_ex.c ****       status = ret;
 314:Drivers/STM32L4xx_HAL_Driver/Src/stm32l4xx_hal_rcc_ex.c ****     }
 315:Drivers/STM32L4xx_HAL_Driver/Src/stm32l4xx_hal_rcc_ex.c ****   }
ARM GAS  /tmp/cc4nR4Y7.s 			page 7


 316:Drivers/STM32L4xx_HAL_Driver/Src/stm32l4xx_hal_rcc_ex.c **** #endif /* SAI2 */
 317:Drivers/STM32L4xx_HAL_Driver/Src/stm32l4xx_hal_rcc_ex.c **** 
 318:Drivers/STM32L4xx_HAL_Driver/Src/stm32l4xx_hal_rcc_ex.c ****   /*-------------------------- RTC clock source configuration ----------------------*/
 319:Drivers/STM32L4xx_HAL_Driver/Src/stm32l4xx_hal_rcc_ex.c ****   if((PeriphClkInit->PeriphClockSelection & RCC_PERIPHCLK_RTC) == RCC_PERIPHCLK_RTC)
 320:Drivers/STM32L4xx_HAL_Driver/Src/stm32l4xx_hal_rcc_ex.c ****   {
 321:Drivers/STM32L4xx_HAL_Driver/Src/stm32l4xx_hal_rcc_ex.c ****     FlagStatus       pwrclkchanged = RESET;
 322:Drivers/STM32L4xx_HAL_Driver/Src/stm32l4xx_hal_rcc_ex.c **** 
 323:Drivers/STM32L4xx_HAL_Driver/Src/stm32l4xx_hal_rcc_ex.c ****     /* Check for RTC Parameters used to output RTCCLK */
 324:Drivers/STM32L4xx_HAL_Driver/Src/stm32l4xx_hal_rcc_ex.c ****     assert_param(IS_RCC_RTCCLKSOURCE(PeriphClkInit->RTCClockSelection));
 325:Drivers/STM32L4xx_HAL_Driver/Src/stm32l4xx_hal_rcc_ex.c **** 
 326:Drivers/STM32L4xx_HAL_Driver/Src/stm32l4xx_hal_rcc_ex.c ****     /* Enable Power Clock */
 327:Drivers/STM32L4xx_HAL_Driver/Src/stm32l4xx_hal_rcc_ex.c ****     if(__HAL_RCC_PWR_IS_CLK_DISABLED() != 0U)
 328:Drivers/STM32L4xx_HAL_Driver/Src/stm32l4xx_hal_rcc_ex.c ****     {
 329:Drivers/STM32L4xx_HAL_Driver/Src/stm32l4xx_hal_rcc_ex.c ****       __HAL_RCC_PWR_CLK_ENABLE();
 330:Drivers/STM32L4xx_HAL_Driver/Src/stm32l4xx_hal_rcc_ex.c ****       pwrclkchanged = SET;
 331:Drivers/STM32L4xx_HAL_Driver/Src/stm32l4xx_hal_rcc_ex.c ****     }
 332:Drivers/STM32L4xx_HAL_Driver/Src/stm32l4xx_hal_rcc_ex.c **** 
 333:Drivers/STM32L4xx_HAL_Driver/Src/stm32l4xx_hal_rcc_ex.c ****     /* Enable write access to Backup domain */
 334:Drivers/STM32L4xx_HAL_Driver/Src/stm32l4xx_hal_rcc_ex.c ****     SET_BIT(PWR->CR1, PWR_CR1_DBP);
 335:Drivers/STM32L4xx_HAL_Driver/Src/stm32l4xx_hal_rcc_ex.c **** 
 336:Drivers/STM32L4xx_HAL_Driver/Src/stm32l4xx_hal_rcc_ex.c ****     /* Wait for Backup domain Write protection disable */
 337:Drivers/STM32L4xx_HAL_Driver/Src/stm32l4xx_hal_rcc_ex.c ****     tickstart = HAL_GetTick();
 338:Drivers/STM32L4xx_HAL_Driver/Src/stm32l4xx_hal_rcc_ex.c **** 
 339:Drivers/STM32L4xx_HAL_Driver/Src/stm32l4xx_hal_rcc_ex.c ****     while(READ_BIT(PWR->CR1, PWR_CR1_DBP) == 0U)
 340:Drivers/STM32L4xx_HAL_Driver/Src/stm32l4xx_hal_rcc_ex.c ****     {
 341:Drivers/STM32L4xx_HAL_Driver/Src/stm32l4xx_hal_rcc_ex.c ****       if((HAL_GetTick() - tickstart) > RCC_DBP_TIMEOUT_VALUE)
 342:Drivers/STM32L4xx_HAL_Driver/Src/stm32l4xx_hal_rcc_ex.c ****       {
 343:Drivers/STM32L4xx_HAL_Driver/Src/stm32l4xx_hal_rcc_ex.c ****         ret = HAL_TIMEOUT;
 344:Drivers/STM32L4xx_HAL_Driver/Src/stm32l4xx_hal_rcc_ex.c ****         break;
 345:Drivers/STM32L4xx_HAL_Driver/Src/stm32l4xx_hal_rcc_ex.c ****       }
 346:Drivers/STM32L4xx_HAL_Driver/Src/stm32l4xx_hal_rcc_ex.c ****     }
 347:Drivers/STM32L4xx_HAL_Driver/Src/stm32l4xx_hal_rcc_ex.c **** 
 348:Drivers/STM32L4xx_HAL_Driver/Src/stm32l4xx_hal_rcc_ex.c ****     if(ret == HAL_OK)
 349:Drivers/STM32L4xx_HAL_Driver/Src/stm32l4xx_hal_rcc_ex.c ****     {
 350:Drivers/STM32L4xx_HAL_Driver/Src/stm32l4xx_hal_rcc_ex.c ****       /* Reset the Backup domain only if the RTC Clock source selection is modified from default */
 351:Drivers/STM32L4xx_HAL_Driver/Src/stm32l4xx_hal_rcc_ex.c ****       tmpregister = READ_BIT(RCC->BDCR, RCC_BDCR_RTCSEL);
 352:Drivers/STM32L4xx_HAL_Driver/Src/stm32l4xx_hal_rcc_ex.c **** 
 353:Drivers/STM32L4xx_HAL_Driver/Src/stm32l4xx_hal_rcc_ex.c ****       if((tmpregister != RCC_RTCCLKSOURCE_NONE) && (tmpregister != PeriphClkInit->RTCClockSelection
 354:Drivers/STM32L4xx_HAL_Driver/Src/stm32l4xx_hal_rcc_ex.c ****       {
 355:Drivers/STM32L4xx_HAL_Driver/Src/stm32l4xx_hal_rcc_ex.c ****         /* Store the content of BDCR register before the reset of Backup Domain */
 356:Drivers/STM32L4xx_HAL_Driver/Src/stm32l4xx_hal_rcc_ex.c ****         tmpregister = READ_BIT(RCC->BDCR, ~(RCC_BDCR_RTCSEL));
 357:Drivers/STM32L4xx_HAL_Driver/Src/stm32l4xx_hal_rcc_ex.c ****         /* RTC Clock selection can be changed only if the Backup Domain is reset */
 358:Drivers/STM32L4xx_HAL_Driver/Src/stm32l4xx_hal_rcc_ex.c ****         __HAL_RCC_BACKUPRESET_FORCE();
 359:Drivers/STM32L4xx_HAL_Driver/Src/stm32l4xx_hal_rcc_ex.c ****         __HAL_RCC_BACKUPRESET_RELEASE();
 360:Drivers/STM32L4xx_HAL_Driver/Src/stm32l4xx_hal_rcc_ex.c ****         /* Restore the Content of BDCR register */
 361:Drivers/STM32L4xx_HAL_Driver/Src/stm32l4xx_hal_rcc_ex.c ****         RCC->BDCR = tmpregister;
 362:Drivers/STM32L4xx_HAL_Driver/Src/stm32l4xx_hal_rcc_ex.c ****       }
 363:Drivers/STM32L4xx_HAL_Driver/Src/stm32l4xx_hal_rcc_ex.c **** 
 364:Drivers/STM32L4xx_HAL_Driver/Src/stm32l4xx_hal_rcc_ex.c ****       /* Wait for LSE reactivation if LSE was enable prior to Backup Domain reset */
 365:Drivers/STM32L4xx_HAL_Driver/Src/stm32l4xx_hal_rcc_ex.c ****       if (HAL_IS_BIT_SET(tmpregister, RCC_BDCR_LSEON))
 366:Drivers/STM32L4xx_HAL_Driver/Src/stm32l4xx_hal_rcc_ex.c ****       {
 367:Drivers/STM32L4xx_HAL_Driver/Src/stm32l4xx_hal_rcc_ex.c ****         /* Get Start Tick*/
 368:Drivers/STM32L4xx_HAL_Driver/Src/stm32l4xx_hal_rcc_ex.c ****         tickstart = HAL_GetTick();
 369:Drivers/STM32L4xx_HAL_Driver/Src/stm32l4xx_hal_rcc_ex.c **** 
 370:Drivers/STM32L4xx_HAL_Driver/Src/stm32l4xx_hal_rcc_ex.c ****         /* Wait till LSE is ready */
 371:Drivers/STM32L4xx_HAL_Driver/Src/stm32l4xx_hal_rcc_ex.c ****         while(READ_BIT(RCC->BDCR, RCC_BDCR_LSERDY) == 0U)
 372:Drivers/STM32L4xx_HAL_Driver/Src/stm32l4xx_hal_rcc_ex.c ****         {
ARM GAS  /tmp/cc4nR4Y7.s 			page 8


 373:Drivers/STM32L4xx_HAL_Driver/Src/stm32l4xx_hal_rcc_ex.c ****           if((HAL_GetTick() - tickstart) > RCC_LSE_TIMEOUT_VALUE)
 374:Drivers/STM32L4xx_HAL_Driver/Src/stm32l4xx_hal_rcc_ex.c ****           {
 375:Drivers/STM32L4xx_HAL_Driver/Src/stm32l4xx_hal_rcc_ex.c ****             ret = HAL_TIMEOUT;
 376:Drivers/STM32L4xx_HAL_Driver/Src/stm32l4xx_hal_rcc_ex.c ****             break;
 377:Drivers/STM32L4xx_HAL_Driver/Src/stm32l4xx_hal_rcc_ex.c ****           }
 378:Drivers/STM32L4xx_HAL_Driver/Src/stm32l4xx_hal_rcc_ex.c ****         }
 379:Drivers/STM32L4xx_HAL_Driver/Src/stm32l4xx_hal_rcc_ex.c ****       }
 380:Drivers/STM32L4xx_HAL_Driver/Src/stm32l4xx_hal_rcc_ex.c **** 
 381:Drivers/STM32L4xx_HAL_Driver/Src/stm32l4xx_hal_rcc_ex.c ****       if(ret == HAL_OK)
 382:Drivers/STM32L4xx_HAL_Driver/Src/stm32l4xx_hal_rcc_ex.c ****       {
 383:Drivers/STM32L4xx_HAL_Driver/Src/stm32l4xx_hal_rcc_ex.c ****         /* Apply new RTC clock source selection */
 384:Drivers/STM32L4xx_HAL_Driver/Src/stm32l4xx_hal_rcc_ex.c ****         __HAL_RCC_RTC_CONFIG(PeriphClkInit->RTCClockSelection);
 385:Drivers/STM32L4xx_HAL_Driver/Src/stm32l4xx_hal_rcc_ex.c ****       }
 386:Drivers/STM32L4xx_HAL_Driver/Src/stm32l4xx_hal_rcc_ex.c ****       else
 387:Drivers/STM32L4xx_HAL_Driver/Src/stm32l4xx_hal_rcc_ex.c ****       {
 388:Drivers/STM32L4xx_HAL_Driver/Src/stm32l4xx_hal_rcc_ex.c ****         /* set overall return value */
 389:Drivers/STM32L4xx_HAL_Driver/Src/stm32l4xx_hal_rcc_ex.c ****         status = ret;
 390:Drivers/STM32L4xx_HAL_Driver/Src/stm32l4xx_hal_rcc_ex.c ****       }
 391:Drivers/STM32L4xx_HAL_Driver/Src/stm32l4xx_hal_rcc_ex.c ****     }
 392:Drivers/STM32L4xx_HAL_Driver/Src/stm32l4xx_hal_rcc_ex.c ****     else
 393:Drivers/STM32L4xx_HAL_Driver/Src/stm32l4xx_hal_rcc_ex.c ****     {
 394:Drivers/STM32L4xx_HAL_Driver/Src/stm32l4xx_hal_rcc_ex.c ****       /* set overall return value */
 395:Drivers/STM32L4xx_HAL_Driver/Src/stm32l4xx_hal_rcc_ex.c ****       status = ret;
 396:Drivers/STM32L4xx_HAL_Driver/Src/stm32l4xx_hal_rcc_ex.c ****     }
 397:Drivers/STM32L4xx_HAL_Driver/Src/stm32l4xx_hal_rcc_ex.c **** 
 398:Drivers/STM32L4xx_HAL_Driver/Src/stm32l4xx_hal_rcc_ex.c ****     /* Restore clock configuration if changed */
 399:Drivers/STM32L4xx_HAL_Driver/Src/stm32l4xx_hal_rcc_ex.c ****     if(pwrclkchanged == SET)
 400:Drivers/STM32L4xx_HAL_Driver/Src/stm32l4xx_hal_rcc_ex.c ****     {
 401:Drivers/STM32L4xx_HAL_Driver/Src/stm32l4xx_hal_rcc_ex.c ****       __HAL_RCC_PWR_CLK_DISABLE();
 402:Drivers/STM32L4xx_HAL_Driver/Src/stm32l4xx_hal_rcc_ex.c ****     }
 403:Drivers/STM32L4xx_HAL_Driver/Src/stm32l4xx_hal_rcc_ex.c ****   }
 404:Drivers/STM32L4xx_HAL_Driver/Src/stm32l4xx_hal_rcc_ex.c **** 
 405:Drivers/STM32L4xx_HAL_Driver/Src/stm32l4xx_hal_rcc_ex.c ****   /*-------------------------- USART1 clock source configuration -------------------*/
 406:Drivers/STM32L4xx_HAL_Driver/Src/stm32l4xx_hal_rcc_ex.c ****   if(((PeriphClkInit->PeriphClockSelection) & RCC_PERIPHCLK_USART1) == RCC_PERIPHCLK_USART1)
 407:Drivers/STM32L4xx_HAL_Driver/Src/stm32l4xx_hal_rcc_ex.c ****   {
 408:Drivers/STM32L4xx_HAL_Driver/Src/stm32l4xx_hal_rcc_ex.c ****     /* Check the parameters */
 409:Drivers/STM32L4xx_HAL_Driver/Src/stm32l4xx_hal_rcc_ex.c ****     assert_param(IS_RCC_USART1CLKSOURCE(PeriphClkInit->Usart1ClockSelection));
 410:Drivers/STM32L4xx_HAL_Driver/Src/stm32l4xx_hal_rcc_ex.c **** 
 411:Drivers/STM32L4xx_HAL_Driver/Src/stm32l4xx_hal_rcc_ex.c ****     /* Configure the USART1 clock source */
 412:Drivers/STM32L4xx_HAL_Driver/Src/stm32l4xx_hal_rcc_ex.c ****     __HAL_RCC_USART1_CONFIG(PeriphClkInit->Usart1ClockSelection);
 413:Drivers/STM32L4xx_HAL_Driver/Src/stm32l4xx_hal_rcc_ex.c ****   }
 414:Drivers/STM32L4xx_HAL_Driver/Src/stm32l4xx_hal_rcc_ex.c **** 
 415:Drivers/STM32L4xx_HAL_Driver/Src/stm32l4xx_hal_rcc_ex.c ****   /*-------------------------- USART2 clock source configuration -------------------*/
 416:Drivers/STM32L4xx_HAL_Driver/Src/stm32l4xx_hal_rcc_ex.c ****   if(((PeriphClkInit->PeriphClockSelection) & RCC_PERIPHCLK_USART2) == RCC_PERIPHCLK_USART2)
 417:Drivers/STM32L4xx_HAL_Driver/Src/stm32l4xx_hal_rcc_ex.c ****   {
 418:Drivers/STM32L4xx_HAL_Driver/Src/stm32l4xx_hal_rcc_ex.c ****     /* Check the parameters */
 419:Drivers/STM32L4xx_HAL_Driver/Src/stm32l4xx_hal_rcc_ex.c ****     assert_param(IS_RCC_USART2CLKSOURCE(PeriphClkInit->Usart2ClockSelection));
 420:Drivers/STM32L4xx_HAL_Driver/Src/stm32l4xx_hal_rcc_ex.c **** 
 421:Drivers/STM32L4xx_HAL_Driver/Src/stm32l4xx_hal_rcc_ex.c ****     /* Configure the USART2 clock source */
 422:Drivers/STM32L4xx_HAL_Driver/Src/stm32l4xx_hal_rcc_ex.c ****     __HAL_RCC_USART2_CONFIG(PeriphClkInit->Usart2ClockSelection);
 423:Drivers/STM32L4xx_HAL_Driver/Src/stm32l4xx_hal_rcc_ex.c ****   }
 424:Drivers/STM32L4xx_HAL_Driver/Src/stm32l4xx_hal_rcc_ex.c **** 
 425:Drivers/STM32L4xx_HAL_Driver/Src/stm32l4xx_hal_rcc_ex.c **** #if defined(USART3)
 426:Drivers/STM32L4xx_HAL_Driver/Src/stm32l4xx_hal_rcc_ex.c **** 
 427:Drivers/STM32L4xx_HAL_Driver/Src/stm32l4xx_hal_rcc_ex.c ****   /*-------------------------- USART3 clock source configuration -------------------*/
 428:Drivers/STM32L4xx_HAL_Driver/Src/stm32l4xx_hal_rcc_ex.c ****   if(((PeriphClkInit->PeriphClockSelection) & RCC_PERIPHCLK_USART3) == RCC_PERIPHCLK_USART3)
 429:Drivers/STM32L4xx_HAL_Driver/Src/stm32l4xx_hal_rcc_ex.c ****   {
ARM GAS  /tmp/cc4nR4Y7.s 			page 9


 430:Drivers/STM32L4xx_HAL_Driver/Src/stm32l4xx_hal_rcc_ex.c ****     /* Check the parameters */
 431:Drivers/STM32L4xx_HAL_Driver/Src/stm32l4xx_hal_rcc_ex.c ****     assert_param(IS_RCC_USART3CLKSOURCE(PeriphClkInit->Usart3ClockSelection));
 432:Drivers/STM32L4xx_HAL_Driver/Src/stm32l4xx_hal_rcc_ex.c **** 
 433:Drivers/STM32L4xx_HAL_Driver/Src/stm32l4xx_hal_rcc_ex.c ****     /* Configure the USART3 clock source */
 434:Drivers/STM32L4xx_HAL_Driver/Src/stm32l4xx_hal_rcc_ex.c ****     __HAL_RCC_USART3_CONFIG(PeriphClkInit->Usart3ClockSelection);
 435:Drivers/STM32L4xx_HAL_Driver/Src/stm32l4xx_hal_rcc_ex.c ****   }
 436:Drivers/STM32L4xx_HAL_Driver/Src/stm32l4xx_hal_rcc_ex.c **** 
 437:Drivers/STM32L4xx_HAL_Driver/Src/stm32l4xx_hal_rcc_ex.c **** #endif /* USART3 */
 438:Drivers/STM32L4xx_HAL_Driver/Src/stm32l4xx_hal_rcc_ex.c **** 
 439:Drivers/STM32L4xx_HAL_Driver/Src/stm32l4xx_hal_rcc_ex.c **** #if defined(UART4)
 440:Drivers/STM32L4xx_HAL_Driver/Src/stm32l4xx_hal_rcc_ex.c **** 
 441:Drivers/STM32L4xx_HAL_Driver/Src/stm32l4xx_hal_rcc_ex.c ****   /*-------------------------- UART4 clock source configuration --------------------*/
 442:Drivers/STM32L4xx_HAL_Driver/Src/stm32l4xx_hal_rcc_ex.c ****   if(((PeriphClkInit->PeriphClockSelection) & RCC_PERIPHCLK_UART4) == RCC_PERIPHCLK_UART4)
 443:Drivers/STM32L4xx_HAL_Driver/Src/stm32l4xx_hal_rcc_ex.c ****   {
 444:Drivers/STM32L4xx_HAL_Driver/Src/stm32l4xx_hal_rcc_ex.c ****     /* Check the parameters */
 445:Drivers/STM32L4xx_HAL_Driver/Src/stm32l4xx_hal_rcc_ex.c ****     assert_param(IS_RCC_UART4CLKSOURCE(PeriphClkInit->Uart4ClockSelection));
 446:Drivers/STM32L4xx_HAL_Driver/Src/stm32l4xx_hal_rcc_ex.c **** 
 447:Drivers/STM32L4xx_HAL_Driver/Src/stm32l4xx_hal_rcc_ex.c ****     /* Configure the UART4 clock source */
 448:Drivers/STM32L4xx_HAL_Driver/Src/stm32l4xx_hal_rcc_ex.c ****     __HAL_RCC_UART4_CONFIG(PeriphClkInit->Uart4ClockSelection);
 449:Drivers/STM32L4xx_HAL_Driver/Src/stm32l4xx_hal_rcc_ex.c ****   }
 450:Drivers/STM32L4xx_HAL_Driver/Src/stm32l4xx_hal_rcc_ex.c **** 
 451:Drivers/STM32L4xx_HAL_Driver/Src/stm32l4xx_hal_rcc_ex.c **** #endif /* UART4 */
 452:Drivers/STM32L4xx_HAL_Driver/Src/stm32l4xx_hal_rcc_ex.c **** 
 453:Drivers/STM32L4xx_HAL_Driver/Src/stm32l4xx_hal_rcc_ex.c **** #if defined(UART5)
 454:Drivers/STM32L4xx_HAL_Driver/Src/stm32l4xx_hal_rcc_ex.c **** 
 455:Drivers/STM32L4xx_HAL_Driver/Src/stm32l4xx_hal_rcc_ex.c ****   /*-------------------------- UART5 clock source configuration --------------------*/
 456:Drivers/STM32L4xx_HAL_Driver/Src/stm32l4xx_hal_rcc_ex.c ****   if(((PeriphClkInit->PeriphClockSelection) & RCC_PERIPHCLK_UART5) == RCC_PERIPHCLK_UART5)
 457:Drivers/STM32L4xx_HAL_Driver/Src/stm32l4xx_hal_rcc_ex.c ****   {
 458:Drivers/STM32L4xx_HAL_Driver/Src/stm32l4xx_hal_rcc_ex.c ****     /* Check the parameters */
 459:Drivers/STM32L4xx_HAL_Driver/Src/stm32l4xx_hal_rcc_ex.c ****     assert_param(IS_RCC_UART5CLKSOURCE(PeriphClkInit->Uart5ClockSelection));
 460:Drivers/STM32L4xx_HAL_Driver/Src/stm32l4xx_hal_rcc_ex.c **** 
 461:Drivers/STM32L4xx_HAL_Driver/Src/stm32l4xx_hal_rcc_ex.c ****     /* Configure the UART5 clock source */
 462:Drivers/STM32L4xx_HAL_Driver/Src/stm32l4xx_hal_rcc_ex.c ****     __HAL_RCC_UART5_CONFIG(PeriphClkInit->Uart5ClockSelection);
 463:Drivers/STM32L4xx_HAL_Driver/Src/stm32l4xx_hal_rcc_ex.c ****   }
 464:Drivers/STM32L4xx_HAL_Driver/Src/stm32l4xx_hal_rcc_ex.c **** 
 465:Drivers/STM32L4xx_HAL_Driver/Src/stm32l4xx_hal_rcc_ex.c **** #endif /* UART5 */
 466:Drivers/STM32L4xx_HAL_Driver/Src/stm32l4xx_hal_rcc_ex.c **** 
 467:Drivers/STM32L4xx_HAL_Driver/Src/stm32l4xx_hal_rcc_ex.c ****   /*-------------------------- LPUART1 clock source configuration ------------------*/
 468:Drivers/STM32L4xx_HAL_Driver/Src/stm32l4xx_hal_rcc_ex.c ****   if(((PeriphClkInit->PeriphClockSelection) & RCC_PERIPHCLK_LPUART1) == RCC_PERIPHCLK_LPUART1)
 469:Drivers/STM32L4xx_HAL_Driver/Src/stm32l4xx_hal_rcc_ex.c ****   {
 470:Drivers/STM32L4xx_HAL_Driver/Src/stm32l4xx_hal_rcc_ex.c ****     /* Check the parameters */
 471:Drivers/STM32L4xx_HAL_Driver/Src/stm32l4xx_hal_rcc_ex.c ****     assert_param(IS_RCC_LPUART1CLKSOURCE(PeriphClkInit->Lpuart1ClockSelection));
 472:Drivers/STM32L4xx_HAL_Driver/Src/stm32l4xx_hal_rcc_ex.c **** 
 473:Drivers/STM32L4xx_HAL_Driver/Src/stm32l4xx_hal_rcc_ex.c ****     /* Configure the LPUART1 clock source */
 474:Drivers/STM32L4xx_HAL_Driver/Src/stm32l4xx_hal_rcc_ex.c ****     __HAL_RCC_LPUART1_CONFIG(PeriphClkInit->Lpuart1ClockSelection);
 475:Drivers/STM32L4xx_HAL_Driver/Src/stm32l4xx_hal_rcc_ex.c ****   }
 476:Drivers/STM32L4xx_HAL_Driver/Src/stm32l4xx_hal_rcc_ex.c **** 
 477:Drivers/STM32L4xx_HAL_Driver/Src/stm32l4xx_hal_rcc_ex.c ****   /*-------------------------- LPTIM1 clock source configuration -------------------*/
 478:Drivers/STM32L4xx_HAL_Driver/Src/stm32l4xx_hal_rcc_ex.c ****   if(((PeriphClkInit->PeriphClockSelection) & RCC_PERIPHCLK_LPTIM1) == (RCC_PERIPHCLK_LPTIM1))
 479:Drivers/STM32L4xx_HAL_Driver/Src/stm32l4xx_hal_rcc_ex.c ****   {
 480:Drivers/STM32L4xx_HAL_Driver/Src/stm32l4xx_hal_rcc_ex.c ****     assert_param(IS_RCC_LPTIM1CLK(PeriphClkInit->Lptim1ClockSelection));
 481:Drivers/STM32L4xx_HAL_Driver/Src/stm32l4xx_hal_rcc_ex.c ****     __HAL_RCC_LPTIM1_CONFIG(PeriphClkInit->Lptim1ClockSelection);
 482:Drivers/STM32L4xx_HAL_Driver/Src/stm32l4xx_hal_rcc_ex.c ****   }
 483:Drivers/STM32L4xx_HAL_Driver/Src/stm32l4xx_hal_rcc_ex.c **** 
 484:Drivers/STM32L4xx_HAL_Driver/Src/stm32l4xx_hal_rcc_ex.c ****   /*-------------------------- LPTIM2 clock source configuration -------------------*/
 485:Drivers/STM32L4xx_HAL_Driver/Src/stm32l4xx_hal_rcc_ex.c ****   if(((PeriphClkInit->PeriphClockSelection) & RCC_PERIPHCLK_LPTIM2) == (RCC_PERIPHCLK_LPTIM2))
 486:Drivers/STM32L4xx_HAL_Driver/Src/stm32l4xx_hal_rcc_ex.c ****   {
ARM GAS  /tmp/cc4nR4Y7.s 			page 10


 487:Drivers/STM32L4xx_HAL_Driver/Src/stm32l4xx_hal_rcc_ex.c ****     assert_param(IS_RCC_LPTIM2CLK(PeriphClkInit->Lptim2ClockSelection));
 488:Drivers/STM32L4xx_HAL_Driver/Src/stm32l4xx_hal_rcc_ex.c ****     __HAL_RCC_LPTIM2_CONFIG(PeriphClkInit->Lptim2ClockSelection);
 489:Drivers/STM32L4xx_HAL_Driver/Src/stm32l4xx_hal_rcc_ex.c ****   }
 490:Drivers/STM32L4xx_HAL_Driver/Src/stm32l4xx_hal_rcc_ex.c **** 
 491:Drivers/STM32L4xx_HAL_Driver/Src/stm32l4xx_hal_rcc_ex.c ****   /*-------------------------- I2C1 clock source configuration ---------------------*/
 492:Drivers/STM32L4xx_HAL_Driver/Src/stm32l4xx_hal_rcc_ex.c ****   if(((PeriphClkInit->PeriphClockSelection) & RCC_PERIPHCLK_I2C1) == RCC_PERIPHCLK_I2C1)
 493:Drivers/STM32L4xx_HAL_Driver/Src/stm32l4xx_hal_rcc_ex.c ****   {
 494:Drivers/STM32L4xx_HAL_Driver/Src/stm32l4xx_hal_rcc_ex.c ****     /* Check the parameters */
 495:Drivers/STM32L4xx_HAL_Driver/Src/stm32l4xx_hal_rcc_ex.c ****     assert_param(IS_RCC_I2C1CLKSOURCE(PeriphClkInit->I2c1ClockSelection));
 496:Drivers/STM32L4xx_HAL_Driver/Src/stm32l4xx_hal_rcc_ex.c **** 
 497:Drivers/STM32L4xx_HAL_Driver/Src/stm32l4xx_hal_rcc_ex.c ****     /* Configure the I2C1 clock source */
 498:Drivers/STM32L4xx_HAL_Driver/Src/stm32l4xx_hal_rcc_ex.c ****     __HAL_RCC_I2C1_CONFIG(PeriphClkInit->I2c1ClockSelection);
 499:Drivers/STM32L4xx_HAL_Driver/Src/stm32l4xx_hal_rcc_ex.c ****   }
 500:Drivers/STM32L4xx_HAL_Driver/Src/stm32l4xx_hal_rcc_ex.c **** 
 501:Drivers/STM32L4xx_HAL_Driver/Src/stm32l4xx_hal_rcc_ex.c **** #if defined(I2C2)
 502:Drivers/STM32L4xx_HAL_Driver/Src/stm32l4xx_hal_rcc_ex.c **** 
 503:Drivers/STM32L4xx_HAL_Driver/Src/stm32l4xx_hal_rcc_ex.c ****   /*-------------------------- I2C2 clock source configuration ---------------------*/
 504:Drivers/STM32L4xx_HAL_Driver/Src/stm32l4xx_hal_rcc_ex.c ****   if(((PeriphClkInit->PeriphClockSelection) & RCC_PERIPHCLK_I2C2) == RCC_PERIPHCLK_I2C2)
 505:Drivers/STM32L4xx_HAL_Driver/Src/stm32l4xx_hal_rcc_ex.c ****   {
 506:Drivers/STM32L4xx_HAL_Driver/Src/stm32l4xx_hal_rcc_ex.c ****     /* Check the parameters */
 507:Drivers/STM32L4xx_HAL_Driver/Src/stm32l4xx_hal_rcc_ex.c ****     assert_param(IS_RCC_I2C2CLKSOURCE(PeriphClkInit->I2c2ClockSelection));
 508:Drivers/STM32L4xx_HAL_Driver/Src/stm32l4xx_hal_rcc_ex.c **** 
 509:Drivers/STM32L4xx_HAL_Driver/Src/stm32l4xx_hal_rcc_ex.c ****     /* Configure the I2C2 clock source */
 510:Drivers/STM32L4xx_HAL_Driver/Src/stm32l4xx_hal_rcc_ex.c ****     __HAL_RCC_I2C2_CONFIG(PeriphClkInit->I2c2ClockSelection);
 511:Drivers/STM32L4xx_HAL_Driver/Src/stm32l4xx_hal_rcc_ex.c ****   }
 512:Drivers/STM32L4xx_HAL_Driver/Src/stm32l4xx_hal_rcc_ex.c **** 
 513:Drivers/STM32L4xx_HAL_Driver/Src/stm32l4xx_hal_rcc_ex.c **** #endif /* I2C2 */
 514:Drivers/STM32L4xx_HAL_Driver/Src/stm32l4xx_hal_rcc_ex.c **** 
 515:Drivers/STM32L4xx_HAL_Driver/Src/stm32l4xx_hal_rcc_ex.c ****   /*-------------------------- I2C3 clock source configuration ---------------------*/
 516:Drivers/STM32L4xx_HAL_Driver/Src/stm32l4xx_hal_rcc_ex.c ****   if(((PeriphClkInit->PeriphClockSelection) & RCC_PERIPHCLK_I2C3) == RCC_PERIPHCLK_I2C3)
 517:Drivers/STM32L4xx_HAL_Driver/Src/stm32l4xx_hal_rcc_ex.c ****   {
 518:Drivers/STM32L4xx_HAL_Driver/Src/stm32l4xx_hal_rcc_ex.c ****     /* Check the parameters */
 519:Drivers/STM32L4xx_HAL_Driver/Src/stm32l4xx_hal_rcc_ex.c ****     assert_param(IS_RCC_I2C3CLKSOURCE(PeriphClkInit->I2c3ClockSelection));
 520:Drivers/STM32L4xx_HAL_Driver/Src/stm32l4xx_hal_rcc_ex.c **** 
 521:Drivers/STM32L4xx_HAL_Driver/Src/stm32l4xx_hal_rcc_ex.c ****     /* Configure the I2C3 clock source */
 522:Drivers/STM32L4xx_HAL_Driver/Src/stm32l4xx_hal_rcc_ex.c ****     __HAL_RCC_I2C3_CONFIG(PeriphClkInit->I2c3ClockSelection);
 523:Drivers/STM32L4xx_HAL_Driver/Src/stm32l4xx_hal_rcc_ex.c ****   }
 524:Drivers/STM32L4xx_HAL_Driver/Src/stm32l4xx_hal_rcc_ex.c **** 
 525:Drivers/STM32L4xx_HAL_Driver/Src/stm32l4xx_hal_rcc_ex.c **** #if defined(I2C4)
 526:Drivers/STM32L4xx_HAL_Driver/Src/stm32l4xx_hal_rcc_ex.c **** 
 527:Drivers/STM32L4xx_HAL_Driver/Src/stm32l4xx_hal_rcc_ex.c ****   /*-------------------------- I2C4 clock source configuration ---------------------*/
 528:Drivers/STM32L4xx_HAL_Driver/Src/stm32l4xx_hal_rcc_ex.c ****   if(((PeriphClkInit->PeriphClockSelection) & RCC_PERIPHCLK_I2C4) == RCC_PERIPHCLK_I2C4)
 529:Drivers/STM32L4xx_HAL_Driver/Src/stm32l4xx_hal_rcc_ex.c ****   {
 530:Drivers/STM32L4xx_HAL_Driver/Src/stm32l4xx_hal_rcc_ex.c ****     /* Check the parameters */
 531:Drivers/STM32L4xx_HAL_Driver/Src/stm32l4xx_hal_rcc_ex.c ****     assert_param(IS_RCC_I2C4CLKSOURCE(PeriphClkInit->I2c4ClockSelection));
 532:Drivers/STM32L4xx_HAL_Driver/Src/stm32l4xx_hal_rcc_ex.c **** 
 533:Drivers/STM32L4xx_HAL_Driver/Src/stm32l4xx_hal_rcc_ex.c ****     /* Configure the I2C4 clock source */
 534:Drivers/STM32L4xx_HAL_Driver/Src/stm32l4xx_hal_rcc_ex.c ****     __HAL_RCC_I2C4_CONFIG(PeriphClkInit->I2c4ClockSelection);
 535:Drivers/STM32L4xx_HAL_Driver/Src/stm32l4xx_hal_rcc_ex.c ****   }
 536:Drivers/STM32L4xx_HAL_Driver/Src/stm32l4xx_hal_rcc_ex.c **** 
 537:Drivers/STM32L4xx_HAL_Driver/Src/stm32l4xx_hal_rcc_ex.c **** #endif /* I2C4 */
 538:Drivers/STM32L4xx_HAL_Driver/Src/stm32l4xx_hal_rcc_ex.c **** 
 539:Drivers/STM32L4xx_HAL_Driver/Src/stm32l4xx_hal_rcc_ex.c **** #if defined(USB_OTG_FS) || defined(USB)
 540:Drivers/STM32L4xx_HAL_Driver/Src/stm32l4xx_hal_rcc_ex.c **** 
 541:Drivers/STM32L4xx_HAL_Driver/Src/stm32l4xx_hal_rcc_ex.c ****   /*-------------------------- USB clock source configuration ----------------------*/
 542:Drivers/STM32L4xx_HAL_Driver/Src/stm32l4xx_hal_rcc_ex.c ****   if(((PeriphClkInit->PeriphClockSelection) & RCC_PERIPHCLK_USB) == (RCC_PERIPHCLK_USB))
 543:Drivers/STM32L4xx_HAL_Driver/Src/stm32l4xx_hal_rcc_ex.c ****   {
ARM GAS  /tmp/cc4nR4Y7.s 			page 11


 544:Drivers/STM32L4xx_HAL_Driver/Src/stm32l4xx_hal_rcc_ex.c ****     assert_param(IS_RCC_USBCLKSOURCE(PeriphClkInit->UsbClockSelection));
 545:Drivers/STM32L4xx_HAL_Driver/Src/stm32l4xx_hal_rcc_ex.c ****     __HAL_RCC_USB_CONFIG(PeriphClkInit->UsbClockSelection);
 546:Drivers/STM32L4xx_HAL_Driver/Src/stm32l4xx_hal_rcc_ex.c **** 
 547:Drivers/STM32L4xx_HAL_Driver/Src/stm32l4xx_hal_rcc_ex.c ****     if(PeriphClkInit->UsbClockSelection == RCC_USBCLKSOURCE_PLL)
 548:Drivers/STM32L4xx_HAL_Driver/Src/stm32l4xx_hal_rcc_ex.c ****     {
 549:Drivers/STM32L4xx_HAL_Driver/Src/stm32l4xx_hal_rcc_ex.c ****       /* Enable PLL48M1CLK output clock */
 550:Drivers/STM32L4xx_HAL_Driver/Src/stm32l4xx_hal_rcc_ex.c ****       __HAL_RCC_PLLCLKOUT_ENABLE(RCC_PLL_48M1CLK);
 551:Drivers/STM32L4xx_HAL_Driver/Src/stm32l4xx_hal_rcc_ex.c ****     }
 552:Drivers/STM32L4xx_HAL_Driver/Src/stm32l4xx_hal_rcc_ex.c ****     else
 553:Drivers/STM32L4xx_HAL_Driver/Src/stm32l4xx_hal_rcc_ex.c ****     {
 554:Drivers/STM32L4xx_HAL_Driver/Src/stm32l4xx_hal_rcc_ex.c **** #if defined(RCC_PLLSAI1_SUPPORT)
 555:Drivers/STM32L4xx_HAL_Driver/Src/stm32l4xx_hal_rcc_ex.c ****       if(PeriphClkInit->UsbClockSelection == RCC_USBCLKSOURCE_PLLSAI1)
 556:Drivers/STM32L4xx_HAL_Driver/Src/stm32l4xx_hal_rcc_ex.c ****       {
 557:Drivers/STM32L4xx_HAL_Driver/Src/stm32l4xx_hal_rcc_ex.c ****         /* PLLSAI1 input clock, parameters M, N & Q configuration and clock output (PLLSAI1ClockOut
 558:Drivers/STM32L4xx_HAL_Driver/Src/stm32l4xx_hal_rcc_ex.c ****         ret = RCCEx_PLLSAI1_Config(&(PeriphClkInit->PLLSAI1), DIVIDER_Q_UPDATE);
 559:Drivers/STM32L4xx_HAL_Driver/Src/stm32l4xx_hal_rcc_ex.c **** 
 560:Drivers/STM32L4xx_HAL_Driver/Src/stm32l4xx_hal_rcc_ex.c ****         if(ret != HAL_OK)
 561:Drivers/STM32L4xx_HAL_Driver/Src/stm32l4xx_hal_rcc_ex.c ****         {
 562:Drivers/STM32L4xx_HAL_Driver/Src/stm32l4xx_hal_rcc_ex.c ****           /* set overall return value */
 563:Drivers/STM32L4xx_HAL_Driver/Src/stm32l4xx_hal_rcc_ex.c ****           status = ret;
 564:Drivers/STM32L4xx_HAL_Driver/Src/stm32l4xx_hal_rcc_ex.c ****         }
 565:Drivers/STM32L4xx_HAL_Driver/Src/stm32l4xx_hal_rcc_ex.c ****       }
 566:Drivers/STM32L4xx_HAL_Driver/Src/stm32l4xx_hal_rcc_ex.c **** #endif /* RCC_PLLSAI1_SUPPORT */
 567:Drivers/STM32L4xx_HAL_Driver/Src/stm32l4xx_hal_rcc_ex.c ****     }
 568:Drivers/STM32L4xx_HAL_Driver/Src/stm32l4xx_hal_rcc_ex.c ****   }
 569:Drivers/STM32L4xx_HAL_Driver/Src/stm32l4xx_hal_rcc_ex.c **** 
 570:Drivers/STM32L4xx_HAL_Driver/Src/stm32l4xx_hal_rcc_ex.c **** #endif /* USB_OTG_FS || USB */
 571:Drivers/STM32L4xx_HAL_Driver/Src/stm32l4xx_hal_rcc_ex.c **** 
 572:Drivers/STM32L4xx_HAL_Driver/Src/stm32l4xx_hal_rcc_ex.c **** #if defined(SDMMC1)
 573:Drivers/STM32L4xx_HAL_Driver/Src/stm32l4xx_hal_rcc_ex.c **** 
 574:Drivers/STM32L4xx_HAL_Driver/Src/stm32l4xx_hal_rcc_ex.c ****   /*-------------------------- SDMMC1 clock source configuration -------------------*/
 575:Drivers/STM32L4xx_HAL_Driver/Src/stm32l4xx_hal_rcc_ex.c ****   if(((PeriphClkInit->PeriphClockSelection) & RCC_PERIPHCLK_SDMMC1) == (RCC_PERIPHCLK_SDMMC1))
 576:Drivers/STM32L4xx_HAL_Driver/Src/stm32l4xx_hal_rcc_ex.c ****   {
 577:Drivers/STM32L4xx_HAL_Driver/Src/stm32l4xx_hal_rcc_ex.c ****     assert_param(IS_RCC_SDMMC1CLKSOURCE(PeriphClkInit->Sdmmc1ClockSelection));
 578:Drivers/STM32L4xx_HAL_Driver/Src/stm32l4xx_hal_rcc_ex.c ****     __HAL_RCC_SDMMC1_CONFIG(PeriphClkInit->Sdmmc1ClockSelection);
 579:Drivers/STM32L4xx_HAL_Driver/Src/stm32l4xx_hal_rcc_ex.c **** 
 580:Drivers/STM32L4xx_HAL_Driver/Src/stm32l4xx_hal_rcc_ex.c ****     if(PeriphClkInit->Sdmmc1ClockSelection == RCC_SDMMC1CLKSOURCE_PLL)   /* PLL "Q" ? */
 581:Drivers/STM32L4xx_HAL_Driver/Src/stm32l4xx_hal_rcc_ex.c ****     {
 582:Drivers/STM32L4xx_HAL_Driver/Src/stm32l4xx_hal_rcc_ex.c ****       /* Enable PLL48M1CLK output clock */
 583:Drivers/STM32L4xx_HAL_Driver/Src/stm32l4xx_hal_rcc_ex.c ****       __HAL_RCC_PLLCLKOUT_ENABLE(RCC_PLL_48M1CLK);
 584:Drivers/STM32L4xx_HAL_Driver/Src/stm32l4xx_hal_rcc_ex.c ****     }
 585:Drivers/STM32L4xx_HAL_Driver/Src/stm32l4xx_hal_rcc_ex.c **** #if defined(RCC_CCIPR2_SDMMCSEL)
 586:Drivers/STM32L4xx_HAL_Driver/Src/stm32l4xx_hal_rcc_ex.c ****     else if(PeriphClkInit->Sdmmc1ClockSelection == RCC_SDMMC1CLKSOURCE_PLLP) /* PLL "P" ? */
 587:Drivers/STM32L4xx_HAL_Driver/Src/stm32l4xx_hal_rcc_ex.c ****     {
 588:Drivers/STM32L4xx_HAL_Driver/Src/stm32l4xx_hal_rcc_ex.c ****       /* Enable PLLSAI3CLK output */
 589:Drivers/STM32L4xx_HAL_Driver/Src/stm32l4xx_hal_rcc_ex.c ****       __HAL_RCC_PLLCLKOUT_ENABLE(RCC_PLL_SAI3CLK);
 590:Drivers/STM32L4xx_HAL_Driver/Src/stm32l4xx_hal_rcc_ex.c ****     }
 591:Drivers/STM32L4xx_HAL_Driver/Src/stm32l4xx_hal_rcc_ex.c **** #endif
 592:Drivers/STM32L4xx_HAL_Driver/Src/stm32l4xx_hal_rcc_ex.c ****     else if(PeriphClkInit->Sdmmc1ClockSelection == RCC_SDMMC1CLKSOURCE_PLLSAI1)
 593:Drivers/STM32L4xx_HAL_Driver/Src/stm32l4xx_hal_rcc_ex.c ****     {
 594:Drivers/STM32L4xx_HAL_Driver/Src/stm32l4xx_hal_rcc_ex.c ****       /* PLLSAI1 input clock, parameters M, N & Q configuration and clock output (PLLSAI1ClockOut) 
 595:Drivers/STM32L4xx_HAL_Driver/Src/stm32l4xx_hal_rcc_ex.c ****       ret = RCCEx_PLLSAI1_Config(&(PeriphClkInit->PLLSAI1), DIVIDER_Q_UPDATE);
 596:Drivers/STM32L4xx_HAL_Driver/Src/stm32l4xx_hal_rcc_ex.c **** 
 597:Drivers/STM32L4xx_HAL_Driver/Src/stm32l4xx_hal_rcc_ex.c ****       if(ret != HAL_OK)
 598:Drivers/STM32L4xx_HAL_Driver/Src/stm32l4xx_hal_rcc_ex.c ****       {
 599:Drivers/STM32L4xx_HAL_Driver/Src/stm32l4xx_hal_rcc_ex.c ****         /* set overall return value */
 600:Drivers/STM32L4xx_HAL_Driver/Src/stm32l4xx_hal_rcc_ex.c ****         status = ret;
ARM GAS  /tmp/cc4nR4Y7.s 			page 12


 601:Drivers/STM32L4xx_HAL_Driver/Src/stm32l4xx_hal_rcc_ex.c ****       }
 602:Drivers/STM32L4xx_HAL_Driver/Src/stm32l4xx_hal_rcc_ex.c ****     }
 603:Drivers/STM32L4xx_HAL_Driver/Src/stm32l4xx_hal_rcc_ex.c ****     else
 604:Drivers/STM32L4xx_HAL_Driver/Src/stm32l4xx_hal_rcc_ex.c ****     {
 605:Drivers/STM32L4xx_HAL_Driver/Src/stm32l4xx_hal_rcc_ex.c ****       /* nothing to do */
 606:Drivers/STM32L4xx_HAL_Driver/Src/stm32l4xx_hal_rcc_ex.c ****     }
 607:Drivers/STM32L4xx_HAL_Driver/Src/stm32l4xx_hal_rcc_ex.c ****   }
 608:Drivers/STM32L4xx_HAL_Driver/Src/stm32l4xx_hal_rcc_ex.c **** 
 609:Drivers/STM32L4xx_HAL_Driver/Src/stm32l4xx_hal_rcc_ex.c **** #endif /* SDMMC1 */
 610:Drivers/STM32L4xx_HAL_Driver/Src/stm32l4xx_hal_rcc_ex.c **** 
 611:Drivers/STM32L4xx_HAL_Driver/Src/stm32l4xx_hal_rcc_ex.c ****   /*-------------------------- RNG clock source configuration ----------------------*/
 612:Drivers/STM32L4xx_HAL_Driver/Src/stm32l4xx_hal_rcc_ex.c ****   if(((PeriphClkInit->PeriphClockSelection) & RCC_PERIPHCLK_RNG) == (RCC_PERIPHCLK_RNG))
 613:Drivers/STM32L4xx_HAL_Driver/Src/stm32l4xx_hal_rcc_ex.c ****   {
 614:Drivers/STM32L4xx_HAL_Driver/Src/stm32l4xx_hal_rcc_ex.c ****     assert_param(IS_RCC_RNGCLKSOURCE(PeriphClkInit->RngClockSelection));
 615:Drivers/STM32L4xx_HAL_Driver/Src/stm32l4xx_hal_rcc_ex.c ****     __HAL_RCC_RNG_CONFIG(PeriphClkInit->RngClockSelection);
 616:Drivers/STM32L4xx_HAL_Driver/Src/stm32l4xx_hal_rcc_ex.c **** 
 617:Drivers/STM32L4xx_HAL_Driver/Src/stm32l4xx_hal_rcc_ex.c ****     if(PeriphClkInit->RngClockSelection == RCC_RNGCLKSOURCE_PLL)
 618:Drivers/STM32L4xx_HAL_Driver/Src/stm32l4xx_hal_rcc_ex.c ****     {
 619:Drivers/STM32L4xx_HAL_Driver/Src/stm32l4xx_hal_rcc_ex.c ****       /* Enable PLL48M1CLK output clock */
 620:Drivers/STM32L4xx_HAL_Driver/Src/stm32l4xx_hal_rcc_ex.c ****       __HAL_RCC_PLLCLKOUT_ENABLE(RCC_PLL_48M1CLK);
 621:Drivers/STM32L4xx_HAL_Driver/Src/stm32l4xx_hal_rcc_ex.c ****     }
 622:Drivers/STM32L4xx_HAL_Driver/Src/stm32l4xx_hal_rcc_ex.c **** #if defined(RCC_PLLSAI1_SUPPORT)
 623:Drivers/STM32L4xx_HAL_Driver/Src/stm32l4xx_hal_rcc_ex.c ****     else if(PeriphClkInit->RngClockSelection == RCC_RNGCLKSOURCE_PLLSAI1)
 624:Drivers/STM32L4xx_HAL_Driver/Src/stm32l4xx_hal_rcc_ex.c ****     {
 625:Drivers/STM32L4xx_HAL_Driver/Src/stm32l4xx_hal_rcc_ex.c ****       /* PLLSAI1 input clock, parameters M, N & Q configuration and clock output (PLLSAI1ClockOut) 
 626:Drivers/STM32L4xx_HAL_Driver/Src/stm32l4xx_hal_rcc_ex.c ****       ret = RCCEx_PLLSAI1_Config(&(PeriphClkInit->PLLSAI1), DIVIDER_Q_UPDATE);
 627:Drivers/STM32L4xx_HAL_Driver/Src/stm32l4xx_hal_rcc_ex.c **** 
 628:Drivers/STM32L4xx_HAL_Driver/Src/stm32l4xx_hal_rcc_ex.c ****       if(ret != HAL_OK)
 629:Drivers/STM32L4xx_HAL_Driver/Src/stm32l4xx_hal_rcc_ex.c ****       {
 630:Drivers/STM32L4xx_HAL_Driver/Src/stm32l4xx_hal_rcc_ex.c ****         /* set overall return value */
 631:Drivers/STM32L4xx_HAL_Driver/Src/stm32l4xx_hal_rcc_ex.c ****         status = ret;
 632:Drivers/STM32L4xx_HAL_Driver/Src/stm32l4xx_hal_rcc_ex.c ****       }
 633:Drivers/STM32L4xx_HAL_Driver/Src/stm32l4xx_hal_rcc_ex.c ****     }
 634:Drivers/STM32L4xx_HAL_Driver/Src/stm32l4xx_hal_rcc_ex.c **** #endif /* RCC_PLLSAI1_SUPPORT */
 635:Drivers/STM32L4xx_HAL_Driver/Src/stm32l4xx_hal_rcc_ex.c ****     else
 636:Drivers/STM32L4xx_HAL_Driver/Src/stm32l4xx_hal_rcc_ex.c ****     {
 637:Drivers/STM32L4xx_HAL_Driver/Src/stm32l4xx_hal_rcc_ex.c ****       /* nothing to do */
 638:Drivers/STM32L4xx_HAL_Driver/Src/stm32l4xx_hal_rcc_ex.c ****     }
 639:Drivers/STM32L4xx_HAL_Driver/Src/stm32l4xx_hal_rcc_ex.c ****   }
 640:Drivers/STM32L4xx_HAL_Driver/Src/stm32l4xx_hal_rcc_ex.c **** 
 641:Drivers/STM32L4xx_HAL_Driver/Src/stm32l4xx_hal_rcc_ex.c ****   /*-------------------------- ADC clock source configuration ----------------------*/
 642:Drivers/STM32L4xx_HAL_Driver/Src/stm32l4xx_hal_rcc_ex.c **** #if !defined(STM32L412xx) && !defined(STM32L422xx)
 643:Drivers/STM32L4xx_HAL_Driver/Src/stm32l4xx_hal_rcc_ex.c ****   if(((PeriphClkInit->PeriphClockSelection) & RCC_PERIPHCLK_ADC) == RCC_PERIPHCLK_ADC)
 644:Drivers/STM32L4xx_HAL_Driver/Src/stm32l4xx_hal_rcc_ex.c ****   {
 645:Drivers/STM32L4xx_HAL_Driver/Src/stm32l4xx_hal_rcc_ex.c ****     /* Check the parameters */
 646:Drivers/STM32L4xx_HAL_Driver/Src/stm32l4xx_hal_rcc_ex.c ****     assert_param(IS_RCC_ADCCLKSOURCE(PeriphClkInit->AdcClockSelection));
 647:Drivers/STM32L4xx_HAL_Driver/Src/stm32l4xx_hal_rcc_ex.c **** 
 648:Drivers/STM32L4xx_HAL_Driver/Src/stm32l4xx_hal_rcc_ex.c ****     /* Configure the ADC interface clock source */
 649:Drivers/STM32L4xx_HAL_Driver/Src/stm32l4xx_hal_rcc_ex.c ****     __HAL_RCC_ADC_CONFIG(PeriphClkInit->AdcClockSelection);
 650:Drivers/STM32L4xx_HAL_Driver/Src/stm32l4xx_hal_rcc_ex.c **** 
 651:Drivers/STM32L4xx_HAL_Driver/Src/stm32l4xx_hal_rcc_ex.c **** #if defined(RCC_PLLSAI1_SUPPORT)
 652:Drivers/STM32L4xx_HAL_Driver/Src/stm32l4xx_hal_rcc_ex.c ****     if(PeriphClkInit->AdcClockSelection == RCC_ADCCLKSOURCE_PLLSAI1)
 653:Drivers/STM32L4xx_HAL_Driver/Src/stm32l4xx_hal_rcc_ex.c ****     {
 654:Drivers/STM32L4xx_HAL_Driver/Src/stm32l4xx_hal_rcc_ex.c ****       /* PLLSAI1 input clock, parameters M, N & R configuration and clock output (PLLSAI1ClockOut) 
 655:Drivers/STM32L4xx_HAL_Driver/Src/stm32l4xx_hal_rcc_ex.c ****       ret = RCCEx_PLLSAI1_Config(&(PeriphClkInit->PLLSAI1), DIVIDER_R_UPDATE);
 656:Drivers/STM32L4xx_HAL_Driver/Src/stm32l4xx_hal_rcc_ex.c **** 
 657:Drivers/STM32L4xx_HAL_Driver/Src/stm32l4xx_hal_rcc_ex.c ****       if(ret != HAL_OK)
ARM GAS  /tmp/cc4nR4Y7.s 			page 13


 658:Drivers/STM32L4xx_HAL_Driver/Src/stm32l4xx_hal_rcc_ex.c ****       {
 659:Drivers/STM32L4xx_HAL_Driver/Src/stm32l4xx_hal_rcc_ex.c ****         /* set overall return value */
 660:Drivers/STM32L4xx_HAL_Driver/Src/stm32l4xx_hal_rcc_ex.c ****         status = ret;
 661:Drivers/STM32L4xx_HAL_Driver/Src/stm32l4xx_hal_rcc_ex.c ****       }
 662:Drivers/STM32L4xx_HAL_Driver/Src/stm32l4xx_hal_rcc_ex.c ****     }
 663:Drivers/STM32L4xx_HAL_Driver/Src/stm32l4xx_hal_rcc_ex.c **** #endif /* RCC_PLLSAI1_SUPPORT */
 664:Drivers/STM32L4xx_HAL_Driver/Src/stm32l4xx_hal_rcc_ex.c **** 
 665:Drivers/STM32L4xx_HAL_Driver/Src/stm32l4xx_hal_rcc_ex.c **** #if defined(STM32L471xx) || defined(STM32L475xx) || defined(STM32L476xx) || defined(STM32L485xx) ||
 666:Drivers/STM32L4xx_HAL_Driver/Src/stm32l4xx_hal_rcc_ex.c **** 
 667:Drivers/STM32L4xx_HAL_Driver/Src/stm32l4xx_hal_rcc_ex.c ****     else if(PeriphClkInit->AdcClockSelection == RCC_ADCCLKSOURCE_PLLSAI2)
 668:Drivers/STM32L4xx_HAL_Driver/Src/stm32l4xx_hal_rcc_ex.c ****     {
 669:Drivers/STM32L4xx_HAL_Driver/Src/stm32l4xx_hal_rcc_ex.c ****       /* PLLSAI2 input clock, parameters M, N & R configuration and clock output (PLLSAI2ClockOut) 
 670:Drivers/STM32L4xx_HAL_Driver/Src/stm32l4xx_hal_rcc_ex.c ****       ret = RCCEx_PLLSAI2_Config(&(PeriphClkInit->PLLSAI2), DIVIDER_R_UPDATE);
 671:Drivers/STM32L4xx_HAL_Driver/Src/stm32l4xx_hal_rcc_ex.c **** 
 672:Drivers/STM32L4xx_HAL_Driver/Src/stm32l4xx_hal_rcc_ex.c ****       if(ret != HAL_OK)
 673:Drivers/STM32L4xx_HAL_Driver/Src/stm32l4xx_hal_rcc_ex.c ****       {
 674:Drivers/STM32L4xx_HAL_Driver/Src/stm32l4xx_hal_rcc_ex.c ****         /* set overall return value */
 675:Drivers/STM32L4xx_HAL_Driver/Src/stm32l4xx_hal_rcc_ex.c ****         status = ret;
 676:Drivers/STM32L4xx_HAL_Driver/Src/stm32l4xx_hal_rcc_ex.c ****       }
 677:Drivers/STM32L4xx_HAL_Driver/Src/stm32l4xx_hal_rcc_ex.c ****     }
 678:Drivers/STM32L4xx_HAL_Driver/Src/stm32l4xx_hal_rcc_ex.c ****     else
 679:Drivers/STM32L4xx_HAL_Driver/Src/stm32l4xx_hal_rcc_ex.c ****     {
 680:Drivers/STM32L4xx_HAL_Driver/Src/stm32l4xx_hal_rcc_ex.c ****       /* nothing to do */
 681:Drivers/STM32L4xx_HAL_Driver/Src/stm32l4xx_hal_rcc_ex.c ****     }
 682:Drivers/STM32L4xx_HAL_Driver/Src/stm32l4xx_hal_rcc_ex.c **** 
 683:Drivers/STM32L4xx_HAL_Driver/Src/stm32l4xx_hal_rcc_ex.c **** #endif /* STM32L471xx || STM32L475xx || STM32L476xx || STM32L485xx || STM32L486xx || STM32L496xx ||
 684:Drivers/STM32L4xx_HAL_Driver/Src/stm32l4xx_hal_rcc_ex.c **** 
 685:Drivers/STM32L4xx_HAL_Driver/Src/stm32l4xx_hal_rcc_ex.c ****   }
 686:Drivers/STM32L4xx_HAL_Driver/Src/stm32l4xx_hal_rcc_ex.c **** #endif /* !STM32L412xx && !STM32L422xx */
 687:Drivers/STM32L4xx_HAL_Driver/Src/stm32l4xx_hal_rcc_ex.c **** 
 688:Drivers/STM32L4xx_HAL_Driver/Src/stm32l4xx_hal_rcc_ex.c **** #if defined(SWPMI1)
 689:Drivers/STM32L4xx_HAL_Driver/Src/stm32l4xx_hal_rcc_ex.c **** 
 690:Drivers/STM32L4xx_HAL_Driver/Src/stm32l4xx_hal_rcc_ex.c ****   /*-------------------------- SWPMI1 clock source configuration -------------------*/
 691:Drivers/STM32L4xx_HAL_Driver/Src/stm32l4xx_hal_rcc_ex.c ****   if(((PeriphClkInit->PeriphClockSelection) & RCC_PERIPHCLK_SWPMI1) == RCC_PERIPHCLK_SWPMI1)
 692:Drivers/STM32L4xx_HAL_Driver/Src/stm32l4xx_hal_rcc_ex.c ****   {
 693:Drivers/STM32L4xx_HAL_Driver/Src/stm32l4xx_hal_rcc_ex.c ****     /* Check the parameters */
 694:Drivers/STM32L4xx_HAL_Driver/Src/stm32l4xx_hal_rcc_ex.c ****     assert_param(IS_RCC_SWPMI1CLKSOURCE(PeriphClkInit->Swpmi1ClockSelection));
 695:Drivers/STM32L4xx_HAL_Driver/Src/stm32l4xx_hal_rcc_ex.c **** 
 696:Drivers/STM32L4xx_HAL_Driver/Src/stm32l4xx_hal_rcc_ex.c ****     /* Configure the SWPMI1 clock source */
 697:Drivers/STM32L4xx_HAL_Driver/Src/stm32l4xx_hal_rcc_ex.c ****     __HAL_RCC_SWPMI1_CONFIG(PeriphClkInit->Swpmi1ClockSelection);
 698:Drivers/STM32L4xx_HAL_Driver/Src/stm32l4xx_hal_rcc_ex.c ****   }
 699:Drivers/STM32L4xx_HAL_Driver/Src/stm32l4xx_hal_rcc_ex.c **** 
 700:Drivers/STM32L4xx_HAL_Driver/Src/stm32l4xx_hal_rcc_ex.c **** #endif /* SWPMI1 */
 701:Drivers/STM32L4xx_HAL_Driver/Src/stm32l4xx_hal_rcc_ex.c **** 
 702:Drivers/STM32L4xx_HAL_Driver/Src/stm32l4xx_hal_rcc_ex.c **** #if defined(DFSDM1_Filter0)
 703:Drivers/STM32L4xx_HAL_Driver/Src/stm32l4xx_hal_rcc_ex.c **** 
 704:Drivers/STM32L4xx_HAL_Driver/Src/stm32l4xx_hal_rcc_ex.c ****   /*-------------------------- DFSDM1 clock source configuration -------------------*/
 705:Drivers/STM32L4xx_HAL_Driver/Src/stm32l4xx_hal_rcc_ex.c ****   if(((PeriphClkInit->PeriphClockSelection) & RCC_PERIPHCLK_DFSDM1) == RCC_PERIPHCLK_DFSDM1)
 706:Drivers/STM32L4xx_HAL_Driver/Src/stm32l4xx_hal_rcc_ex.c ****   {
 707:Drivers/STM32L4xx_HAL_Driver/Src/stm32l4xx_hal_rcc_ex.c ****     /* Check the parameters */
 708:Drivers/STM32L4xx_HAL_Driver/Src/stm32l4xx_hal_rcc_ex.c ****     assert_param(IS_RCC_DFSDM1CLKSOURCE(PeriphClkInit->Dfsdm1ClockSelection));
 709:Drivers/STM32L4xx_HAL_Driver/Src/stm32l4xx_hal_rcc_ex.c **** 
 710:Drivers/STM32L4xx_HAL_Driver/Src/stm32l4xx_hal_rcc_ex.c ****     /* Configure the DFSDM1 interface clock source */
 711:Drivers/STM32L4xx_HAL_Driver/Src/stm32l4xx_hal_rcc_ex.c ****     __HAL_RCC_DFSDM1_CONFIG(PeriphClkInit->Dfsdm1ClockSelection);
 712:Drivers/STM32L4xx_HAL_Driver/Src/stm32l4xx_hal_rcc_ex.c ****   }
 713:Drivers/STM32L4xx_HAL_Driver/Src/stm32l4xx_hal_rcc_ex.c **** 
 714:Drivers/STM32L4xx_HAL_Driver/Src/stm32l4xx_hal_rcc_ex.c **** #if defined(STM32L4P5xx) || defined(STM32L4Q5xx) || defined(STM32L4R5xx) || defined(STM32L4R7xx) ||
ARM GAS  /tmp/cc4nR4Y7.s 			page 14


 715:Drivers/STM32L4xx_HAL_Driver/Src/stm32l4xx_hal_rcc_ex.c ****   /*-------------------------- DFSDM1 audio clock source configuration -------------*/
 716:Drivers/STM32L4xx_HAL_Driver/Src/stm32l4xx_hal_rcc_ex.c ****   if(((PeriphClkInit->PeriphClockSelection) & RCC_PERIPHCLK_DFSDM1AUDIO) == RCC_PERIPHCLK_DFSDM1AUD
 717:Drivers/STM32L4xx_HAL_Driver/Src/stm32l4xx_hal_rcc_ex.c ****   {
 718:Drivers/STM32L4xx_HAL_Driver/Src/stm32l4xx_hal_rcc_ex.c ****     /* Check the parameters */
 719:Drivers/STM32L4xx_HAL_Driver/Src/stm32l4xx_hal_rcc_ex.c ****     assert_param(IS_RCC_DFSDM1AUDIOCLKSOURCE(PeriphClkInit->Dfsdm1AudioClockSelection));
 720:Drivers/STM32L4xx_HAL_Driver/Src/stm32l4xx_hal_rcc_ex.c **** 
 721:Drivers/STM32L4xx_HAL_Driver/Src/stm32l4xx_hal_rcc_ex.c ****     /* Configure the DFSDM1 interface audio clock source */
 722:Drivers/STM32L4xx_HAL_Driver/Src/stm32l4xx_hal_rcc_ex.c ****     __HAL_RCC_DFSDM1AUDIO_CONFIG(PeriphClkInit->Dfsdm1AudioClockSelection);
 723:Drivers/STM32L4xx_HAL_Driver/Src/stm32l4xx_hal_rcc_ex.c ****   }
 724:Drivers/STM32L4xx_HAL_Driver/Src/stm32l4xx_hal_rcc_ex.c **** 
 725:Drivers/STM32L4xx_HAL_Driver/Src/stm32l4xx_hal_rcc_ex.c **** #endif /* STM32L4P5xx || STM32L4Q5xx || STM32L4R5xx || STM32L4R7xx || STM32L4R9xx || STM32L4S5xx ||
 726:Drivers/STM32L4xx_HAL_Driver/Src/stm32l4xx_hal_rcc_ex.c **** 
 727:Drivers/STM32L4xx_HAL_Driver/Src/stm32l4xx_hal_rcc_ex.c **** #endif /* DFSDM1_Filter0 */
 728:Drivers/STM32L4xx_HAL_Driver/Src/stm32l4xx_hal_rcc_ex.c **** 
 729:Drivers/STM32L4xx_HAL_Driver/Src/stm32l4xx_hal_rcc_ex.c **** #if defined(LTDC)
 730:Drivers/STM32L4xx_HAL_Driver/Src/stm32l4xx_hal_rcc_ex.c **** 
 731:Drivers/STM32L4xx_HAL_Driver/Src/stm32l4xx_hal_rcc_ex.c ****   /*-------------------------- LTDC clock source configuration --------------------*/
 732:Drivers/STM32L4xx_HAL_Driver/Src/stm32l4xx_hal_rcc_ex.c ****   if(((PeriphClkInit->PeriphClockSelection) & RCC_PERIPHCLK_LTDC) == RCC_PERIPHCLK_LTDC)
 733:Drivers/STM32L4xx_HAL_Driver/Src/stm32l4xx_hal_rcc_ex.c ****   {
 734:Drivers/STM32L4xx_HAL_Driver/Src/stm32l4xx_hal_rcc_ex.c ****     /* Check the parameters */
 735:Drivers/STM32L4xx_HAL_Driver/Src/stm32l4xx_hal_rcc_ex.c ****     assert_param(IS_RCC_LTDCCLKSOURCE(PeriphClkInit->LtdcClockSelection));
 736:Drivers/STM32L4xx_HAL_Driver/Src/stm32l4xx_hal_rcc_ex.c **** 
 737:Drivers/STM32L4xx_HAL_Driver/Src/stm32l4xx_hal_rcc_ex.c ****     /* Disable the PLLSAI2 */
 738:Drivers/STM32L4xx_HAL_Driver/Src/stm32l4xx_hal_rcc_ex.c ****     __HAL_RCC_PLLSAI2_DISABLE();
 739:Drivers/STM32L4xx_HAL_Driver/Src/stm32l4xx_hal_rcc_ex.c **** 
 740:Drivers/STM32L4xx_HAL_Driver/Src/stm32l4xx_hal_rcc_ex.c ****     /* Get Start Tick*/
 741:Drivers/STM32L4xx_HAL_Driver/Src/stm32l4xx_hal_rcc_ex.c ****     tickstart = HAL_GetTick();
 742:Drivers/STM32L4xx_HAL_Driver/Src/stm32l4xx_hal_rcc_ex.c **** 
 743:Drivers/STM32L4xx_HAL_Driver/Src/stm32l4xx_hal_rcc_ex.c ****     /* Wait till PLLSAI2 is ready */
 744:Drivers/STM32L4xx_HAL_Driver/Src/stm32l4xx_hal_rcc_ex.c ****     while(READ_BIT(RCC->CR, RCC_CR_PLLSAI2RDY) != 0U)
 745:Drivers/STM32L4xx_HAL_Driver/Src/stm32l4xx_hal_rcc_ex.c ****     {
 746:Drivers/STM32L4xx_HAL_Driver/Src/stm32l4xx_hal_rcc_ex.c ****       if((HAL_GetTick() - tickstart) > PLLSAI2_TIMEOUT_VALUE)
 747:Drivers/STM32L4xx_HAL_Driver/Src/stm32l4xx_hal_rcc_ex.c ****       {
 748:Drivers/STM32L4xx_HAL_Driver/Src/stm32l4xx_hal_rcc_ex.c ****         ret = HAL_TIMEOUT;
 749:Drivers/STM32L4xx_HAL_Driver/Src/stm32l4xx_hal_rcc_ex.c ****         break;
 750:Drivers/STM32L4xx_HAL_Driver/Src/stm32l4xx_hal_rcc_ex.c ****       }
 751:Drivers/STM32L4xx_HAL_Driver/Src/stm32l4xx_hal_rcc_ex.c ****     }
 752:Drivers/STM32L4xx_HAL_Driver/Src/stm32l4xx_hal_rcc_ex.c **** 
 753:Drivers/STM32L4xx_HAL_Driver/Src/stm32l4xx_hal_rcc_ex.c ****     if(ret == HAL_OK)
 754:Drivers/STM32L4xx_HAL_Driver/Src/stm32l4xx_hal_rcc_ex.c ****     {
 755:Drivers/STM32L4xx_HAL_Driver/Src/stm32l4xx_hal_rcc_ex.c ****       /* Configure the LTDC clock source */
 756:Drivers/STM32L4xx_HAL_Driver/Src/stm32l4xx_hal_rcc_ex.c ****       __HAL_RCC_LTDC_CONFIG(PeriphClkInit->LtdcClockSelection);
 757:Drivers/STM32L4xx_HAL_Driver/Src/stm32l4xx_hal_rcc_ex.c **** 
 758:Drivers/STM32L4xx_HAL_Driver/Src/stm32l4xx_hal_rcc_ex.c ****       /* PLLSAI2 input clock, parameters M, N & R configuration and clock output (PLLSAI2ClockOut) 
 759:Drivers/STM32L4xx_HAL_Driver/Src/stm32l4xx_hal_rcc_ex.c ****       ret = RCCEx_PLLSAI2_Config(&(PeriphClkInit->PLLSAI2), DIVIDER_R_UPDATE);
 760:Drivers/STM32L4xx_HAL_Driver/Src/stm32l4xx_hal_rcc_ex.c ****     }
 761:Drivers/STM32L4xx_HAL_Driver/Src/stm32l4xx_hal_rcc_ex.c **** 
 762:Drivers/STM32L4xx_HAL_Driver/Src/stm32l4xx_hal_rcc_ex.c ****     if(ret != HAL_OK)
 763:Drivers/STM32L4xx_HAL_Driver/Src/stm32l4xx_hal_rcc_ex.c ****     {
 764:Drivers/STM32L4xx_HAL_Driver/Src/stm32l4xx_hal_rcc_ex.c ****       /* set overall return value */
 765:Drivers/STM32L4xx_HAL_Driver/Src/stm32l4xx_hal_rcc_ex.c ****       status = ret;
 766:Drivers/STM32L4xx_HAL_Driver/Src/stm32l4xx_hal_rcc_ex.c ****     }
 767:Drivers/STM32L4xx_HAL_Driver/Src/stm32l4xx_hal_rcc_ex.c ****   }
 768:Drivers/STM32L4xx_HAL_Driver/Src/stm32l4xx_hal_rcc_ex.c **** 
 769:Drivers/STM32L4xx_HAL_Driver/Src/stm32l4xx_hal_rcc_ex.c **** #endif /* LTDC */
 770:Drivers/STM32L4xx_HAL_Driver/Src/stm32l4xx_hal_rcc_ex.c **** 
 771:Drivers/STM32L4xx_HAL_Driver/Src/stm32l4xx_hal_rcc_ex.c **** #if defined(DSI)
ARM GAS  /tmp/cc4nR4Y7.s 			page 15


 772:Drivers/STM32L4xx_HAL_Driver/Src/stm32l4xx_hal_rcc_ex.c **** 
 773:Drivers/STM32L4xx_HAL_Driver/Src/stm32l4xx_hal_rcc_ex.c ****   /*-------------------------- DSI clock source configuration ---------------------*/
 774:Drivers/STM32L4xx_HAL_Driver/Src/stm32l4xx_hal_rcc_ex.c ****   if(((PeriphClkInit->PeriphClockSelection) & RCC_PERIPHCLK_DSI) == RCC_PERIPHCLK_DSI)
 775:Drivers/STM32L4xx_HAL_Driver/Src/stm32l4xx_hal_rcc_ex.c ****   {
 776:Drivers/STM32L4xx_HAL_Driver/Src/stm32l4xx_hal_rcc_ex.c ****     /* Check the parameters */
 777:Drivers/STM32L4xx_HAL_Driver/Src/stm32l4xx_hal_rcc_ex.c ****     assert_param(IS_RCC_DSICLKSOURCE(PeriphClkInit->DsiClockSelection));
 778:Drivers/STM32L4xx_HAL_Driver/Src/stm32l4xx_hal_rcc_ex.c **** 
 779:Drivers/STM32L4xx_HAL_Driver/Src/stm32l4xx_hal_rcc_ex.c ****     /* Configure the DSI clock source */
 780:Drivers/STM32L4xx_HAL_Driver/Src/stm32l4xx_hal_rcc_ex.c ****     __HAL_RCC_DSI_CONFIG(PeriphClkInit->DsiClockSelection);
 781:Drivers/STM32L4xx_HAL_Driver/Src/stm32l4xx_hal_rcc_ex.c **** 
 782:Drivers/STM32L4xx_HAL_Driver/Src/stm32l4xx_hal_rcc_ex.c ****     if(PeriphClkInit->DsiClockSelection == RCC_DSICLKSOURCE_PLLSAI2)
 783:Drivers/STM32L4xx_HAL_Driver/Src/stm32l4xx_hal_rcc_ex.c ****     {
 784:Drivers/STM32L4xx_HAL_Driver/Src/stm32l4xx_hal_rcc_ex.c ****       /* PLLSAI2 input clock, parameters M, N & Q configuration and clock output (PLLSAI2ClockOut) 
 785:Drivers/STM32L4xx_HAL_Driver/Src/stm32l4xx_hal_rcc_ex.c ****       ret = RCCEx_PLLSAI2_Config(&(PeriphClkInit->PLLSAI2), DIVIDER_Q_UPDATE);
 786:Drivers/STM32L4xx_HAL_Driver/Src/stm32l4xx_hal_rcc_ex.c **** 
 787:Drivers/STM32L4xx_HAL_Driver/Src/stm32l4xx_hal_rcc_ex.c ****       if(ret != HAL_OK)
 788:Drivers/STM32L4xx_HAL_Driver/Src/stm32l4xx_hal_rcc_ex.c ****       {
 789:Drivers/STM32L4xx_HAL_Driver/Src/stm32l4xx_hal_rcc_ex.c ****         /* set overall return value */
 790:Drivers/STM32L4xx_HAL_Driver/Src/stm32l4xx_hal_rcc_ex.c ****         status = ret;
 791:Drivers/STM32L4xx_HAL_Driver/Src/stm32l4xx_hal_rcc_ex.c ****       }
 792:Drivers/STM32L4xx_HAL_Driver/Src/stm32l4xx_hal_rcc_ex.c ****     }
 793:Drivers/STM32L4xx_HAL_Driver/Src/stm32l4xx_hal_rcc_ex.c ****   }
 794:Drivers/STM32L4xx_HAL_Driver/Src/stm32l4xx_hal_rcc_ex.c **** 
 795:Drivers/STM32L4xx_HAL_Driver/Src/stm32l4xx_hal_rcc_ex.c **** #endif /* DSI */
 796:Drivers/STM32L4xx_HAL_Driver/Src/stm32l4xx_hal_rcc_ex.c **** 
 797:Drivers/STM32L4xx_HAL_Driver/Src/stm32l4xx_hal_rcc_ex.c **** #if defined(OCTOSPI1) || defined(OCTOSPI2)
 798:Drivers/STM32L4xx_HAL_Driver/Src/stm32l4xx_hal_rcc_ex.c **** 
 799:Drivers/STM32L4xx_HAL_Driver/Src/stm32l4xx_hal_rcc_ex.c ****   /*-------------------------- OctoSPIx clock source configuration ----------------*/
 800:Drivers/STM32L4xx_HAL_Driver/Src/stm32l4xx_hal_rcc_ex.c ****   if(((PeriphClkInit->PeriphClockSelection) & RCC_PERIPHCLK_OSPI) == RCC_PERIPHCLK_OSPI)
 801:Drivers/STM32L4xx_HAL_Driver/Src/stm32l4xx_hal_rcc_ex.c ****   {
 802:Drivers/STM32L4xx_HAL_Driver/Src/stm32l4xx_hal_rcc_ex.c ****     /* Check the parameters */
 803:Drivers/STM32L4xx_HAL_Driver/Src/stm32l4xx_hal_rcc_ex.c ****     assert_param(IS_RCC_OSPICLKSOURCE(PeriphClkInit->OspiClockSelection));
 804:Drivers/STM32L4xx_HAL_Driver/Src/stm32l4xx_hal_rcc_ex.c **** 
 805:Drivers/STM32L4xx_HAL_Driver/Src/stm32l4xx_hal_rcc_ex.c ****     /* Configure the OctoSPI clock source */
 806:Drivers/STM32L4xx_HAL_Driver/Src/stm32l4xx_hal_rcc_ex.c ****     __HAL_RCC_OSPI_CONFIG(PeriphClkInit->OspiClockSelection);
 807:Drivers/STM32L4xx_HAL_Driver/Src/stm32l4xx_hal_rcc_ex.c **** 
 808:Drivers/STM32L4xx_HAL_Driver/Src/stm32l4xx_hal_rcc_ex.c ****     if(PeriphClkInit->OspiClockSelection == RCC_OSPICLKSOURCE_PLL)
 809:Drivers/STM32L4xx_HAL_Driver/Src/stm32l4xx_hal_rcc_ex.c ****     {
 810:Drivers/STM32L4xx_HAL_Driver/Src/stm32l4xx_hal_rcc_ex.c ****       /* Enable PLL48M1CLK output */
 811:Drivers/STM32L4xx_HAL_Driver/Src/stm32l4xx_hal_rcc_ex.c ****       __HAL_RCC_PLLCLKOUT_ENABLE(RCC_PLL_48M1CLK);
 812:Drivers/STM32L4xx_HAL_Driver/Src/stm32l4xx_hal_rcc_ex.c ****     }
 813:Drivers/STM32L4xx_HAL_Driver/Src/stm32l4xx_hal_rcc_ex.c ****   }
 814:Drivers/STM32L4xx_HAL_Driver/Src/stm32l4xx_hal_rcc_ex.c **** 
 815:Drivers/STM32L4xx_HAL_Driver/Src/stm32l4xx_hal_rcc_ex.c **** #endif /* OCTOSPI1 || OCTOSPI2 */
 816:Drivers/STM32L4xx_HAL_Driver/Src/stm32l4xx_hal_rcc_ex.c **** 
 817:Drivers/STM32L4xx_HAL_Driver/Src/stm32l4xx_hal_rcc_ex.c ****   return status;
 818:Drivers/STM32L4xx_HAL_Driver/Src/stm32l4xx_hal_rcc_ex.c **** }
 819:Drivers/STM32L4xx_HAL_Driver/Src/stm32l4xx_hal_rcc_ex.c **** 
 820:Drivers/STM32L4xx_HAL_Driver/Src/stm32l4xx_hal_rcc_ex.c **** /**
 821:Drivers/STM32L4xx_HAL_Driver/Src/stm32l4xx_hal_rcc_ex.c ****   * @brief  Get the RCC_ClkInitStruct according to the internal RCC configuration registers.
 822:Drivers/STM32L4xx_HAL_Driver/Src/stm32l4xx_hal_rcc_ex.c ****   * @param  PeriphClkInit  pointer to an RCC_PeriphCLKInitTypeDef structure that
 823:Drivers/STM32L4xx_HAL_Driver/Src/stm32l4xx_hal_rcc_ex.c ****   *         returns the configuration information for the Extended Peripherals
 824:Drivers/STM32L4xx_HAL_Driver/Src/stm32l4xx_hal_rcc_ex.c ****   *         clocks(SAI1, SAI2, LPTIM1, LPTIM2, I2C1, I2C2, I2C3, I2C4, LPUART1,
 825:Drivers/STM32L4xx_HAL_Driver/Src/stm32l4xx_hal_rcc_ex.c ****   *         USART1, USART2, USART3, UART4, UART5, RTC, ADCx, DFSDMx, SWPMI1, USB, SDMMC1 and RNG).
 826:Drivers/STM32L4xx_HAL_Driver/Src/stm32l4xx_hal_rcc_ex.c ****   * @retval None
 827:Drivers/STM32L4xx_HAL_Driver/Src/stm32l4xx_hal_rcc_ex.c ****   */
 828:Drivers/STM32L4xx_HAL_Driver/Src/stm32l4xx_hal_rcc_ex.c **** void HAL_RCCEx_GetPeriphCLKConfig(RCC_PeriphCLKInitTypeDef  *PeriphClkInit)
ARM GAS  /tmp/cc4nR4Y7.s 			page 16


 829:Drivers/STM32L4xx_HAL_Driver/Src/stm32l4xx_hal_rcc_ex.c **** {
 830:Drivers/STM32L4xx_HAL_Driver/Src/stm32l4xx_hal_rcc_ex.c ****   /* Set all possible values for the extended clock type parameter------------*/
 831:Drivers/STM32L4xx_HAL_Driver/Src/stm32l4xx_hal_rcc_ex.c **** 
 832:Drivers/STM32L4xx_HAL_Driver/Src/stm32l4xx_hal_rcc_ex.c **** #if defined(STM32L412xx) || defined(STM32L422xx)
 833:Drivers/STM32L4xx_HAL_Driver/Src/stm32l4xx_hal_rcc_ex.c **** 
 834:Drivers/STM32L4xx_HAL_Driver/Src/stm32l4xx_hal_rcc_ex.c ****   PeriphClkInit->PeriphClockSelection = RCC_PERIPHCLK_USART1  | RCC_PERIPHCLK_USART2 | RCC_PERIPHCL
 835:Drivers/STM32L4xx_HAL_Driver/Src/stm32l4xx_hal_rcc_ex.c ****                                         RCC_PERIPHCLK_LPUART1 | RCC_PERIPHCLK_I2C1   | RCC_PERIPHCL
 836:Drivers/STM32L4xx_HAL_Driver/Src/stm32l4xx_hal_rcc_ex.c ****                                         RCC_PERIPHCLK_LPTIM1  | RCC_PERIPHCLK_LPTIM2 |             
 837:Drivers/STM32L4xx_HAL_Driver/Src/stm32l4xx_hal_rcc_ex.c ****                                                                 RCC_PERIPHCLK_RNG    |             
 838:Drivers/STM32L4xx_HAL_Driver/Src/stm32l4xx_hal_rcc_ex.c ****                                         RCC_PERIPHCLK_RTC ;
 839:Drivers/STM32L4xx_HAL_Driver/Src/stm32l4xx_hal_rcc_ex.c **** 
 840:Drivers/STM32L4xx_HAL_Driver/Src/stm32l4xx_hal_rcc_ex.c **** #elif defined(STM32L431xx)
 841:Drivers/STM32L4xx_HAL_Driver/Src/stm32l4xx_hal_rcc_ex.c **** 
 842:Drivers/STM32L4xx_HAL_Driver/Src/stm32l4xx_hal_rcc_ex.c ****   PeriphClkInit->PeriphClockSelection = RCC_PERIPHCLK_USART1  | RCC_PERIPHCLK_USART2 | RCC_PERIPHCL
 843:Drivers/STM32L4xx_HAL_Driver/Src/stm32l4xx_hal_rcc_ex.c ****                                         RCC_PERIPHCLK_LPUART1 | RCC_PERIPHCLK_I2C1   | RCC_PERIPHCL
 844:Drivers/STM32L4xx_HAL_Driver/Src/stm32l4xx_hal_rcc_ex.c ****                                         RCC_PERIPHCLK_LPTIM1  | RCC_PERIPHCLK_LPTIM2 | RCC_PERIPHCL
 845:Drivers/STM32L4xx_HAL_Driver/Src/stm32l4xx_hal_rcc_ex.c ****                                         RCC_PERIPHCLK_SDMMC1  | RCC_PERIPHCLK_RNG    | RCC_PERIPHCL
 846:Drivers/STM32L4xx_HAL_Driver/Src/stm32l4xx_hal_rcc_ex.c ****                                         RCC_PERIPHCLK_RTC ;
 847:Drivers/STM32L4xx_HAL_Driver/Src/stm32l4xx_hal_rcc_ex.c **** 
 848:Drivers/STM32L4xx_HAL_Driver/Src/stm32l4xx_hal_rcc_ex.c **** #elif defined(STM32L432xx) || defined(STM32L442xx)
 849:Drivers/STM32L4xx_HAL_Driver/Src/stm32l4xx_hal_rcc_ex.c **** 
 850:Drivers/STM32L4xx_HAL_Driver/Src/stm32l4xx_hal_rcc_ex.c ****   PeriphClkInit->PeriphClockSelection = RCC_PERIPHCLK_USART1  | RCC_PERIPHCLK_USART2 |             
 851:Drivers/STM32L4xx_HAL_Driver/Src/stm32l4xx_hal_rcc_ex.c ****                                         RCC_PERIPHCLK_LPUART1 | RCC_PERIPHCLK_I2C1   |             
 852:Drivers/STM32L4xx_HAL_Driver/Src/stm32l4xx_hal_rcc_ex.c ****                                         RCC_PERIPHCLK_LPTIM1  | RCC_PERIPHCLK_LPTIM2 | RCC_PERIPHCL
 853:Drivers/STM32L4xx_HAL_Driver/Src/stm32l4xx_hal_rcc_ex.c ****                                                                 RCC_PERIPHCLK_RNG    | RCC_PERIPHCL
 854:Drivers/STM32L4xx_HAL_Driver/Src/stm32l4xx_hal_rcc_ex.c ****                                         RCC_PERIPHCLK_RTC ;
 855:Drivers/STM32L4xx_HAL_Driver/Src/stm32l4xx_hal_rcc_ex.c **** 
 856:Drivers/STM32L4xx_HAL_Driver/Src/stm32l4xx_hal_rcc_ex.c **** #elif defined(STM32L433xx) || defined(STM32L443xx)
 857:Drivers/STM32L4xx_HAL_Driver/Src/stm32l4xx_hal_rcc_ex.c **** 
 858:Drivers/STM32L4xx_HAL_Driver/Src/stm32l4xx_hal_rcc_ex.c ****   PeriphClkInit->PeriphClockSelection = RCC_PERIPHCLK_USART1  | RCC_PERIPHCLK_USART2 | RCC_PERIPHCL
 859:Drivers/STM32L4xx_HAL_Driver/Src/stm32l4xx_hal_rcc_ex.c ****                                         RCC_PERIPHCLK_LPUART1 | RCC_PERIPHCLK_I2C1   | RCC_PERIPHCL
 860:Drivers/STM32L4xx_HAL_Driver/Src/stm32l4xx_hal_rcc_ex.c ****                                         RCC_PERIPHCLK_LPTIM1  | RCC_PERIPHCLK_LPTIM2 | RCC_PERIPHCL
 861:Drivers/STM32L4xx_HAL_Driver/Src/stm32l4xx_hal_rcc_ex.c ****                                         RCC_PERIPHCLK_SDMMC1  | RCC_PERIPHCLK_RNG    | RCC_PERIPHCL
 862:Drivers/STM32L4xx_HAL_Driver/Src/stm32l4xx_hal_rcc_ex.c ****                                         RCC_PERIPHCLK_RTC ;
 863:Drivers/STM32L4xx_HAL_Driver/Src/stm32l4xx_hal_rcc_ex.c **** 
 864:Drivers/STM32L4xx_HAL_Driver/Src/stm32l4xx_hal_rcc_ex.c **** #elif defined(STM32L451xx)
 865:Drivers/STM32L4xx_HAL_Driver/Src/stm32l4xx_hal_rcc_ex.c **** 
 866:Drivers/STM32L4xx_HAL_Driver/Src/stm32l4xx_hal_rcc_ex.c ****   PeriphClkInit->PeriphClockSelection = RCC_PERIPHCLK_USART1  | RCC_PERIPHCLK_USART2 | RCC_PERIPHCL
 867:Drivers/STM32L4xx_HAL_Driver/Src/stm32l4xx_hal_rcc_ex.c ****                                         RCC_PERIPHCLK_LPUART1 | RCC_PERIPHCLK_I2C1   | RCC_PERIPHCL
 868:Drivers/STM32L4xx_HAL_Driver/Src/stm32l4xx_hal_rcc_ex.c ****                                         RCC_PERIPHCLK_LPTIM1  | RCC_PERIPHCLK_LPTIM2 | RCC_PERIPHCL
 869:Drivers/STM32L4xx_HAL_Driver/Src/stm32l4xx_hal_rcc_ex.c ****                                         RCC_PERIPHCLK_SDMMC1  | RCC_PERIPHCLK_RNG    | RCC_PERIPHCL
 870:Drivers/STM32L4xx_HAL_Driver/Src/stm32l4xx_hal_rcc_ex.c ****                                         RCC_PERIPHCLK_RTC ;
 871:Drivers/STM32L4xx_HAL_Driver/Src/stm32l4xx_hal_rcc_ex.c **** 
 872:Drivers/STM32L4xx_HAL_Driver/Src/stm32l4xx_hal_rcc_ex.c **** #elif defined(STM32L452xx) || defined(STM32L462xx)
 873:Drivers/STM32L4xx_HAL_Driver/Src/stm32l4xx_hal_rcc_ex.c **** 
 874:Drivers/STM32L4xx_HAL_Driver/Src/stm32l4xx_hal_rcc_ex.c ****   PeriphClkInit->PeriphClockSelection = RCC_PERIPHCLK_USART1  | RCC_PERIPHCLK_USART2 | RCC_PERIPHCL
 875:Drivers/STM32L4xx_HAL_Driver/Src/stm32l4xx_hal_rcc_ex.c ****                                         RCC_PERIPHCLK_LPUART1 | RCC_PERIPHCLK_I2C1   | RCC_PERIPHCL
 876:Drivers/STM32L4xx_HAL_Driver/Src/stm32l4xx_hal_rcc_ex.c ****                                         RCC_PERIPHCLK_LPTIM1  | RCC_PERIPHCLK_LPTIM2 | RCC_PERIPHCL
 877:Drivers/STM32L4xx_HAL_Driver/Src/stm32l4xx_hal_rcc_ex.c ****                                         RCC_PERIPHCLK_SDMMC1  | RCC_PERIPHCLK_RNG    | RCC_PERIPHCL
 878:Drivers/STM32L4xx_HAL_Driver/Src/stm32l4xx_hal_rcc_ex.c ****                                         RCC_PERIPHCLK_RTC ;
 879:Drivers/STM32L4xx_HAL_Driver/Src/stm32l4xx_hal_rcc_ex.c **** 
 880:Drivers/STM32L4xx_HAL_Driver/Src/stm32l4xx_hal_rcc_ex.c **** #elif defined(STM32L471xx)
 881:Drivers/STM32L4xx_HAL_Driver/Src/stm32l4xx_hal_rcc_ex.c **** 
 882:Drivers/STM32L4xx_HAL_Driver/Src/stm32l4xx_hal_rcc_ex.c ****   PeriphClkInit->PeriphClockSelection = RCC_PERIPHCLK_USART1  | RCC_PERIPHCLK_USART2 | RCC_PERIPHCL
 883:Drivers/STM32L4xx_HAL_Driver/Src/stm32l4xx_hal_rcc_ex.c ****                                         RCC_PERIPHCLK_LPUART1 | RCC_PERIPHCLK_I2C1   | RCC_PERIPHCL
 884:Drivers/STM32L4xx_HAL_Driver/Src/stm32l4xx_hal_rcc_ex.c ****                                         RCC_PERIPHCLK_LPTIM1  | RCC_PERIPHCLK_LPTIM2 | RCC_PERIPHCL
 885:Drivers/STM32L4xx_HAL_Driver/Src/stm32l4xx_hal_rcc_ex.c ****                                         RCC_PERIPHCLK_SDMMC1  | RCC_PERIPHCLK_RNG    | RCC_PERIPHCL
ARM GAS  /tmp/cc4nR4Y7.s 			page 17


 886:Drivers/STM32L4xx_HAL_Driver/Src/stm32l4xx_hal_rcc_ex.c ****                                         RCC_PERIPHCLK_RTC ;
 887:Drivers/STM32L4xx_HAL_Driver/Src/stm32l4xx_hal_rcc_ex.c **** 
 888:Drivers/STM32L4xx_HAL_Driver/Src/stm32l4xx_hal_rcc_ex.c **** #elif defined(STM32L475xx) || defined(STM32L476xx) || defined(STM32L485xx) || defined(STM32L486xx)
 889:Drivers/STM32L4xx_HAL_Driver/Src/stm32l4xx_hal_rcc_ex.c **** 
 890:Drivers/STM32L4xx_HAL_Driver/Src/stm32l4xx_hal_rcc_ex.c ****   PeriphClkInit->PeriphClockSelection = RCC_PERIPHCLK_USART1  | RCC_PERIPHCLK_USART2 | RCC_PERIPHCL
 891:Drivers/STM32L4xx_HAL_Driver/Src/stm32l4xx_hal_rcc_ex.c ****                                         RCC_PERIPHCLK_LPUART1 | RCC_PERIPHCLK_I2C1   | RCC_PERIPHCL
 892:Drivers/STM32L4xx_HAL_Driver/Src/stm32l4xx_hal_rcc_ex.c ****                                         RCC_PERIPHCLK_LPTIM1  | RCC_PERIPHCLK_LPTIM2 | RCC_PERIPHCL
 893:Drivers/STM32L4xx_HAL_Driver/Src/stm32l4xx_hal_rcc_ex.c ****                                         RCC_PERIPHCLK_SDMMC1  | RCC_PERIPHCLK_RNG    | RCC_PERIPHCL
 894:Drivers/STM32L4xx_HAL_Driver/Src/stm32l4xx_hal_rcc_ex.c ****                                         RCC_PERIPHCLK_RTC ;
 895:Drivers/STM32L4xx_HAL_Driver/Src/stm32l4xx_hal_rcc_ex.c **** 
 896:Drivers/STM32L4xx_HAL_Driver/Src/stm32l4xx_hal_rcc_ex.c **** #elif defined(STM32L496xx) || defined(STM32L4A6xx)
 897:Drivers/STM32L4xx_HAL_Driver/Src/stm32l4xx_hal_rcc_ex.c **** 
 898:Drivers/STM32L4xx_HAL_Driver/Src/stm32l4xx_hal_rcc_ex.c ****   PeriphClkInit->PeriphClockSelection = RCC_PERIPHCLK_USART1  | RCC_PERIPHCLK_USART2 | RCC_PERIPHCL
 899:Drivers/STM32L4xx_HAL_Driver/Src/stm32l4xx_hal_rcc_ex.c ****                                         RCC_PERIPHCLK_LPUART1 | RCC_PERIPHCLK_I2C1   | RCC_PERIPHCL
 900:Drivers/STM32L4xx_HAL_Driver/Src/stm32l4xx_hal_rcc_ex.c ****                                         RCC_PERIPHCLK_LPTIM1  | RCC_PERIPHCLK_LPTIM2 | RCC_PERIPHCL
 901:Drivers/STM32L4xx_HAL_Driver/Src/stm32l4xx_hal_rcc_ex.c ****                                         RCC_PERIPHCLK_SDMMC1  | RCC_PERIPHCLK_RNG    | RCC_PERIPHCL
 902:Drivers/STM32L4xx_HAL_Driver/Src/stm32l4xx_hal_rcc_ex.c ****                                         RCC_PERIPHCLK_RTC ;
 903:Drivers/STM32L4xx_HAL_Driver/Src/stm32l4xx_hal_rcc_ex.c **** 
 904:Drivers/STM32L4xx_HAL_Driver/Src/stm32l4xx_hal_rcc_ex.c **** #elif defined(STM32L4R5xx) || defined(STM32L4S5xx)
 905:Drivers/STM32L4xx_HAL_Driver/Src/stm32l4xx_hal_rcc_ex.c **** 
 906:Drivers/STM32L4xx_HAL_Driver/Src/stm32l4xx_hal_rcc_ex.c ****   PeriphClkInit->PeriphClockSelection = RCC_PERIPHCLK_USART1  | RCC_PERIPHCLK_USART2 | RCC_PERIPHCL
 907:Drivers/STM32L4xx_HAL_Driver/Src/stm32l4xx_hal_rcc_ex.c ****                                         RCC_PERIPHCLK_LPUART1 | RCC_PERIPHCLK_I2C1   | RCC_PERIPHCL
 908:Drivers/STM32L4xx_HAL_Driver/Src/stm32l4xx_hal_rcc_ex.c ****                                         RCC_PERIPHCLK_LPTIM1  | RCC_PERIPHCLK_LPTIM2 | RCC_PERIPHCL
 909:Drivers/STM32L4xx_HAL_Driver/Src/stm32l4xx_hal_rcc_ex.c ****                                         RCC_PERIPHCLK_SDMMC1  | RCC_PERIPHCLK_RNG    | RCC_PERIPHCL
 910:Drivers/STM32L4xx_HAL_Driver/Src/stm32l4xx_hal_rcc_ex.c ****                                         RCC_PERIPHCLK_DFSDM1AUDIO | RCC_PERIPHCLK_RTC | RCC_PERIPHC
 911:Drivers/STM32L4xx_HAL_Driver/Src/stm32l4xx_hal_rcc_ex.c **** 
 912:Drivers/STM32L4xx_HAL_Driver/Src/stm32l4xx_hal_rcc_ex.c **** #elif defined(STM32L4R7xx) || defined(STM32L4S7xx) || defined(STM32L4Q5xx)
 913:Drivers/STM32L4xx_HAL_Driver/Src/stm32l4xx_hal_rcc_ex.c **** 
 914:Drivers/STM32L4xx_HAL_Driver/Src/stm32l4xx_hal_rcc_ex.c ****   PeriphClkInit->PeriphClockSelection = RCC_PERIPHCLK_USART1  | RCC_PERIPHCLK_USART2 | RCC_PERIPHCL
 915:Drivers/STM32L4xx_HAL_Driver/Src/stm32l4xx_hal_rcc_ex.c ****                                         RCC_PERIPHCLK_LPUART1 | RCC_PERIPHCLK_I2C1   | RCC_PERIPHCL
 916:Drivers/STM32L4xx_HAL_Driver/Src/stm32l4xx_hal_rcc_ex.c ****                                         RCC_PERIPHCLK_LPTIM1  | RCC_PERIPHCLK_LPTIM2 | RCC_PERIPHCL
 917:Drivers/STM32L4xx_HAL_Driver/Src/stm32l4xx_hal_rcc_ex.c ****                                         RCC_PERIPHCLK_SDMMC1  | RCC_PERIPHCLK_RNG    | RCC_PERIPHCL
 918:Drivers/STM32L4xx_HAL_Driver/Src/stm32l4xx_hal_rcc_ex.c ****                                         RCC_PERIPHCLK_DFSDM1AUDIO | RCC_PERIPHCLK_RTC | RCC_PERIPHC
 919:Drivers/STM32L4xx_HAL_Driver/Src/stm32l4xx_hal_rcc_ex.c **** 
 920:Drivers/STM32L4xx_HAL_Driver/Src/stm32l4xx_hal_rcc_ex.c **** #elif defined(STM32L4R9xx) || defined(STM32L4S9xx)
 921:Drivers/STM32L4xx_HAL_Driver/Src/stm32l4xx_hal_rcc_ex.c **** 
 922:Drivers/STM32L4xx_HAL_Driver/Src/stm32l4xx_hal_rcc_ex.c ****   PeriphClkInit->PeriphClockSelection = RCC_PERIPHCLK_USART1  | RCC_PERIPHCLK_USART2 | RCC_PERIPHCL
 923:Drivers/STM32L4xx_HAL_Driver/Src/stm32l4xx_hal_rcc_ex.c ****                                         RCC_PERIPHCLK_LPUART1 | RCC_PERIPHCLK_I2C1   | RCC_PERIPHCL
 924:Drivers/STM32L4xx_HAL_Driver/Src/stm32l4xx_hal_rcc_ex.c ****                                         RCC_PERIPHCLK_LPTIM1  | RCC_PERIPHCLK_LPTIM2 | RCC_PERIPHCL
 925:Drivers/STM32L4xx_HAL_Driver/Src/stm32l4xx_hal_rcc_ex.c ****                                         RCC_PERIPHCLK_SDMMC1  | RCC_PERIPHCLK_RNG    | RCC_PERIPHCL
 926:Drivers/STM32L4xx_HAL_Driver/Src/stm32l4xx_hal_rcc_ex.c ****                                         RCC_PERIPHCLK_DFSDM1AUDIO | RCC_PERIPHCLK_RTC | RCC_PERIPHC
 927:Drivers/STM32L4xx_HAL_Driver/Src/stm32l4xx_hal_rcc_ex.c **** 
 928:Drivers/STM32L4xx_HAL_Driver/Src/stm32l4xx_hal_rcc_ex.c **** #endif /* STM32L431xx */
 929:Drivers/STM32L4xx_HAL_Driver/Src/stm32l4xx_hal_rcc_ex.c **** 
 930:Drivers/STM32L4xx_HAL_Driver/Src/stm32l4xx_hal_rcc_ex.c **** #if defined(RCC_PLLSAI1_SUPPORT)
 931:Drivers/STM32L4xx_HAL_Driver/Src/stm32l4xx_hal_rcc_ex.c **** 
 932:Drivers/STM32L4xx_HAL_Driver/Src/stm32l4xx_hal_rcc_ex.c ****   /* Get the PLLSAI1 Clock configuration -----------------------------------------------*/
 933:Drivers/STM32L4xx_HAL_Driver/Src/stm32l4xx_hal_rcc_ex.c **** 
 934:Drivers/STM32L4xx_HAL_Driver/Src/stm32l4xx_hal_rcc_ex.c ****   PeriphClkInit->PLLSAI1.PLLSAI1Source = READ_BIT(RCC->PLLCFGR, RCC_PLLCFGR_PLLSRC) >> RCC_PLLCFGR_
 935:Drivers/STM32L4xx_HAL_Driver/Src/stm32l4xx_hal_rcc_ex.c **** #if defined(RCC_PLLSAI1M_DIV_1_16_SUPPORT)
 936:Drivers/STM32L4xx_HAL_Driver/Src/stm32l4xx_hal_rcc_ex.c ****   PeriphClkInit->PLLSAI1.PLLSAI1M = (READ_BIT(RCC->PLLSAI1CFGR, RCC_PLLSAI1CFGR_PLLSAI1M) >> RCC_PL
 937:Drivers/STM32L4xx_HAL_Driver/Src/stm32l4xx_hal_rcc_ex.c **** #else
 938:Drivers/STM32L4xx_HAL_Driver/Src/stm32l4xx_hal_rcc_ex.c ****   PeriphClkInit->PLLSAI1.PLLSAI1M = (READ_BIT(RCC->PLLCFGR, RCC_PLLCFGR_PLLM) >> RCC_PLLCFGR_PLLM_P
 939:Drivers/STM32L4xx_HAL_Driver/Src/stm32l4xx_hal_rcc_ex.c **** #endif /* RCC_PLLSAI1M_DIV_1_16_SUPPORT */
 940:Drivers/STM32L4xx_HAL_Driver/Src/stm32l4xx_hal_rcc_ex.c ****   PeriphClkInit->PLLSAI1.PLLSAI1N = READ_BIT(RCC->PLLSAI1CFGR, RCC_PLLSAI1CFGR_PLLSAI1N) >> RCC_PLL
 941:Drivers/STM32L4xx_HAL_Driver/Src/stm32l4xx_hal_rcc_ex.c ****   PeriphClkInit->PLLSAI1.PLLSAI1P = ((READ_BIT(RCC->PLLSAI1CFGR, RCC_PLLSAI1CFGR_PLLSAI1P) >> RCC_P
 942:Drivers/STM32L4xx_HAL_Driver/Src/stm32l4xx_hal_rcc_ex.c ****   PeriphClkInit->PLLSAI1.PLLSAI1Q = ((READ_BIT(RCC->PLLSAI1CFGR, RCC_PLLSAI1CFGR_PLLSAI1Q) >> RCC_P
ARM GAS  /tmp/cc4nR4Y7.s 			page 18


 943:Drivers/STM32L4xx_HAL_Driver/Src/stm32l4xx_hal_rcc_ex.c ****   PeriphClkInit->PLLSAI1.PLLSAI1R = ((READ_BIT(RCC->PLLSAI1CFGR, RCC_PLLSAI1CFGR_PLLSAI1R) >> RCC_P
 944:Drivers/STM32L4xx_HAL_Driver/Src/stm32l4xx_hal_rcc_ex.c **** 
 945:Drivers/STM32L4xx_HAL_Driver/Src/stm32l4xx_hal_rcc_ex.c **** #endif /* RCC_PLLSAI1_SUPPORT */
 946:Drivers/STM32L4xx_HAL_Driver/Src/stm32l4xx_hal_rcc_ex.c **** 
 947:Drivers/STM32L4xx_HAL_Driver/Src/stm32l4xx_hal_rcc_ex.c **** #if defined(RCC_PLLSAI2_SUPPORT)
 948:Drivers/STM32L4xx_HAL_Driver/Src/stm32l4xx_hal_rcc_ex.c **** 
 949:Drivers/STM32L4xx_HAL_Driver/Src/stm32l4xx_hal_rcc_ex.c ****   /* Get the PLLSAI2 Clock configuration -----------------------------------------------*/
 950:Drivers/STM32L4xx_HAL_Driver/Src/stm32l4xx_hal_rcc_ex.c **** 
 951:Drivers/STM32L4xx_HAL_Driver/Src/stm32l4xx_hal_rcc_ex.c ****   PeriphClkInit->PLLSAI2.PLLSAI2Source = PeriphClkInit->PLLSAI1.PLLSAI1Source;
 952:Drivers/STM32L4xx_HAL_Driver/Src/stm32l4xx_hal_rcc_ex.c **** #if defined(RCC_PLLSAI2M_DIV_1_16_SUPPORT)
 953:Drivers/STM32L4xx_HAL_Driver/Src/stm32l4xx_hal_rcc_ex.c ****   PeriphClkInit->PLLSAI2.PLLSAI2M = (READ_BIT(RCC->PLLSAI2CFGR, RCC_PLLSAI2CFGR_PLLSAI2M) >> RCC_PL
 954:Drivers/STM32L4xx_HAL_Driver/Src/stm32l4xx_hal_rcc_ex.c **** #else
 955:Drivers/STM32L4xx_HAL_Driver/Src/stm32l4xx_hal_rcc_ex.c ****   PeriphClkInit->PLLSAI2.PLLSAI2M = PeriphClkInit->PLLSAI1.PLLSAI1M;
 956:Drivers/STM32L4xx_HAL_Driver/Src/stm32l4xx_hal_rcc_ex.c **** #endif /* RCC_PLLSAI2M_DIV_1_16_SUPPORT */
 957:Drivers/STM32L4xx_HAL_Driver/Src/stm32l4xx_hal_rcc_ex.c ****   PeriphClkInit->PLLSAI2.PLLSAI2N = READ_BIT(RCC->PLLSAI2CFGR, RCC_PLLSAI2CFGR_PLLSAI2N) >> RCC_PLL
 958:Drivers/STM32L4xx_HAL_Driver/Src/stm32l4xx_hal_rcc_ex.c ****   PeriphClkInit->PLLSAI2.PLLSAI2P = ((READ_BIT(RCC->PLLSAI2CFGR, RCC_PLLSAI2CFGR_PLLSAI2P) >> RCC_P
 959:Drivers/STM32L4xx_HAL_Driver/Src/stm32l4xx_hal_rcc_ex.c **** #if defined(RCC_PLLSAI2Q_DIV_SUPPORT)
 960:Drivers/STM32L4xx_HAL_Driver/Src/stm32l4xx_hal_rcc_ex.c ****   PeriphClkInit->PLLSAI2.PLLSAI2Q = ((READ_BIT(RCC->PLLSAI2CFGR, RCC_PLLSAI2CFGR_PLLSAI2Q) >> RCC_P
 961:Drivers/STM32L4xx_HAL_Driver/Src/stm32l4xx_hal_rcc_ex.c **** #endif /* RCC_PLLSAI2Q_DIV_SUPPORT */
 962:Drivers/STM32L4xx_HAL_Driver/Src/stm32l4xx_hal_rcc_ex.c ****   PeriphClkInit->PLLSAI2.PLLSAI2R = ((READ_BIT(RCC->PLLSAI2CFGR, RCC_PLLSAI2CFGR_PLLSAI2R)>> RCC_PL
 963:Drivers/STM32L4xx_HAL_Driver/Src/stm32l4xx_hal_rcc_ex.c **** 
 964:Drivers/STM32L4xx_HAL_Driver/Src/stm32l4xx_hal_rcc_ex.c **** #endif /* RCC_PLLSAI2_SUPPORT */
 965:Drivers/STM32L4xx_HAL_Driver/Src/stm32l4xx_hal_rcc_ex.c **** 
 966:Drivers/STM32L4xx_HAL_Driver/Src/stm32l4xx_hal_rcc_ex.c ****   /* Get the USART1 clock source ---------------------------------------------*/
 967:Drivers/STM32L4xx_HAL_Driver/Src/stm32l4xx_hal_rcc_ex.c ****   PeriphClkInit->Usart1ClockSelection  = __HAL_RCC_GET_USART1_SOURCE();
 968:Drivers/STM32L4xx_HAL_Driver/Src/stm32l4xx_hal_rcc_ex.c ****   /* Get the USART2 clock source ---------------------------------------------*/
 969:Drivers/STM32L4xx_HAL_Driver/Src/stm32l4xx_hal_rcc_ex.c ****   PeriphClkInit->Usart2ClockSelection  = __HAL_RCC_GET_USART2_SOURCE();
 970:Drivers/STM32L4xx_HAL_Driver/Src/stm32l4xx_hal_rcc_ex.c **** 
 971:Drivers/STM32L4xx_HAL_Driver/Src/stm32l4xx_hal_rcc_ex.c **** #if defined(USART3)
 972:Drivers/STM32L4xx_HAL_Driver/Src/stm32l4xx_hal_rcc_ex.c ****   /* Get the USART3 clock source ---------------------------------------------*/
 973:Drivers/STM32L4xx_HAL_Driver/Src/stm32l4xx_hal_rcc_ex.c ****   PeriphClkInit->Usart3ClockSelection  = __HAL_RCC_GET_USART3_SOURCE();
 974:Drivers/STM32L4xx_HAL_Driver/Src/stm32l4xx_hal_rcc_ex.c **** #endif /* USART3 */
 975:Drivers/STM32L4xx_HAL_Driver/Src/stm32l4xx_hal_rcc_ex.c **** 
 976:Drivers/STM32L4xx_HAL_Driver/Src/stm32l4xx_hal_rcc_ex.c **** #if defined(UART4)
 977:Drivers/STM32L4xx_HAL_Driver/Src/stm32l4xx_hal_rcc_ex.c ****   /* Get the UART4 clock source ----------------------------------------------*/
 978:Drivers/STM32L4xx_HAL_Driver/Src/stm32l4xx_hal_rcc_ex.c ****   PeriphClkInit->Uart4ClockSelection   = __HAL_RCC_GET_UART4_SOURCE();
 979:Drivers/STM32L4xx_HAL_Driver/Src/stm32l4xx_hal_rcc_ex.c **** #endif /* UART4 */
 980:Drivers/STM32L4xx_HAL_Driver/Src/stm32l4xx_hal_rcc_ex.c **** 
 981:Drivers/STM32L4xx_HAL_Driver/Src/stm32l4xx_hal_rcc_ex.c **** #if defined(UART5)
 982:Drivers/STM32L4xx_HAL_Driver/Src/stm32l4xx_hal_rcc_ex.c ****   /* Get the UART5 clock source ----------------------------------------------*/
 983:Drivers/STM32L4xx_HAL_Driver/Src/stm32l4xx_hal_rcc_ex.c ****   PeriphClkInit->Uart5ClockSelection   = __HAL_RCC_GET_UART5_SOURCE();
 984:Drivers/STM32L4xx_HAL_Driver/Src/stm32l4xx_hal_rcc_ex.c **** #endif /* UART5 */
 985:Drivers/STM32L4xx_HAL_Driver/Src/stm32l4xx_hal_rcc_ex.c **** 
 986:Drivers/STM32L4xx_HAL_Driver/Src/stm32l4xx_hal_rcc_ex.c ****   /* Get the LPUART1 clock source --------------------------------------------*/
 987:Drivers/STM32L4xx_HAL_Driver/Src/stm32l4xx_hal_rcc_ex.c ****   PeriphClkInit->Lpuart1ClockSelection = __HAL_RCC_GET_LPUART1_SOURCE();
 988:Drivers/STM32L4xx_HAL_Driver/Src/stm32l4xx_hal_rcc_ex.c **** 
 989:Drivers/STM32L4xx_HAL_Driver/Src/stm32l4xx_hal_rcc_ex.c ****   /* Get the I2C1 clock source -----------------------------------------------*/
 990:Drivers/STM32L4xx_HAL_Driver/Src/stm32l4xx_hal_rcc_ex.c ****   PeriphClkInit->I2c1ClockSelection    = __HAL_RCC_GET_I2C1_SOURCE();
 991:Drivers/STM32L4xx_HAL_Driver/Src/stm32l4xx_hal_rcc_ex.c **** 
 992:Drivers/STM32L4xx_HAL_Driver/Src/stm32l4xx_hal_rcc_ex.c **** #if defined(I2C2)
 993:Drivers/STM32L4xx_HAL_Driver/Src/stm32l4xx_hal_rcc_ex.c ****    /* Get the I2C2 clock source ----------------------------------------------*/
 994:Drivers/STM32L4xx_HAL_Driver/Src/stm32l4xx_hal_rcc_ex.c ****   PeriphClkInit->I2c2ClockSelection    = __HAL_RCC_GET_I2C2_SOURCE();
 995:Drivers/STM32L4xx_HAL_Driver/Src/stm32l4xx_hal_rcc_ex.c **** #endif /* I2C2 */
 996:Drivers/STM32L4xx_HAL_Driver/Src/stm32l4xx_hal_rcc_ex.c **** 
 997:Drivers/STM32L4xx_HAL_Driver/Src/stm32l4xx_hal_rcc_ex.c ****   /* Get the I2C3 clock source -----------------------------------------------*/
 998:Drivers/STM32L4xx_HAL_Driver/Src/stm32l4xx_hal_rcc_ex.c ****   PeriphClkInit->I2c3ClockSelection    = __HAL_RCC_GET_I2C3_SOURCE();
 999:Drivers/STM32L4xx_HAL_Driver/Src/stm32l4xx_hal_rcc_ex.c **** 
ARM GAS  /tmp/cc4nR4Y7.s 			page 19


1000:Drivers/STM32L4xx_HAL_Driver/Src/stm32l4xx_hal_rcc_ex.c **** #if defined(I2C4)
1001:Drivers/STM32L4xx_HAL_Driver/Src/stm32l4xx_hal_rcc_ex.c ****   /* Get the I2C4 clock source -----------------------------------------------*/
1002:Drivers/STM32L4xx_HAL_Driver/Src/stm32l4xx_hal_rcc_ex.c ****   PeriphClkInit->I2c4ClockSelection    = __HAL_RCC_GET_I2C4_SOURCE();
1003:Drivers/STM32L4xx_HAL_Driver/Src/stm32l4xx_hal_rcc_ex.c **** #endif /* I2C4 */
1004:Drivers/STM32L4xx_HAL_Driver/Src/stm32l4xx_hal_rcc_ex.c **** 
1005:Drivers/STM32L4xx_HAL_Driver/Src/stm32l4xx_hal_rcc_ex.c ****   /* Get the LPTIM1 clock source ---------------------------------------------*/
1006:Drivers/STM32L4xx_HAL_Driver/Src/stm32l4xx_hal_rcc_ex.c ****   PeriphClkInit->Lptim1ClockSelection  = __HAL_RCC_GET_LPTIM1_SOURCE();
1007:Drivers/STM32L4xx_HAL_Driver/Src/stm32l4xx_hal_rcc_ex.c **** 
1008:Drivers/STM32L4xx_HAL_Driver/Src/stm32l4xx_hal_rcc_ex.c ****   /* Get the LPTIM2 clock source ---------------------------------------------*/
1009:Drivers/STM32L4xx_HAL_Driver/Src/stm32l4xx_hal_rcc_ex.c ****   PeriphClkInit->Lptim2ClockSelection  = __HAL_RCC_GET_LPTIM2_SOURCE();
1010:Drivers/STM32L4xx_HAL_Driver/Src/stm32l4xx_hal_rcc_ex.c **** 
1011:Drivers/STM32L4xx_HAL_Driver/Src/stm32l4xx_hal_rcc_ex.c **** #if defined(SAI1)
1012:Drivers/STM32L4xx_HAL_Driver/Src/stm32l4xx_hal_rcc_ex.c ****   /* Get the SAI1 clock source -----------------------------------------------*/
1013:Drivers/STM32L4xx_HAL_Driver/Src/stm32l4xx_hal_rcc_ex.c ****   PeriphClkInit->Sai1ClockSelection    = __HAL_RCC_GET_SAI1_SOURCE();
1014:Drivers/STM32L4xx_HAL_Driver/Src/stm32l4xx_hal_rcc_ex.c **** #endif /* SAI1 */
1015:Drivers/STM32L4xx_HAL_Driver/Src/stm32l4xx_hal_rcc_ex.c **** 
1016:Drivers/STM32L4xx_HAL_Driver/Src/stm32l4xx_hal_rcc_ex.c **** #if defined(SAI2)
1017:Drivers/STM32L4xx_HAL_Driver/Src/stm32l4xx_hal_rcc_ex.c ****   /* Get the SAI2 clock source -----------------------------------------------*/
1018:Drivers/STM32L4xx_HAL_Driver/Src/stm32l4xx_hal_rcc_ex.c ****   PeriphClkInit->Sai2ClockSelection    = __HAL_RCC_GET_SAI2_SOURCE();
1019:Drivers/STM32L4xx_HAL_Driver/Src/stm32l4xx_hal_rcc_ex.c **** #endif /* SAI2 */
1020:Drivers/STM32L4xx_HAL_Driver/Src/stm32l4xx_hal_rcc_ex.c **** 
1021:Drivers/STM32L4xx_HAL_Driver/Src/stm32l4xx_hal_rcc_ex.c ****   /* Get the RTC clock source ------------------------------------------------*/
1022:Drivers/STM32L4xx_HAL_Driver/Src/stm32l4xx_hal_rcc_ex.c ****   PeriphClkInit->RTCClockSelection     = __HAL_RCC_GET_RTC_SOURCE();
1023:Drivers/STM32L4xx_HAL_Driver/Src/stm32l4xx_hal_rcc_ex.c **** 
1024:Drivers/STM32L4xx_HAL_Driver/Src/stm32l4xx_hal_rcc_ex.c **** #if defined(USB_OTG_FS) || defined(USB)
1025:Drivers/STM32L4xx_HAL_Driver/Src/stm32l4xx_hal_rcc_ex.c ****   /* Get the USB clock source ------------------------------------------------*/
1026:Drivers/STM32L4xx_HAL_Driver/Src/stm32l4xx_hal_rcc_ex.c ****   PeriphClkInit->UsbClockSelection   = __HAL_RCC_GET_USB_SOURCE();
1027:Drivers/STM32L4xx_HAL_Driver/Src/stm32l4xx_hal_rcc_ex.c **** #endif /* USB_OTG_FS || USB */
1028:Drivers/STM32L4xx_HAL_Driver/Src/stm32l4xx_hal_rcc_ex.c **** 
1029:Drivers/STM32L4xx_HAL_Driver/Src/stm32l4xx_hal_rcc_ex.c **** #if defined(SDMMC1)
1030:Drivers/STM32L4xx_HAL_Driver/Src/stm32l4xx_hal_rcc_ex.c ****   /* Get the SDMMC1 clock source ---------------------------------------------*/
1031:Drivers/STM32L4xx_HAL_Driver/Src/stm32l4xx_hal_rcc_ex.c ****   PeriphClkInit->Sdmmc1ClockSelection   = __HAL_RCC_GET_SDMMC1_SOURCE();
1032:Drivers/STM32L4xx_HAL_Driver/Src/stm32l4xx_hal_rcc_ex.c **** #endif /* SDMMC1 */
1033:Drivers/STM32L4xx_HAL_Driver/Src/stm32l4xx_hal_rcc_ex.c **** 
1034:Drivers/STM32L4xx_HAL_Driver/Src/stm32l4xx_hal_rcc_ex.c ****   /* Get the RNG clock source ------------------------------------------------*/
1035:Drivers/STM32L4xx_HAL_Driver/Src/stm32l4xx_hal_rcc_ex.c ****   PeriphClkInit->RngClockSelection   = __HAL_RCC_GET_RNG_SOURCE();
1036:Drivers/STM32L4xx_HAL_Driver/Src/stm32l4xx_hal_rcc_ex.c **** 
1037:Drivers/STM32L4xx_HAL_Driver/Src/stm32l4xx_hal_rcc_ex.c **** #if !defined(STM32L412xx) && !defined(STM32L422xx)
1038:Drivers/STM32L4xx_HAL_Driver/Src/stm32l4xx_hal_rcc_ex.c ****   /* Get the ADC clock source ------------------------------------------------*/
1039:Drivers/STM32L4xx_HAL_Driver/Src/stm32l4xx_hal_rcc_ex.c ****   PeriphClkInit->AdcClockSelection     = __HAL_RCC_GET_ADC_SOURCE();
1040:Drivers/STM32L4xx_HAL_Driver/Src/stm32l4xx_hal_rcc_ex.c **** #endif /* !STM32L412xx && !STM32L422xx */
1041:Drivers/STM32L4xx_HAL_Driver/Src/stm32l4xx_hal_rcc_ex.c **** 
1042:Drivers/STM32L4xx_HAL_Driver/Src/stm32l4xx_hal_rcc_ex.c **** #if defined(SWPMI1)
1043:Drivers/STM32L4xx_HAL_Driver/Src/stm32l4xx_hal_rcc_ex.c ****   /* Get the SWPMI1 clock source ---------------------------------------------*/
1044:Drivers/STM32L4xx_HAL_Driver/Src/stm32l4xx_hal_rcc_ex.c ****   PeriphClkInit->Swpmi1ClockSelection  = __HAL_RCC_GET_SWPMI1_SOURCE();
1045:Drivers/STM32L4xx_HAL_Driver/Src/stm32l4xx_hal_rcc_ex.c **** #endif /* SWPMI1 */
1046:Drivers/STM32L4xx_HAL_Driver/Src/stm32l4xx_hal_rcc_ex.c **** 
1047:Drivers/STM32L4xx_HAL_Driver/Src/stm32l4xx_hal_rcc_ex.c **** #if defined(DFSDM1_Filter0)
1048:Drivers/STM32L4xx_HAL_Driver/Src/stm32l4xx_hal_rcc_ex.c ****   /* Get the DFSDM1 clock source ---------------------------------------------*/
1049:Drivers/STM32L4xx_HAL_Driver/Src/stm32l4xx_hal_rcc_ex.c ****   PeriphClkInit->Dfsdm1ClockSelection  = __HAL_RCC_GET_DFSDM1_SOURCE();
1050:Drivers/STM32L4xx_HAL_Driver/Src/stm32l4xx_hal_rcc_ex.c **** 
1051:Drivers/STM32L4xx_HAL_Driver/Src/stm32l4xx_hal_rcc_ex.c **** #if defined(STM32L4R5xx) || defined(STM32L4R7xx) || defined(STM32L4R9xx) || defined(STM32L4S5xx) ||
1052:Drivers/STM32L4xx_HAL_Driver/Src/stm32l4xx_hal_rcc_ex.c ****   /* Get the DFSDM1 audio clock source ---------------------------------------*/
1053:Drivers/STM32L4xx_HAL_Driver/Src/stm32l4xx_hal_rcc_ex.c ****   PeriphClkInit->Dfsdm1AudioClockSelection  = __HAL_RCC_GET_DFSDM1AUDIO_SOURCE();
1054:Drivers/STM32L4xx_HAL_Driver/Src/stm32l4xx_hal_rcc_ex.c **** #endif /* STM32L4R5xx || STM32L4R7xx || STM32L4R9xx || STM32L4S5xx || STM32L4S7xx || STM32L4S9xx */
1055:Drivers/STM32L4xx_HAL_Driver/Src/stm32l4xx_hal_rcc_ex.c **** #endif /* DFSDM1_Filter0 */
1056:Drivers/STM32L4xx_HAL_Driver/Src/stm32l4xx_hal_rcc_ex.c **** 
ARM GAS  /tmp/cc4nR4Y7.s 			page 20


1057:Drivers/STM32L4xx_HAL_Driver/Src/stm32l4xx_hal_rcc_ex.c **** #if defined(LTDC)
1058:Drivers/STM32L4xx_HAL_Driver/Src/stm32l4xx_hal_rcc_ex.c ****   /* Get the LTDC clock source -----------------------------------------------*/
1059:Drivers/STM32L4xx_HAL_Driver/Src/stm32l4xx_hal_rcc_ex.c ****   PeriphClkInit->LtdcClockSelection = __HAL_RCC_GET_LTDC_SOURCE();
1060:Drivers/STM32L4xx_HAL_Driver/Src/stm32l4xx_hal_rcc_ex.c **** #endif /* LTDC */
1061:Drivers/STM32L4xx_HAL_Driver/Src/stm32l4xx_hal_rcc_ex.c **** 
1062:Drivers/STM32L4xx_HAL_Driver/Src/stm32l4xx_hal_rcc_ex.c **** #if defined(DSI)
1063:Drivers/STM32L4xx_HAL_Driver/Src/stm32l4xx_hal_rcc_ex.c ****   /* Get the DSI clock source ------------------------------------------------*/
1064:Drivers/STM32L4xx_HAL_Driver/Src/stm32l4xx_hal_rcc_ex.c ****   PeriphClkInit->DsiClockSelection = __HAL_RCC_GET_DSI_SOURCE();
1065:Drivers/STM32L4xx_HAL_Driver/Src/stm32l4xx_hal_rcc_ex.c **** #endif /* DSI */
1066:Drivers/STM32L4xx_HAL_Driver/Src/stm32l4xx_hal_rcc_ex.c **** 
1067:Drivers/STM32L4xx_HAL_Driver/Src/stm32l4xx_hal_rcc_ex.c **** #if defined(OCTOSPI1) || defined(OCTOSPI2)
1068:Drivers/STM32L4xx_HAL_Driver/Src/stm32l4xx_hal_rcc_ex.c ****   /* Get the OctoSPIclock source --------------------------------------------*/
1069:Drivers/STM32L4xx_HAL_Driver/Src/stm32l4xx_hal_rcc_ex.c ****   PeriphClkInit->OspiClockSelection = __HAL_RCC_GET_OSPI_SOURCE();
1070:Drivers/STM32L4xx_HAL_Driver/Src/stm32l4xx_hal_rcc_ex.c **** #endif /* OCTOSPI1 || OCTOSPI2 */
1071:Drivers/STM32L4xx_HAL_Driver/Src/stm32l4xx_hal_rcc_ex.c **** }
1072:Drivers/STM32L4xx_HAL_Driver/Src/stm32l4xx_hal_rcc_ex.c **** 
1073:Drivers/STM32L4xx_HAL_Driver/Src/stm32l4xx_hal_rcc_ex.c **** /**
1074:Drivers/STM32L4xx_HAL_Driver/Src/stm32l4xx_hal_rcc_ex.c ****   * @brief  Return the peripheral clock frequency for peripherals with clock source from PLLSAIs
1075:Drivers/STM32L4xx_HAL_Driver/Src/stm32l4xx_hal_rcc_ex.c ****   * @note   Return 0 if peripheral clock identifier not managed by this API
1076:Drivers/STM32L4xx_HAL_Driver/Src/stm32l4xx_hal_rcc_ex.c ****   * @param  PeriphClk  Peripheral clock identifier
1077:Drivers/STM32L4xx_HAL_Driver/Src/stm32l4xx_hal_rcc_ex.c ****   *         This parameter can be one of the following values:
1078:Drivers/STM32L4xx_HAL_Driver/Src/stm32l4xx_hal_rcc_ex.c ****   *            @arg @ref RCC_PERIPHCLK_RTC  RTC peripheral clock
1079:Drivers/STM32L4xx_HAL_Driver/Src/stm32l4xx_hal_rcc_ex.c ****   *            @arg @ref RCC_PERIPHCLK_ADC  ADC peripheral clock
1080:Drivers/STM32L4xx_HAL_Driver/Src/stm32l4xx_hal_rcc_ex.c ****   @if STM32L462xx
1081:Drivers/STM32L4xx_HAL_Driver/Src/stm32l4xx_hal_rcc_ex.c ****   *            @arg @ref RCC_PERIPHCLK_DFSDM1  DFSDM1 peripheral clock (only for devices with DFSDM
1082:Drivers/STM32L4xx_HAL_Driver/Src/stm32l4xx_hal_rcc_ex.c ****   @endif
1083:Drivers/STM32L4xx_HAL_Driver/Src/stm32l4xx_hal_rcc_ex.c ****   @if STM32L486xx
1084:Drivers/STM32L4xx_HAL_Driver/Src/stm32l4xx_hal_rcc_ex.c ****   *            @arg @ref RCC_PERIPHCLK_DFSDM1  DFSDM1 peripheral clock (only for devices with DFSDM
1085:Drivers/STM32L4xx_HAL_Driver/Src/stm32l4xx_hal_rcc_ex.c ****   @endif
1086:Drivers/STM32L4xx_HAL_Driver/Src/stm32l4xx_hal_rcc_ex.c ****   @if STM32L4A6xx
1087:Drivers/STM32L4xx_HAL_Driver/Src/stm32l4xx_hal_rcc_ex.c ****   *            @arg @ref RCC_PERIPHCLK_DFSDM1  DFSDM1 peripheral clock (only for devices with DFSDM
1088:Drivers/STM32L4xx_HAL_Driver/Src/stm32l4xx_hal_rcc_ex.c ****   @endif
1089:Drivers/STM32L4xx_HAL_Driver/Src/stm32l4xx_hal_rcc_ex.c ****   *            @arg @ref RCC_PERIPHCLK_I2C1  I2C1 peripheral clock
1090:Drivers/STM32L4xx_HAL_Driver/Src/stm32l4xx_hal_rcc_ex.c ****   *            @arg @ref RCC_PERIPHCLK_I2C2  I2C2 peripheral clock
1091:Drivers/STM32L4xx_HAL_Driver/Src/stm32l4xx_hal_rcc_ex.c ****   *            @arg @ref RCC_PERIPHCLK_I2C3  I2C3 peripheral clock
1092:Drivers/STM32L4xx_HAL_Driver/Src/stm32l4xx_hal_rcc_ex.c ****   @if STM32L462xx
1093:Drivers/STM32L4xx_HAL_Driver/Src/stm32l4xx_hal_rcc_ex.c ****   *            @arg @ref RCC_PERIPHCLK_I2C4  I2C4 peripheral clock (only for devices with I2C4)
1094:Drivers/STM32L4xx_HAL_Driver/Src/stm32l4xx_hal_rcc_ex.c ****   @endif
1095:Drivers/STM32L4xx_HAL_Driver/Src/stm32l4xx_hal_rcc_ex.c ****   @if STM32L4A6xx
1096:Drivers/STM32L4xx_HAL_Driver/Src/stm32l4xx_hal_rcc_ex.c ****   *            @arg @ref RCC_PERIPHCLK_I2C4  I2C4 peripheral clock (only for devices with I2C4)
1097:Drivers/STM32L4xx_HAL_Driver/Src/stm32l4xx_hal_rcc_ex.c ****   @endif
1098:Drivers/STM32L4xx_HAL_Driver/Src/stm32l4xx_hal_rcc_ex.c ****   @if STM32L4S9xx
1099:Drivers/STM32L4xx_HAL_Driver/Src/stm32l4xx_hal_rcc_ex.c ****   *            @arg @ref RCC_PERIPHCLK_I2C4  I2C4 peripheral clock (only for devices with I2C4)
1100:Drivers/STM32L4xx_HAL_Driver/Src/stm32l4xx_hal_rcc_ex.c ****   @endif
1101:Drivers/STM32L4xx_HAL_Driver/Src/stm32l4xx_hal_rcc_ex.c ****   *            @arg @ref RCC_PERIPHCLK_LPTIM1  LPTIM1 peripheral clock
1102:Drivers/STM32L4xx_HAL_Driver/Src/stm32l4xx_hal_rcc_ex.c ****   *            @arg @ref RCC_PERIPHCLK_LPTIM2  LPTIM2 peripheral clock
1103:Drivers/STM32L4xx_HAL_Driver/Src/stm32l4xx_hal_rcc_ex.c ****   *            @arg @ref RCC_PERIPHCLK_LPUART1  LPUART1 peripheral clock
1104:Drivers/STM32L4xx_HAL_Driver/Src/stm32l4xx_hal_rcc_ex.c ****   *            @arg @ref RCC_PERIPHCLK_RNG  RNG peripheral clock
1105:Drivers/STM32L4xx_HAL_Driver/Src/stm32l4xx_hal_rcc_ex.c ****   *            @arg @ref RCC_PERIPHCLK_SAI1  SAI1 peripheral clock (only for devices with SAI1)
1106:Drivers/STM32L4xx_HAL_Driver/Src/stm32l4xx_hal_rcc_ex.c ****   @if STM32L486xx
1107:Drivers/STM32L4xx_HAL_Driver/Src/stm32l4xx_hal_rcc_ex.c ****   *            @arg @ref RCC_PERIPHCLK_SAI2  SAI2 peripheral clock (only for devices with SAI2)
1108:Drivers/STM32L4xx_HAL_Driver/Src/stm32l4xx_hal_rcc_ex.c ****   @endif
1109:Drivers/STM32L4xx_HAL_Driver/Src/stm32l4xx_hal_rcc_ex.c ****   @if STM32L4A6xx
1110:Drivers/STM32L4xx_HAL_Driver/Src/stm32l4xx_hal_rcc_ex.c ****   *            @arg @ref RCC_PERIPHCLK_SAI2  SAI2 peripheral clock (only for devices with SAI2)
1111:Drivers/STM32L4xx_HAL_Driver/Src/stm32l4xx_hal_rcc_ex.c ****   @endif
1112:Drivers/STM32L4xx_HAL_Driver/Src/stm32l4xx_hal_rcc_ex.c ****   @if STM32L4S9xx
1113:Drivers/STM32L4xx_HAL_Driver/Src/stm32l4xx_hal_rcc_ex.c ****   *            @arg @ref RCC_PERIPHCLK_SAI2  SAI2 peripheral clock (only for devices with SAI2)
ARM GAS  /tmp/cc4nR4Y7.s 			page 21


1114:Drivers/STM32L4xx_HAL_Driver/Src/stm32l4xx_hal_rcc_ex.c ****   @endif
1115:Drivers/STM32L4xx_HAL_Driver/Src/stm32l4xx_hal_rcc_ex.c ****   *            @arg @ref RCC_PERIPHCLK_SDMMC1  SDMMC1 peripheral clock
1116:Drivers/STM32L4xx_HAL_Driver/Src/stm32l4xx_hal_rcc_ex.c ****   @if STM32L443xx
1117:Drivers/STM32L4xx_HAL_Driver/Src/stm32l4xx_hal_rcc_ex.c ****   *            @arg @ref RCC_PERIPHCLK_SWPMI1  SWPMI1 peripheral clock (only for devices with SWPMI
1118:Drivers/STM32L4xx_HAL_Driver/Src/stm32l4xx_hal_rcc_ex.c ****   @endif
1119:Drivers/STM32L4xx_HAL_Driver/Src/stm32l4xx_hal_rcc_ex.c ****   @if STM32L486xx
1120:Drivers/STM32L4xx_HAL_Driver/Src/stm32l4xx_hal_rcc_ex.c ****   *            @arg @ref RCC_PERIPHCLK_SWPMI1  SWPMI1 peripheral clock (only for devices with SWPMI
1121:Drivers/STM32L4xx_HAL_Driver/Src/stm32l4xx_hal_rcc_ex.c ****   @endif
1122:Drivers/STM32L4xx_HAL_Driver/Src/stm32l4xx_hal_rcc_ex.c ****   @if STM32L4A6xx
1123:Drivers/STM32L4xx_HAL_Driver/Src/stm32l4xx_hal_rcc_ex.c ****   *            @arg @ref RCC_PERIPHCLK_SWPMI1  SWPMI1 peripheral clock (only for devices with SWPMI
1124:Drivers/STM32L4xx_HAL_Driver/Src/stm32l4xx_hal_rcc_ex.c ****   @endif
1125:Drivers/STM32L4xx_HAL_Driver/Src/stm32l4xx_hal_rcc_ex.c ****   *            @arg @ref RCC_PERIPHCLK_USART1  USART1 peripheral clock
1126:Drivers/STM32L4xx_HAL_Driver/Src/stm32l4xx_hal_rcc_ex.c ****   *            @arg @ref RCC_PERIPHCLK_USART2  USART1 peripheral clock
1127:Drivers/STM32L4xx_HAL_Driver/Src/stm32l4xx_hal_rcc_ex.c ****   *            @arg @ref RCC_PERIPHCLK_USART3  USART1 peripheral clock
1128:Drivers/STM32L4xx_HAL_Driver/Src/stm32l4xx_hal_rcc_ex.c ****   @if STM32L462xx
1129:Drivers/STM32L4xx_HAL_Driver/Src/stm32l4xx_hal_rcc_ex.c ****   *            @arg @ref RCC_PERIPHCLK_UART4  UART4 peripheral clock (only for devices with UART4)
1130:Drivers/STM32L4xx_HAL_Driver/Src/stm32l4xx_hal_rcc_ex.c ****   *            @arg @ref RCC_PERIPHCLK_USB  USB peripheral clock (only for devices with USB)
1131:Drivers/STM32L4xx_HAL_Driver/Src/stm32l4xx_hal_rcc_ex.c ****   @endif
1132:Drivers/STM32L4xx_HAL_Driver/Src/stm32l4xx_hal_rcc_ex.c ****   @if STM32L486xx
1133:Drivers/STM32L4xx_HAL_Driver/Src/stm32l4xx_hal_rcc_ex.c ****   *            @arg @ref RCC_PERIPHCLK_UART4  UART4 peripheral clock (only for devices with UART4)
1134:Drivers/STM32L4xx_HAL_Driver/Src/stm32l4xx_hal_rcc_ex.c ****   *            @arg @ref RCC_PERIPHCLK_UART5  UART5 peripheral clock (only for devices with UART5)
1135:Drivers/STM32L4xx_HAL_Driver/Src/stm32l4xx_hal_rcc_ex.c ****   *            @arg @ref RCC_PERIPHCLK_USB  USB peripheral clock (only for devices with USB)
1136:Drivers/STM32L4xx_HAL_Driver/Src/stm32l4xx_hal_rcc_ex.c ****   @endif
1137:Drivers/STM32L4xx_HAL_Driver/Src/stm32l4xx_hal_rcc_ex.c ****   @if STM32L4A6xx
1138:Drivers/STM32L4xx_HAL_Driver/Src/stm32l4xx_hal_rcc_ex.c ****   *            @arg @ref RCC_PERIPHCLK_UART4  UART4 peripheral clock (only for devices with UART4)
1139:Drivers/STM32L4xx_HAL_Driver/Src/stm32l4xx_hal_rcc_ex.c ****   *            @arg @ref RCC_PERIPHCLK_UART5  UART5 peripheral clock (only for devices with UART5)
1140:Drivers/STM32L4xx_HAL_Driver/Src/stm32l4xx_hal_rcc_ex.c ****   *            @arg @ref RCC_PERIPHCLK_USB  USB peripheral clock (only for devices with USB)
1141:Drivers/STM32L4xx_HAL_Driver/Src/stm32l4xx_hal_rcc_ex.c ****   @endif
1142:Drivers/STM32L4xx_HAL_Driver/Src/stm32l4xx_hal_rcc_ex.c ****   @if STM32L4S9xx
1143:Drivers/STM32L4xx_HAL_Driver/Src/stm32l4xx_hal_rcc_ex.c ****   *            @arg @ref RCC_PERIPHCLK_UART4  USART1 peripheral clock (only for devices with UART4)
1144:Drivers/STM32L4xx_HAL_Driver/Src/stm32l4xx_hal_rcc_ex.c ****   *            @arg @ref RCC_PERIPHCLK_UART5  USART1 peripheral clock (only for devices with UART5)
1145:Drivers/STM32L4xx_HAL_Driver/Src/stm32l4xx_hal_rcc_ex.c ****   *            @arg @ref RCC_PERIPHCLK_USB  USB peripheral clock (only for devices with USB)
1146:Drivers/STM32L4xx_HAL_Driver/Src/stm32l4xx_hal_rcc_ex.c ****   *            @arg @ref RCC_PERIPHCLK_DFSDM1  DFSDM1 peripheral kernel clock (only for devices wit
1147:Drivers/STM32L4xx_HAL_Driver/Src/stm32l4xx_hal_rcc_ex.c ****   *            @arg @ref RCC_PERIPHCLK_DFSDM1AUDIO  DFSDM1 peripheral audio clock (only for devices
1148:Drivers/STM32L4xx_HAL_Driver/Src/stm32l4xx_hal_rcc_ex.c ****   *            @arg @ref RCC_PERIPHCLK_LTDC  LTDC peripheral clock (only for devices with LTDC)
1149:Drivers/STM32L4xx_HAL_Driver/Src/stm32l4xx_hal_rcc_ex.c ****   *            @arg @ref RCC_PERIPHCLK_DSI  DSI peripheral clock (only for devices with DSI)
1150:Drivers/STM32L4xx_HAL_Driver/Src/stm32l4xx_hal_rcc_ex.c ****   *            @arg @ref RCC_PERIPHCLK_OSPI  OctoSPI peripheral clock (only for devices with OctoSP
1151:Drivers/STM32L4xx_HAL_Driver/Src/stm32l4xx_hal_rcc_ex.c ****   @endif
1152:Drivers/STM32L4xx_HAL_Driver/Src/stm32l4xx_hal_rcc_ex.c ****   * @retval Frequency in Hz
1153:Drivers/STM32L4xx_HAL_Driver/Src/stm32l4xx_hal_rcc_ex.c ****   */
1154:Drivers/STM32L4xx_HAL_Driver/Src/stm32l4xx_hal_rcc_ex.c **** uint32_t HAL_RCCEx_GetPeriphCLKFreq(uint32_t PeriphClk)
1155:Drivers/STM32L4xx_HAL_Driver/Src/stm32l4xx_hal_rcc_ex.c **** {
1156:Drivers/STM32L4xx_HAL_Driver/Src/stm32l4xx_hal_rcc_ex.c ****   uint32_t frequency = 0U;
1157:Drivers/STM32L4xx_HAL_Driver/Src/stm32l4xx_hal_rcc_ex.c ****   uint32_t srcclk, pll_oscsource, pllvco, plln;    /* no init needed */
1158:Drivers/STM32L4xx_HAL_Driver/Src/stm32l4xx_hal_rcc_ex.c **** #if defined(SDMMC1) && defined(RCC_CCIPR2_SDMMCSEL)
1159:Drivers/STM32L4xx_HAL_Driver/Src/stm32l4xx_hal_rcc_ex.c ****   uint32_t pllp;  /* no init needed */
1160:Drivers/STM32L4xx_HAL_Driver/Src/stm32l4xx_hal_rcc_ex.c **** #endif
1161:Drivers/STM32L4xx_HAL_Driver/Src/stm32l4xx_hal_rcc_ex.c **** 
1162:Drivers/STM32L4xx_HAL_Driver/Src/stm32l4xx_hal_rcc_ex.c ****   /* Check the parameters */
1163:Drivers/STM32L4xx_HAL_Driver/Src/stm32l4xx_hal_rcc_ex.c ****   assert_param(IS_RCC_PERIPHCLOCK(PeriphClk));
1164:Drivers/STM32L4xx_HAL_Driver/Src/stm32l4xx_hal_rcc_ex.c **** 
1165:Drivers/STM32L4xx_HAL_Driver/Src/stm32l4xx_hal_rcc_ex.c ****   if(PeriphClk == RCC_PERIPHCLK_RTC)
1166:Drivers/STM32L4xx_HAL_Driver/Src/stm32l4xx_hal_rcc_ex.c ****   {
1167:Drivers/STM32L4xx_HAL_Driver/Src/stm32l4xx_hal_rcc_ex.c ****     /* Get the current RTC source */
1168:Drivers/STM32L4xx_HAL_Driver/Src/stm32l4xx_hal_rcc_ex.c ****     srcclk = __HAL_RCC_GET_RTC_SOURCE();
1169:Drivers/STM32L4xx_HAL_Driver/Src/stm32l4xx_hal_rcc_ex.c **** 
1170:Drivers/STM32L4xx_HAL_Driver/Src/stm32l4xx_hal_rcc_ex.c ****     switch(srcclk)
ARM GAS  /tmp/cc4nR4Y7.s 			page 22


1171:Drivers/STM32L4xx_HAL_Driver/Src/stm32l4xx_hal_rcc_ex.c ****     {
1172:Drivers/STM32L4xx_HAL_Driver/Src/stm32l4xx_hal_rcc_ex.c ****     case RCC_RTCCLKSOURCE_LSE:
1173:Drivers/STM32L4xx_HAL_Driver/Src/stm32l4xx_hal_rcc_ex.c ****       /* Check if LSE is ready */
1174:Drivers/STM32L4xx_HAL_Driver/Src/stm32l4xx_hal_rcc_ex.c ****       if(HAL_IS_BIT_SET(RCC->BDCR, RCC_BDCR_LSERDY))
1175:Drivers/STM32L4xx_HAL_Driver/Src/stm32l4xx_hal_rcc_ex.c ****       {
1176:Drivers/STM32L4xx_HAL_Driver/Src/stm32l4xx_hal_rcc_ex.c ****         frequency = LSE_VALUE;
1177:Drivers/STM32L4xx_HAL_Driver/Src/stm32l4xx_hal_rcc_ex.c ****       }
1178:Drivers/STM32L4xx_HAL_Driver/Src/stm32l4xx_hal_rcc_ex.c ****       break;
1179:Drivers/STM32L4xx_HAL_Driver/Src/stm32l4xx_hal_rcc_ex.c ****     case RCC_RTCCLKSOURCE_LSI:
1180:Drivers/STM32L4xx_HAL_Driver/Src/stm32l4xx_hal_rcc_ex.c ****       /* Check if LSI is ready */
1181:Drivers/STM32L4xx_HAL_Driver/Src/stm32l4xx_hal_rcc_ex.c ****       if(HAL_IS_BIT_SET(RCC->CSR, RCC_CSR_LSIRDY))
1182:Drivers/STM32L4xx_HAL_Driver/Src/stm32l4xx_hal_rcc_ex.c ****       {
1183:Drivers/STM32L4xx_HAL_Driver/Src/stm32l4xx_hal_rcc_ex.c **** #if defined(RCC_CSR_LSIPREDIV)
1184:Drivers/STM32L4xx_HAL_Driver/Src/stm32l4xx_hal_rcc_ex.c ****         if(HAL_IS_BIT_SET(RCC->CSR, RCC_CSR_LSIPREDIV))
1185:Drivers/STM32L4xx_HAL_Driver/Src/stm32l4xx_hal_rcc_ex.c ****         {
1186:Drivers/STM32L4xx_HAL_Driver/Src/stm32l4xx_hal_rcc_ex.c ****           frequency = LSI_VALUE/128U;
1187:Drivers/STM32L4xx_HAL_Driver/Src/stm32l4xx_hal_rcc_ex.c ****         }
1188:Drivers/STM32L4xx_HAL_Driver/Src/stm32l4xx_hal_rcc_ex.c ****         else
1189:Drivers/STM32L4xx_HAL_Driver/Src/stm32l4xx_hal_rcc_ex.c **** #endif /* RCC_CSR_LSIPREDIV */
1190:Drivers/STM32L4xx_HAL_Driver/Src/stm32l4xx_hal_rcc_ex.c ****         {
1191:Drivers/STM32L4xx_HAL_Driver/Src/stm32l4xx_hal_rcc_ex.c ****           frequency = LSI_VALUE;
1192:Drivers/STM32L4xx_HAL_Driver/Src/stm32l4xx_hal_rcc_ex.c ****         }
1193:Drivers/STM32L4xx_HAL_Driver/Src/stm32l4xx_hal_rcc_ex.c ****       }
1194:Drivers/STM32L4xx_HAL_Driver/Src/stm32l4xx_hal_rcc_ex.c ****       break;
1195:Drivers/STM32L4xx_HAL_Driver/Src/stm32l4xx_hal_rcc_ex.c ****     case RCC_RTCCLKSOURCE_HSE_DIV32:
1196:Drivers/STM32L4xx_HAL_Driver/Src/stm32l4xx_hal_rcc_ex.c ****       /* Check if HSE is ready */
1197:Drivers/STM32L4xx_HAL_Driver/Src/stm32l4xx_hal_rcc_ex.c ****       if(HAL_IS_BIT_SET(RCC->CR, RCC_CR_HSERDY))
1198:Drivers/STM32L4xx_HAL_Driver/Src/stm32l4xx_hal_rcc_ex.c ****       {
1199:Drivers/STM32L4xx_HAL_Driver/Src/stm32l4xx_hal_rcc_ex.c ****         frequency = HSE_VALUE / 32U;
1200:Drivers/STM32L4xx_HAL_Driver/Src/stm32l4xx_hal_rcc_ex.c ****       }
1201:Drivers/STM32L4xx_HAL_Driver/Src/stm32l4xx_hal_rcc_ex.c ****       break;
1202:Drivers/STM32L4xx_HAL_Driver/Src/stm32l4xx_hal_rcc_ex.c ****     default:
1203:Drivers/STM32L4xx_HAL_Driver/Src/stm32l4xx_hal_rcc_ex.c ****       /* No clock source, frequency default init at 0 */
1204:Drivers/STM32L4xx_HAL_Driver/Src/stm32l4xx_hal_rcc_ex.c ****       break;
1205:Drivers/STM32L4xx_HAL_Driver/Src/stm32l4xx_hal_rcc_ex.c ****     }
1206:Drivers/STM32L4xx_HAL_Driver/Src/stm32l4xx_hal_rcc_ex.c ****   }
1207:Drivers/STM32L4xx_HAL_Driver/Src/stm32l4xx_hal_rcc_ex.c ****   else
1208:Drivers/STM32L4xx_HAL_Driver/Src/stm32l4xx_hal_rcc_ex.c ****   {
1209:Drivers/STM32L4xx_HAL_Driver/Src/stm32l4xx_hal_rcc_ex.c ****     /* Other external peripheral clock source than RTC */
1210:Drivers/STM32L4xx_HAL_Driver/Src/stm32l4xx_hal_rcc_ex.c ****     pll_oscsource = __HAL_RCC_GET_PLL_OSCSOURCE();
1211:Drivers/STM32L4xx_HAL_Driver/Src/stm32l4xx_hal_rcc_ex.c **** 
1212:Drivers/STM32L4xx_HAL_Driver/Src/stm32l4xx_hal_rcc_ex.c ****     /* Compute PLL clock input */
1213:Drivers/STM32L4xx_HAL_Driver/Src/stm32l4xx_hal_rcc_ex.c ****     switch(pll_oscsource)
1214:Drivers/STM32L4xx_HAL_Driver/Src/stm32l4xx_hal_rcc_ex.c ****     {
1215:Drivers/STM32L4xx_HAL_Driver/Src/stm32l4xx_hal_rcc_ex.c ****     case RCC_PLLSOURCE_MSI:   /* MSI ? */
1216:Drivers/STM32L4xx_HAL_Driver/Src/stm32l4xx_hal_rcc_ex.c ****       if(HAL_IS_BIT_SET(RCC->CR, RCC_CR_MSIRDY))
1217:Drivers/STM32L4xx_HAL_Driver/Src/stm32l4xx_hal_rcc_ex.c ****       {
1218:Drivers/STM32L4xx_HAL_Driver/Src/stm32l4xx_hal_rcc_ex.c ****         /*MSI frequency range in HZ*/
1219:Drivers/STM32L4xx_HAL_Driver/Src/stm32l4xx_hal_rcc_ex.c ****         pllvco = MSIRangeTable[(__HAL_RCC_GET_MSI_RANGE() >> 4U)];
1220:Drivers/STM32L4xx_HAL_Driver/Src/stm32l4xx_hal_rcc_ex.c ****       }
1221:Drivers/STM32L4xx_HAL_Driver/Src/stm32l4xx_hal_rcc_ex.c ****       else
1222:Drivers/STM32L4xx_HAL_Driver/Src/stm32l4xx_hal_rcc_ex.c ****       {
1223:Drivers/STM32L4xx_HAL_Driver/Src/stm32l4xx_hal_rcc_ex.c ****         pllvco = 0U;
1224:Drivers/STM32L4xx_HAL_Driver/Src/stm32l4xx_hal_rcc_ex.c ****       }
1225:Drivers/STM32L4xx_HAL_Driver/Src/stm32l4xx_hal_rcc_ex.c ****       break;
1226:Drivers/STM32L4xx_HAL_Driver/Src/stm32l4xx_hal_rcc_ex.c ****     case RCC_PLLSOURCE_HSI:   /* HSI ? */
1227:Drivers/STM32L4xx_HAL_Driver/Src/stm32l4xx_hal_rcc_ex.c ****       if(HAL_IS_BIT_SET(RCC->CR, RCC_CR_HSIRDY))
ARM GAS  /tmp/cc4nR4Y7.s 			page 23


1228:Drivers/STM32L4xx_HAL_Driver/Src/stm32l4xx_hal_rcc_ex.c ****       {
1229:Drivers/STM32L4xx_HAL_Driver/Src/stm32l4xx_hal_rcc_ex.c ****         pllvco = HSI_VALUE;
1230:Drivers/STM32L4xx_HAL_Driver/Src/stm32l4xx_hal_rcc_ex.c ****       }
1231:Drivers/STM32L4xx_HAL_Driver/Src/stm32l4xx_hal_rcc_ex.c ****       else
1232:Drivers/STM32L4xx_HAL_Driver/Src/stm32l4xx_hal_rcc_ex.c ****       {
1233:Drivers/STM32L4xx_HAL_Driver/Src/stm32l4xx_hal_rcc_ex.c ****         pllvco = 0U;
1234:Drivers/STM32L4xx_HAL_Driver/Src/stm32l4xx_hal_rcc_ex.c ****       }
1235:Drivers/STM32L4xx_HAL_Driver/Src/stm32l4xx_hal_rcc_ex.c ****       break;
1236:Drivers/STM32L4xx_HAL_Driver/Src/stm32l4xx_hal_rcc_ex.c ****     case RCC_PLLSOURCE_HSE:   /* HSE ? */
1237:Drivers/STM32L4xx_HAL_Driver/Src/stm32l4xx_hal_rcc_ex.c ****       if(HAL_IS_BIT_SET(RCC->CR, RCC_CR_HSERDY))
1238:Drivers/STM32L4xx_HAL_Driver/Src/stm32l4xx_hal_rcc_ex.c ****       {
1239:Drivers/STM32L4xx_HAL_Driver/Src/stm32l4xx_hal_rcc_ex.c ****         pllvco = HSE_VALUE;
1240:Drivers/STM32L4xx_HAL_Driver/Src/stm32l4xx_hal_rcc_ex.c ****       }
1241:Drivers/STM32L4xx_HAL_Driver/Src/stm32l4xx_hal_rcc_ex.c ****       else
1242:Drivers/STM32L4xx_HAL_Driver/Src/stm32l4xx_hal_rcc_ex.c ****       {
1243:Drivers/STM32L4xx_HAL_Driver/Src/stm32l4xx_hal_rcc_ex.c ****         pllvco = 0U;
1244:Drivers/STM32L4xx_HAL_Driver/Src/stm32l4xx_hal_rcc_ex.c ****       }
1245:Drivers/STM32L4xx_HAL_Driver/Src/stm32l4xx_hal_rcc_ex.c ****       break;
1246:Drivers/STM32L4xx_HAL_Driver/Src/stm32l4xx_hal_rcc_ex.c ****     default:
1247:Drivers/STM32L4xx_HAL_Driver/Src/stm32l4xx_hal_rcc_ex.c ****       /* No source */
1248:Drivers/STM32L4xx_HAL_Driver/Src/stm32l4xx_hal_rcc_ex.c ****       pllvco = 0U;
1249:Drivers/STM32L4xx_HAL_Driver/Src/stm32l4xx_hal_rcc_ex.c ****       break;
1250:Drivers/STM32L4xx_HAL_Driver/Src/stm32l4xx_hal_rcc_ex.c ****     }
1251:Drivers/STM32L4xx_HAL_Driver/Src/stm32l4xx_hal_rcc_ex.c **** 
1252:Drivers/STM32L4xx_HAL_Driver/Src/stm32l4xx_hal_rcc_ex.c ****     switch(PeriphClk)
1253:Drivers/STM32L4xx_HAL_Driver/Src/stm32l4xx_hal_rcc_ex.c ****     {
1254:Drivers/STM32L4xx_HAL_Driver/Src/stm32l4xx_hal_rcc_ex.c **** #if defined(SAI1)
1255:Drivers/STM32L4xx_HAL_Driver/Src/stm32l4xx_hal_rcc_ex.c **** 
1256:Drivers/STM32L4xx_HAL_Driver/Src/stm32l4xx_hal_rcc_ex.c ****     case RCC_PERIPHCLK_SAI1:
1257:Drivers/STM32L4xx_HAL_Driver/Src/stm32l4xx_hal_rcc_ex.c ****       frequency = RCCEx_GetSAIxPeriphCLKFreq(RCC_PERIPHCLK_SAI1, pllvco);
1258:Drivers/STM32L4xx_HAL_Driver/Src/stm32l4xx_hal_rcc_ex.c ****       break;
1259:Drivers/STM32L4xx_HAL_Driver/Src/stm32l4xx_hal_rcc_ex.c **** 
1260:Drivers/STM32L4xx_HAL_Driver/Src/stm32l4xx_hal_rcc_ex.c **** #endif
1261:Drivers/STM32L4xx_HAL_Driver/Src/stm32l4xx_hal_rcc_ex.c **** 
1262:Drivers/STM32L4xx_HAL_Driver/Src/stm32l4xx_hal_rcc_ex.c **** #if defined(SAI2)
1263:Drivers/STM32L4xx_HAL_Driver/Src/stm32l4xx_hal_rcc_ex.c **** 
1264:Drivers/STM32L4xx_HAL_Driver/Src/stm32l4xx_hal_rcc_ex.c ****     case RCC_PERIPHCLK_SAI2:
1265:Drivers/STM32L4xx_HAL_Driver/Src/stm32l4xx_hal_rcc_ex.c ****       frequency = RCCEx_GetSAIxPeriphCLKFreq(RCC_PERIPHCLK_SAI2, pllvco);
1266:Drivers/STM32L4xx_HAL_Driver/Src/stm32l4xx_hal_rcc_ex.c ****       break;
1267:Drivers/STM32L4xx_HAL_Driver/Src/stm32l4xx_hal_rcc_ex.c **** 
1268:Drivers/STM32L4xx_HAL_Driver/Src/stm32l4xx_hal_rcc_ex.c **** #endif
1269:Drivers/STM32L4xx_HAL_Driver/Src/stm32l4xx_hal_rcc_ex.c **** 
1270:Drivers/STM32L4xx_HAL_Driver/Src/stm32l4xx_hal_rcc_ex.c **** #if defined(USB_OTG_FS) || defined(USB)
1271:Drivers/STM32L4xx_HAL_Driver/Src/stm32l4xx_hal_rcc_ex.c **** 
1272:Drivers/STM32L4xx_HAL_Driver/Src/stm32l4xx_hal_rcc_ex.c ****     case RCC_PERIPHCLK_USB:
1273:Drivers/STM32L4xx_HAL_Driver/Src/stm32l4xx_hal_rcc_ex.c **** 
1274:Drivers/STM32L4xx_HAL_Driver/Src/stm32l4xx_hal_rcc_ex.c **** #endif /* USB_OTG_FS || USB */
1275:Drivers/STM32L4xx_HAL_Driver/Src/stm32l4xx_hal_rcc_ex.c **** 
1276:Drivers/STM32L4xx_HAL_Driver/Src/stm32l4xx_hal_rcc_ex.c ****     case RCC_PERIPHCLK_RNG:
1277:Drivers/STM32L4xx_HAL_Driver/Src/stm32l4xx_hal_rcc_ex.c **** 
1278:Drivers/STM32L4xx_HAL_Driver/Src/stm32l4xx_hal_rcc_ex.c **** #if defined(SDMMC1) && !defined(RCC_CCIPR2_SDMMCSEL)
1279:Drivers/STM32L4xx_HAL_Driver/Src/stm32l4xx_hal_rcc_ex.c **** 
1280:Drivers/STM32L4xx_HAL_Driver/Src/stm32l4xx_hal_rcc_ex.c ****     case RCC_PERIPHCLK_SDMMC1:
1281:Drivers/STM32L4xx_HAL_Driver/Src/stm32l4xx_hal_rcc_ex.c **** 
1282:Drivers/STM32L4xx_HAL_Driver/Src/stm32l4xx_hal_rcc_ex.c **** #endif /* SDMMC1 && !RCC_CCIPR2_SDMMCSEL */
1283:Drivers/STM32L4xx_HAL_Driver/Src/stm32l4xx_hal_rcc_ex.c ****       {
1284:Drivers/STM32L4xx_HAL_Driver/Src/stm32l4xx_hal_rcc_ex.c ****         srcclk = READ_BIT(RCC->CCIPR, RCC_CCIPR_CLK48SEL);
ARM GAS  /tmp/cc4nR4Y7.s 			page 24


1285:Drivers/STM32L4xx_HAL_Driver/Src/stm32l4xx_hal_rcc_ex.c **** 
1286:Drivers/STM32L4xx_HAL_Driver/Src/stm32l4xx_hal_rcc_ex.c ****         switch(srcclk)
1287:Drivers/STM32L4xx_HAL_Driver/Src/stm32l4xx_hal_rcc_ex.c ****         {
1288:Drivers/STM32L4xx_HAL_Driver/Src/stm32l4xx_hal_rcc_ex.c ****         case RCC_CCIPR_CLK48SEL:   /* MSI ? */
1289:Drivers/STM32L4xx_HAL_Driver/Src/stm32l4xx_hal_rcc_ex.c ****           if(HAL_IS_BIT_SET(RCC->CR, RCC_CR_MSIRDY))
1290:Drivers/STM32L4xx_HAL_Driver/Src/stm32l4xx_hal_rcc_ex.c ****           {
1291:Drivers/STM32L4xx_HAL_Driver/Src/stm32l4xx_hal_rcc_ex.c ****             /*MSI frequency range in HZ*/
1292:Drivers/STM32L4xx_HAL_Driver/Src/stm32l4xx_hal_rcc_ex.c ****             frequency = MSIRangeTable[(__HAL_RCC_GET_MSI_RANGE() >> 4U)];
1293:Drivers/STM32L4xx_HAL_Driver/Src/stm32l4xx_hal_rcc_ex.c ****           }
1294:Drivers/STM32L4xx_HAL_Driver/Src/stm32l4xx_hal_rcc_ex.c ****           break;
1295:Drivers/STM32L4xx_HAL_Driver/Src/stm32l4xx_hal_rcc_ex.c ****         case RCC_CCIPR_CLK48SEL_1:  /* PLL ? */
1296:Drivers/STM32L4xx_HAL_Driver/Src/stm32l4xx_hal_rcc_ex.c ****           if(HAL_IS_BIT_SET(RCC->CR, RCC_CR_PLLRDY))
1297:Drivers/STM32L4xx_HAL_Driver/Src/stm32l4xx_hal_rcc_ex.c ****           {
1298:Drivers/STM32L4xx_HAL_Driver/Src/stm32l4xx_hal_rcc_ex.c ****             if(HAL_IS_BIT_SET(RCC->PLLCFGR, RCC_PLLCFGR_PLLQEN))
1299:Drivers/STM32L4xx_HAL_Driver/Src/stm32l4xx_hal_rcc_ex.c ****             {
1300:Drivers/STM32L4xx_HAL_Driver/Src/stm32l4xx_hal_rcc_ex.c ****               /* f(PLL Source) * PLLN / PLLM */
1301:Drivers/STM32L4xx_HAL_Driver/Src/stm32l4xx_hal_rcc_ex.c ****               plln = READ_BIT(RCC->PLLCFGR, RCC_PLLCFGR_PLLN) >> RCC_PLLCFGR_PLLN_Pos;
1302:Drivers/STM32L4xx_HAL_Driver/Src/stm32l4xx_hal_rcc_ex.c ****               pllvco = ((pllvco * plln) / ((READ_BIT(RCC->PLLCFGR, RCC_PLLCFGR_PLLM) >> RCC_PLLCFGR
1303:Drivers/STM32L4xx_HAL_Driver/Src/stm32l4xx_hal_rcc_ex.c ****               /* f(PLL48M1CLK) = f(VCO input) / PLLQ */
1304:Drivers/STM32L4xx_HAL_Driver/Src/stm32l4xx_hal_rcc_ex.c ****               frequency = (pllvco / (((READ_BIT(RCC->PLLCFGR, RCC_PLLCFGR_PLLQ) >> RCC_PLLCFGR_PLLQ
1305:Drivers/STM32L4xx_HAL_Driver/Src/stm32l4xx_hal_rcc_ex.c ****             }
1306:Drivers/STM32L4xx_HAL_Driver/Src/stm32l4xx_hal_rcc_ex.c ****           }
1307:Drivers/STM32L4xx_HAL_Driver/Src/stm32l4xx_hal_rcc_ex.c ****           break;
1308:Drivers/STM32L4xx_HAL_Driver/Src/stm32l4xx_hal_rcc_ex.c **** #if defined(RCC_PLLSAI1_SUPPORT)
1309:Drivers/STM32L4xx_HAL_Driver/Src/stm32l4xx_hal_rcc_ex.c ****         case RCC_CCIPR_CLK48SEL_0:  /* PLLSAI1 ? */
1310:Drivers/STM32L4xx_HAL_Driver/Src/stm32l4xx_hal_rcc_ex.c ****           if(HAL_IS_BIT_SET(RCC->CR, RCC_CR_PLLSAI1RDY))
1311:Drivers/STM32L4xx_HAL_Driver/Src/stm32l4xx_hal_rcc_ex.c ****           {
1312:Drivers/STM32L4xx_HAL_Driver/Src/stm32l4xx_hal_rcc_ex.c ****             if(HAL_IS_BIT_SET(RCC->PLLSAI1CFGR, RCC_PLLSAI1CFGR_PLLSAI1QEN))
1313:Drivers/STM32L4xx_HAL_Driver/Src/stm32l4xx_hal_rcc_ex.c ****             {
1314:Drivers/STM32L4xx_HAL_Driver/Src/stm32l4xx_hal_rcc_ex.c ****               plln = READ_BIT(RCC->PLLSAI1CFGR, RCC_PLLSAI1CFGR_PLLSAI1N) >> RCC_PLLSAI1CFGR_PLLSAI
1315:Drivers/STM32L4xx_HAL_Driver/Src/stm32l4xx_hal_rcc_ex.c **** #if defined(RCC_PLLSAI1M_DIV_1_16_SUPPORT)
1316:Drivers/STM32L4xx_HAL_Driver/Src/stm32l4xx_hal_rcc_ex.c ****               /* PLLSAI1M exists: apply PLLSAI1M divider for PLLSAI1 output computation */
1317:Drivers/STM32L4xx_HAL_Driver/Src/stm32l4xx_hal_rcc_ex.c ****               /* f(PLLSAI1 Source) * PLLSAI1N / PLLSAI1M */
1318:Drivers/STM32L4xx_HAL_Driver/Src/stm32l4xx_hal_rcc_ex.c ****               pllvco = ((pllvco * plln) / ((READ_BIT(RCC->PLLSAI1CFGR, RCC_PLLSAI1CFGR_PLLSAI1M) >>
1319:Drivers/STM32L4xx_HAL_Driver/Src/stm32l4xx_hal_rcc_ex.c **** #else
1320:Drivers/STM32L4xx_HAL_Driver/Src/stm32l4xx_hal_rcc_ex.c ****               /* f(PLL Source) * PLLSAI1N / PLLM */
1321:Drivers/STM32L4xx_HAL_Driver/Src/stm32l4xx_hal_rcc_ex.c ****               pllvco = ((pllvco * plln) / ((READ_BIT(RCC->PLLCFGR, RCC_PLLCFGR_PLLM) >> RCC_PLLCFGR
1322:Drivers/STM32L4xx_HAL_Driver/Src/stm32l4xx_hal_rcc_ex.c **** #endif
1323:Drivers/STM32L4xx_HAL_Driver/Src/stm32l4xx_hal_rcc_ex.c ****               /* f(PLL48M2CLK) = f(VCOSAI1 input) / PLLSAI1Q */
1324:Drivers/STM32L4xx_HAL_Driver/Src/stm32l4xx_hal_rcc_ex.c ****               frequency = (pllvco / (((READ_BIT(RCC->PLLSAI1CFGR, RCC_PLLSAI1CFGR_PLLSAI1Q) >> RCC_
1325:Drivers/STM32L4xx_HAL_Driver/Src/stm32l4xx_hal_rcc_ex.c ****             }
1326:Drivers/STM32L4xx_HAL_Driver/Src/stm32l4xx_hal_rcc_ex.c ****           }
1327:Drivers/STM32L4xx_HAL_Driver/Src/stm32l4xx_hal_rcc_ex.c ****           break;
1328:Drivers/STM32L4xx_HAL_Driver/Src/stm32l4xx_hal_rcc_ex.c **** #endif /* RCC_PLLSAI1_SUPPORT */
1329:Drivers/STM32L4xx_HAL_Driver/Src/stm32l4xx_hal_rcc_ex.c **** #if defined(RCC_HSI48_SUPPORT)
1330:Drivers/STM32L4xx_HAL_Driver/Src/stm32l4xx_hal_rcc_ex.c ****         case 0U:
1331:Drivers/STM32L4xx_HAL_Driver/Src/stm32l4xx_hal_rcc_ex.c ****           if(HAL_IS_BIT_SET(RCC->CRRCR, RCC_CRRCR_HSI48RDY)) /* HSI48 ? */
1332:Drivers/STM32L4xx_HAL_Driver/Src/stm32l4xx_hal_rcc_ex.c ****           {
1333:Drivers/STM32L4xx_HAL_Driver/Src/stm32l4xx_hal_rcc_ex.c ****             frequency = HSI48_VALUE;
1334:Drivers/STM32L4xx_HAL_Driver/Src/stm32l4xx_hal_rcc_ex.c ****           }
1335:Drivers/STM32L4xx_HAL_Driver/Src/stm32l4xx_hal_rcc_ex.c ****           break;
1336:Drivers/STM32L4xx_HAL_Driver/Src/stm32l4xx_hal_rcc_ex.c **** #endif /* RCC_HSI48_SUPPORT */
1337:Drivers/STM32L4xx_HAL_Driver/Src/stm32l4xx_hal_rcc_ex.c ****         default:
1338:Drivers/STM32L4xx_HAL_Driver/Src/stm32l4xx_hal_rcc_ex.c ****           /* No clock source, frequency default init at 0 */
1339:Drivers/STM32L4xx_HAL_Driver/Src/stm32l4xx_hal_rcc_ex.c ****           break;
1340:Drivers/STM32L4xx_HAL_Driver/Src/stm32l4xx_hal_rcc_ex.c ****         } /* switch(srcclk) */
1341:Drivers/STM32L4xx_HAL_Driver/Src/stm32l4xx_hal_rcc_ex.c ****         break;
ARM GAS  /tmp/cc4nR4Y7.s 			page 25


1342:Drivers/STM32L4xx_HAL_Driver/Src/stm32l4xx_hal_rcc_ex.c ****       }
1343:Drivers/STM32L4xx_HAL_Driver/Src/stm32l4xx_hal_rcc_ex.c **** 
1344:Drivers/STM32L4xx_HAL_Driver/Src/stm32l4xx_hal_rcc_ex.c **** #if defined(SDMMC1) && defined(RCC_CCIPR2_SDMMCSEL)
1345:Drivers/STM32L4xx_HAL_Driver/Src/stm32l4xx_hal_rcc_ex.c **** 
1346:Drivers/STM32L4xx_HAL_Driver/Src/stm32l4xx_hal_rcc_ex.c ****     case RCC_PERIPHCLK_SDMMC1:
1347:Drivers/STM32L4xx_HAL_Driver/Src/stm32l4xx_hal_rcc_ex.c **** 
1348:Drivers/STM32L4xx_HAL_Driver/Src/stm32l4xx_hal_rcc_ex.c ****       if(HAL_IS_BIT_SET(RCC->CCIPR2, RCC_CCIPR2_SDMMCSEL))  /* PLL "P" ? */
1349:Drivers/STM32L4xx_HAL_Driver/Src/stm32l4xx_hal_rcc_ex.c ****       {
1350:Drivers/STM32L4xx_HAL_Driver/Src/stm32l4xx_hal_rcc_ex.c ****         if(HAL_IS_BIT_SET(RCC->CR, RCC_CR_PLLRDY))
1351:Drivers/STM32L4xx_HAL_Driver/Src/stm32l4xx_hal_rcc_ex.c ****         {
1352:Drivers/STM32L4xx_HAL_Driver/Src/stm32l4xx_hal_rcc_ex.c ****           if(HAL_IS_BIT_SET(RCC->PLLCFGR, RCC_PLLCFGR_PLLPEN))
1353:Drivers/STM32L4xx_HAL_Driver/Src/stm32l4xx_hal_rcc_ex.c ****           {
1354:Drivers/STM32L4xx_HAL_Driver/Src/stm32l4xx_hal_rcc_ex.c ****             /* f(PLL Source) * PLLN / PLLM */
1355:Drivers/STM32L4xx_HAL_Driver/Src/stm32l4xx_hal_rcc_ex.c ****             plln = READ_BIT(RCC->PLLCFGR, RCC_PLLCFGR_PLLN) >> RCC_PLLCFGR_PLLN_Pos;
1356:Drivers/STM32L4xx_HAL_Driver/Src/stm32l4xx_hal_rcc_ex.c ****             pllvco = ((pllvco * plln) / ((READ_BIT(RCC->PLLCFGR, RCC_PLLCFGR_PLLM) >> RCC_PLLCFGR_P
1357:Drivers/STM32L4xx_HAL_Driver/Src/stm32l4xx_hal_rcc_ex.c ****             /* f(PLLSAI3CLK) = f(VCO input) / PLLP */
1358:Drivers/STM32L4xx_HAL_Driver/Src/stm32l4xx_hal_rcc_ex.c ****             pllp = READ_BIT(RCC->PLLCFGR, RCC_PLLCFGR_PLLPDIV) >> RCC_PLLCFGR_PLLPDIV_Pos;
1359:Drivers/STM32L4xx_HAL_Driver/Src/stm32l4xx_hal_rcc_ex.c ****             if(pllp == 0U)
1360:Drivers/STM32L4xx_HAL_Driver/Src/stm32l4xx_hal_rcc_ex.c ****             {
1361:Drivers/STM32L4xx_HAL_Driver/Src/stm32l4xx_hal_rcc_ex.c ****               if(READ_BIT(RCC->PLLCFGR, RCC_PLLCFGR_PLLP) != 0U)
1362:Drivers/STM32L4xx_HAL_Driver/Src/stm32l4xx_hal_rcc_ex.c ****               {
1363:Drivers/STM32L4xx_HAL_Driver/Src/stm32l4xx_hal_rcc_ex.c ****                 pllp = 17U;
1364:Drivers/STM32L4xx_HAL_Driver/Src/stm32l4xx_hal_rcc_ex.c ****               }
1365:Drivers/STM32L4xx_HAL_Driver/Src/stm32l4xx_hal_rcc_ex.c ****               else
1366:Drivers/STM32L4xx_HAL_Driver/Src/stm32l4xx_hal_rcc_ex.c ****               {
1367:Drivers/STM32L4xx_HAL_Driver/Src/stm32l4xx_hal_rcc_ex.c ****                 pllp = 7U;
1368:Drivers/STM32L4xx_HAL_Driver/Src/stm32l4xx_hal_rcc_ex.c ****               }
1369:Drivers/STM32L4xx_HAL_Driver/Src/stm32l4xx_hal_rcc_ex.c ****             }
1370:Drivers/STM32L4xx_HAL_Driver/Src/stm32l4xx_hal_rcc_ex.c ****             frequency = (pllvco / pllp);
1371:Drivers/STM32L4xx_HAL_Driver/Src/stm32l4xx_hal_rcc_ex.c ****           }
1372:Drivers/STM32L4xx_HAL_Driver/Src/stm32l4xx_hal_rcc_ex.c ****         }
1373:Drivers/STM32L4xx_HAL_Driver/Src/stm32l4xx_hal_rcc_ex.c ****       }
1374:Drivers/STM32L4xx_HAL_Driver/Src/stm32l4xx_hal_rcc_ex.c ****       else  /* 48MHz from PLL "Q" or MSI or PLLSAI1Q or HSI48 */
1375:Drivers/STM32L4xx_HAL_Driver/Src/stm32l4xx_hal_rcc_ex.c ****       {
1376:Drivers/STM32L4xx_HAL_Driver/Src/stm32l4xx_hal_rcc_ex.c ****         srcclk = READ_BIT(RCC->CCIPR, RCC_CCIPR_CLK48SEL);
1377:Drivers/STM32L4xx_HAL_Driver/Src/stm32l4xx_hal_rcc_ex.c **** 
1378:Drivers/STM32L4xx_HAL_Driver/Src/stm32l4xx_hal_rcc_ex.c ****         switch(srcclk)
1379:Drivers/STM32L4xx_HAL_Driver/Src/stm32l4xx_hal_rcc_ex.c ****         {
1380:Drivers/STM32L4xx_HAL_Driver/Src/stm32l4xx_hal_rcc_ex.c ****         case RCC_CCIPR_CLK48SEL:   /* MSI ? */
1381:Drivers/STM32L4xx_HAL_Driver/Src/stm32l4xx_hal_rcc_ex.c ****           if(HAL_IS_BIT_SET(RCC->CR, RCC_CR_MSIRDY))
1382:Drivers/STM32L4xx_HAL_Driver/Src/stm32l4xx_hal_rcc_ex.c ****           {
1383:Drivers/STM32L4xx_HAL_Driver/Src/stm32l4xx_hal_rcc_ex.c ****             /*MSI frequency range in HZ*/
1384:Drivers/STM32L4xx_HAL_Driver/Src/stm32l4xx_hal_rcc_ex.c ****             frequency = MSIRangeTable[(__HAL_RCC_GET_MSI_RANGE() >> 4U)];
1385:Drivers/STM32L4xx_HAL_Driver/Src/stm32l4xx_hal_rcc_ex.c ****           }
1386:Drivers/STM32L4xx_HAL_Driver/Src/stm32l4xx_hal_rcc_ex.c ****           break;
1387:Drivers/STM32L4xx_HAL_Driver/Src/stm32l4xx_hal_rcc_ex.c ****         case RCC_CCIPR_CLK48SEL_1:  /* PLL "Q" ? */
1388:Drivers/STM32L4xx_HAL_Driver/Src/stm32l4xx_hal_rcc_ex.c ****           if(HAL_IS_BIT_SET(RCC->CR, RCC_CR_PLLRDY))
1389:Drivers/STM32L4xx_HAL_Driver/Src/stm32l4xx_hal_rcc_ex.c ****           {
1390:Drivers/STM32L4xx_HAL_Driver/Src/stm32l4xx_hal_rcc_ex.c ****             if(HAL_IS_BIT_SET(RCC->PLLCFGR, RCC_PLLCFGR_PLLQEN))
1391:Drivers/STM32L4xx_HAL_Driver/Src/stm32l4xx_hal_rcc_ex.c ****             {
1392:Drivers/STM32L4xx_HAL_Driver/Src/stm32l4xx_hal_rcc_ex.c ****               /* f(PLL Source) * PLLN / PLLM */
1393:Drivers/STM32L4xx_HAL_Driver/Src/stm32l4xx_hal_rcc_ex.c ****               plln = READ_BIT(RCC->PLLCFGR, RCC_PLLCFGR_PLLN) >> RCC_PLLCFGR_PLLN_Pos;
1394:Drivers/STM32L4xx_HAL_Driver/Src/stm32l4xx_hal_rcc_ex.c ****               pllvco = ((pllvco * plln) / ((READ_BIT(RCC->PLLCFGR, RCC_PLLCFGR_PLLM) >> RCC_PLLCFGR
1395:Drivers/STM32L4xx_HAL_Driver/Src/stm32l4xx_hal_rcc_ex.c ****               /* f(PLL48M1CLK) = f(VCO input) / PLLQ */
1396:Drivers/STM32L4xx_HAL_Driver/Src/stm32l4xx_hal_rcc_ex.c ****               frequency = (pllvco / (((READ_BIT(RCC->PLLCFGR, RCC_PLLCFGR_PLLQ) >> RCC_PLLCFGR_PLLQ
1397:Drivers/STM32L4xx_HAL_Driver/Src/stm32l4xx_hal_rcc_ex.c ****             }
1398:Drivers/STM32L4xx_HAL_Driver/Src/stm32l4xx_hal_rcc_ex.c ****           }
ARM GAS  /tmp/cc4nR4Y7.s 			page 26


1399:Drivers/STM32L4xx_HAL_Driver/Src/stm32l4xx_hal_rcc_ex.c ****           break;
1400:Drivers/STM32L4xx_HAL_Driver/Src/stm32l4xx_hal_rcc_ex.c ****         case RCC_CCIPR_CLK48SEL_0:  /* PLLSAI1 ? */
1401:Drivers/STM32L4xx_HAL_Driver/Src/stm32l4xx_hal_rcc_ex.c ****           if(HAL_IS_BIT_SET(RCC->CR, RCC_CR_PLLSAI1RDY))
1402:Drivers/STM32L4xx_HAL_Driver/Src/stm32l4xx_hal_rcc_ex.c ****           {
1403:Drivers/STM32L4xx_HAL_Driver/Src/stm32l4xx_hal_rcc_ex.c ****             if(HAL_IS_BIT_SET(RCC->PLLSAI1CFGR, RCC_PLLSAI1CFGR_PLLSAI1QEN))
1404:Drivers/STM32L4xx_HAL_Driver/Src/stm32l4xx_hal_rcc_ex.c ****             {
1405:Drivers/STM32L4xx_HAL_Driver/Src/stm32l4xx_hal_rcc_ex.c ****               /* f(PLLSAI1 Source) * PLLSAI1N / PLLSAI1M */
1406:Drivers/STM32L4xx_HAL_Driver/Src/stm32l4xx_hal_rcc_ex.c ****               plln = READ_BIT(RCC->PLLSAI1CFGR, RCC_PLLSAI1CFGR_PLLSAI1N) >> RCC_PLLSAI1CFGR_PLLSAI
1407:Drivers/STM32L4xx_HAL_Driver/Src/stm32l4xx_hal_rcc_ex.c ****               pllvco = ((pllvco * plln) / ((READ_BIT(RCC->PLLSAI1CFGR, RCC_PLLSAI1CFGR_PLLSAI1M) >>
1408:Drivers/STM32L4xx_HAL_Driver/Src/stm32l4xx_hal_rcc_ex.c ****               /* f(PLL48M2CLK) = f(VCOSAI1 input) / PLLSAI1Q */
1409:Drivers/STM32L4xx_HAL_Driver/Src/stm32l4xx_hal_rcc_ex.c ****               frequency = (pllvco / (((READ_BIT(RCC->PLLSAI1CFGR, RCC_PLLSAI1CFGR_PLLSAI1Q) >> RCC_
1410:Drivers/STM32L4xx_HAL_Driver/Src/stm32l4xx_hal_rcc_ex.c ****             }
1411:Drivers/STM32L4xx_HAL_Driver/Src/stm32l4xx_hal_rcc_ex.c ****           }
1412:Drivers/STM32L4xx_HAL_Driver/Src/stm32l4xx_hal_rcc_ex.c ****           break;
1413:Drivers/STM32L4xx_HAL_Driver/Src/stm32l4xx_hal_rcc_ex.c ****         case 0U:
1414:Drivers/STM32L4xx_HAL_Driver/Src/stm32l4xx_hal_rcc_ex.c ****           if(HAL_IS_BIT_SET(RCC->CRRCR, RCC_CRRCR_HSI48RDY)) /* HSI48 ? */
1415:Drivers/STM32L4xx_HAL_Driver/Src/stm32l4xx_hal_rcc_ex.c ****           {
1416:Drivers/STM32L4xx_HAL_Driver/Src/stm32l4xx_hal_rcc_ex.c ****             frequency = HSI48_VALUE;
1417:Drivers/STM32L4xx_HAL_Driver/Src/stm32l4xx_hal_rcc_ex.c ****           }
1418:Drivers/STM32L4xx_HAL_Driver/Src/stm32l4xx_hal_rcc_ex.c ****           break;
1419:Drivers/STM32L4xx_HAL_Driver/Src/stm32l4xx_hal_rcc_ex.c ****         default:
1420:Drivers/STM32L4xx_HAL_Driver/Src/stm32l4xx_hal_rcc_ex.c ****           /* No clock source, frequency default init at 0 */
1421:Drivers/STM32L4xx_HAL_Driver/Src/stm32l4xx_hal_rcc_ex.c ****           break;
1422:Drivers/STM32L4xx_HAL_Driver/Src/stm32l4xx_hal_rcc_ex.c ****         } /* switch(srcclk) */
1423:Drivers/STM32L4xx_HAL_Driver/Src/stm32l4xx_hal_rcc_ex.c ****       }
1424:Drivers/STM32L4xx_HAL_Driver/Src/stm32l4xx_hal_rcc_ex.c ****       break;
1425:Drivers/STM32L4xx_HAL_Driver/Src/stm32l4xx_hal_rcc_ex.c **** 
1426:Drivers/STM32L4xx_HAL_Driver/Src/stm32l4xx_hal_rcc_ex.c **** #endif /* SDMMC1 && RCC_CCIPR2_SDMMCSEL */
1427:Drivers/STM32L4xx_HAL_Driver/Src/stm32l4xx_hal_rcc_ex.c **** 
1428:Drivers/STM32L4xx_HAL_Driver/Src/stm32l4xx_hal_rcc_ex.c ****     case RCC_PERIPHCLK_USART1:
1429:Drivers/STM32L4xx_HAL_Driver/Src/stm32l4xx_hal_rcc_ex.c ****       {
1430:Drivers/STM32L4xx_HAL_Driver/Src/stm32l4xx_hal_rcc_ex.c ****         /* Get the current USART1 source */
1431:Drivers/STM32L4xx_HAL_Driver/Src/stm32l4xx_hal_rcc_ex.c ****         srcclk = __HAL_RCC_GET_USART1_SOURCE();
1432:Drivers/STM32L4xx_HAL_Driver/Src/stm32l4xx_hal_rcc_ex.c **** 
1433:Drivers/STM32L4xx_HAL_Driver/Src/stm32l4xx_hal_rcc_ex.c ****         switch(srcclk)
1434:Drivers/STM32L4xx_HAL_Driver/Src/stm32l4xx_hal_rcc_ex.c ****         {
1435:Drivers/STM32L4xx_HAL_Driver/Src/stm32l4xx_hal_rcc_ex.c ****         case RCC_USART1CLKSOURCE_PCLK2:
1436:Drivers/STM32L4xx_HAL_Driver/Src/stm32l4xx_hal_rcc_ex.c ****           frequency = HAL_RCC_GetPCLK2Freq();
1437:Drivers/STM32L4xx_HAL_Driver/Src/stm32l4xx_hal_rcc_ex.c ****           break;
1438:Drivers/STM32L4xx_HAL_Driver/Src/stm32l4xx_hal_rcc_ex.c ****         case RCC_USART1CLKSOURCE_SYSCLK:
1439:Drivers/STM32L4xx_HAL_Driver/Src/stm32l4xx_hal_rcc_ex.c ****           frequency = HAL_RCC_GetSysClockFreq();
1440:Drivers/STM32L4xx_HAL_Driver/Src/stm32l4xx_hal_rcc_ex.c ****           break;
1441:Drivers/STM32L4xx_HAL_Driver/Src/stm32l4xx_hal_rcc_ex.c ****         case RCC_USART1CLKSOURCE_HSI:
1442:Drivers/STM32L4xx_HAL_Driver/Src/stm32l4xx_hal_rcc_ex.c ****           if(HAL_IS_BIT_SET(RCC->CR, RCC_CR_HSIRDY))
1443:Drivers/STM32L4xx_HAL_Driver/Src/stm32l4xx_hal_rcc_ex.c ****           {
1444:Drivers/STM32L4xx_HAL_Driver/Src/stm32l4xx_hal_rcc_ex.c ****             frequency = HSI_VALUE;
1445:Drivers/STM32L4xx_HAL_Driver/Src/stm32l4xx_hal_rcc_ex.c ****           }
1446:Drivers/STM32L4xx_HAL_Driver/Src/stm32l4xx_hal_rcc_ex.c ****           break;
1447:Drivers/STM32L4xx_HAL_Driver/Src/stm32l4xx_hal_rcc_ex.c ****         case RCC_USART1CLKSOURCE_LSE:
1448:Drivers/STM32L4xx_HAL_Driver/Src/stm32l4xx_hal_rcc_ex.c ****           if(HAL_IS_BIT_SET(RCC->BDCR, RCC_BDCR_LSERDY))
1449:Drivers/STM32L4xx_HAL_Driver/Src/stm32l4xx_hal_rcc_ex.c ****           {
1450:Drivers/STM32L4xx_HAL_Driver/Src/stm32l4xx_hal_rcc_ex.c ****             frequency = LSE_VALUE;
1451:Drivers/STM32L4xx_HAL_Driver/Src/stm32l4xx_hal_rcc_ex.c ****           }
1452:Drivers/STM32L4xx_HAL_Driver/Src/stm32l4xx_hal_rcc_ex.c ****           break;
1453:Drivers/STM32L4xx_HAL_Driver/Src/stm32l4xx_hal_rcc_ex.c ****         default:
1454:Drivers/STM32L4xx_HAL_Driver/Src/stm32l4xx_hal_rcc_ex.c ****           /* No clock source, frequency default init at 0 */
1455:Drivers/STM32L4xx_HAL_Driver/Src/stm32l4xx_hal_rcc_ex.c ****           break;
ARM GAS  /tmp/cc4nR4Y7.s 			page 27


1456:Drivers/STM32L4xx_HAL_Driver/Src/stm32l4xx_hal_rcc_ex.c ****         }
1457:Drivers/STM32L4xx_HAL_Driver/Src/stm32l4xx_hal_rcc_ex.c **** 
1458:Drivers/STM32L4xx_HAL_Driver/Src/stm32l4xx_hal_rcc_ex.c ****         break;
1459:Drivers/STM32L4xx_HAL_Driver/Src/stm32l4xx_hal_rcc_ex.c ****       }
1460:Drivers/STM32L4xx_HAL_Driver/Src/stm32l4xx_hal_rcc_ex.c **** 
1461:Drivers/STM32L4xx_HAL_Driver/Src/stm32l4xx_hal_rcc_ex.c ****     case RCC_PERIPHCLK_USART2:
1462:Drivers/STM32L4xx_HAL_Driver/Src/stm32l4xx_hal_rcc_ex.c ****       {
1463:Drivers/STM32L4xx_HAL_Driver/Src/stm32l4xx_hal_rcc_ex.c ****         /* Get the current USART2 source */
1464:Drivers/STM32L4xx_HAL_Driver/Src/stm32l4xx_hal_rcc_ex.c ****         srcclk = __HAL_RCC_GET_USART2_SOURCE();
1465:Drivers/STM32L4xx_HAL_Driver/Src/stm32l4xx_hal_rcc_ex.c **** 
1466:Drivers/STM32L4xx_HAL_Driver/Src/stm32l4xx_hal_rcc_ex.c ****         switch(srcclk)
1467:Drivers/STM32L4xx_HAL_Driver/Src/stm32l4xx_hal_rcc_ex.c ****         {
1468:Drivers/STM32L4xx_HAL_Driver/Src/stm32l4xx_hal_rcc_ex.c ****         case RCC_USART2CLKSOURCE_PCLK1:
1469:Drivers/STM32L4xx_HAL_Driver/Src/stm32l4xx_hal_rcc_ex.c ****           frequency = HAL_RCC_GetPCLK1Freq();
1470:Drivers/STM32L4xx_HAL_Driver/Src/stm32l4xx_hal_rcc_ex.c ****           break;
1471:Drivers/STM32L4xx_HAL_Driver/Src/stm32l4xx_hal_rcc_ex.c ****         case RCC_USART2CLKSOURCE_SYSCLK:
1472:Drivers/STM32L4xx_HAL_Driver/Src/stm32l4xx_hal_rcc_ex.c ****           frequency = HAL_RCC_GetSysClockFreq();
1473:Drivers/STM32L4xx_HAL_Driver/Src/stm32l4xx_hal_rcc_ex.c ****           break;
1474:Drivers/STM32L4xx_HAL_Driver/Src/stm32l4xx_hal_rcc_ex.c ****         case RCC_USART2CLKSOURCE_HSI:
1475:Drivers/STM32L4xx_HAL_Driver/Src/stm32l4xx_hal_rcc_ex.c ****           if(HAL_IS_BIT_SET(RCC->CR, RCC_CR_HSIRDY))
1476:Drivers/STM32L4xx_HAL_Driver/Src/stm32l4xx_hal_rcc_ex.c ****           {
1477:Drivers/STM32L4xx_HAL_Driver/Src/stm32l4xx_hal_rcc_ex.c ****             frequency = HSI_VALUE;
1478:Drivers/STM32L4xx_HAL_Driver/Src/stm32l4xx_hal_rcc_ex.c ****           }
1479:Drivers/STM32L4xx_HAL_Driver/Src/stm32l4xx_hal_rcc_ex.c ****           break;
1480:Drivers/STM32L4xx_HAL_Driver/Src/stm32l4xx_hal_rcc_ex.c ****         case RCC_USART2CLKSOURCE_LSE:
1481:Drivers/STM32L4xx_HAL_Driver/Src/stm32l4xx_hal_rcc_ex.c ****           if(HAL_IS_BIT_SET(RCC->BDCR, RCC_BDCR_LSERDY))
1482:Drivers/STM32L4xx_HAL_Driver/Src/stm32l4xx_hal_rcc_ex.c ****           {
1483:Drivers/STM32L4xx_HAL_Driver/Src/stm32l4xx_hal_rcc_ex.c ****             frequency = LSE_VALUE;
1484:Drivers/STM32L4xx_HAL_Driver/Src/stm32l4xx_hal_rcc_ex.c ****           }
1485:Drivers/STM32L4xx_HAL_Driver/Src/stm32l4xx_hal_rcc_ex.c ****           break;
1486:Drivers/STM32L4xx_HAL_Driver/Src/stm32l4xx_hal_rcc_ex.c ****         default:
1487:Drivers/STM32L4xx_HAL_Driver/Src/stm32l4xx_hal_rcc_ex.c ****           /* No clock source, frequency default init at 0 */
1488:Drivers/STM32L4xx_HAL_Driver/Src/stm32l4xx_hal_rcc_ex.c ****           break;
1489:Drivers/STM32L4xx_HAL_Driver/Src/stm32l4xx_hal_rcc_ex.c ****         }
1490:Drivers/STM32L4xx_HAL_Driver/Src/stm32l4xx_hal_rcc_ex.c **** 
1491:Drivers/STM32L4xx_HAL_Driver/Src/stm32l4xx_hal_rcc_ex.c ****         break;
1492:Drivers/STM32L4xx_HAL_Driver/Src/stm32l4xx_hal_rcc_ex.c ****       }
1493:Drivers/STM32L4xx_HAL_Driver/Src/stm32l4xx_hal_rcc_ex.c **** 
1494:Drivers/STM32L4xx_HAL_Driver/Src/stm32l4xx_hal_rcc_ex.c **** #if defined(USART3)
1495:Drivers/STM32L4xx_HAL_Driver/Src/stm32l4xx_hal_rcc_ex.c **** 
1496:Drivers/STM32L4xx_HAL_Driver/Src/stm32l4xx_hal_rcc_ex.c ****     case RCC_PERIPHCLK_USART3:
1497:Drivers/STM32L4xx_HAL_Driver/Src/stm32l4xx_hal_rcc_ex.c ****       {
1498:Drivers/STM32L4xx_HAL_Driver/Src/stm32l4xx_hal_rcc_ex.c ****         /* Get the current USART3 source */
1499:Drivers/STM32L4xx_HAL_Driver/Src/stm32l4xx_hal_rcc_ex.c ****         srcclk = __HAL_RCC_GET_USART3_SOURCE();
1500:Drivers/STM32L4xx_HAL_Driver/Src/stm32l4xx_hal_rcc_ex.c **** 
1501:Drivers/STM32L4xx_HAL_Driver/Src/stm32l4xx_hal_rcc_ex.c ****         switch(srcclk)
1502:Drivers/STM32L4xx_HAL_Driver/Src/stm32l4xx_hal_rcc_ex.c ****         {
1503:Drivers/STM32L4xx_HAL_Driver/Src/stm32l4xx_hal_rcc_ex.c ****         case RCC_USART3CLKSOURCE_PCLK1:
1504:Drivers/STM32L4xx_HAL_Driver/Src/stm32l4xx_hal_rcc_ex.c ****           frequency = HAL_RCC_GetPCLK1Freq();
1505:Drivers/STM32L4xx_HAL_Driver/Src/stm32l4xx_hal_rcc_ex.c ****           break;
1506:Drivers/STM32L4xx_HAL_Driver/Src/stm32l4xx_hal_rcc_ex.c ****         case RCC_USART3CLKSOURCE_SYSCLK:
1507:Drivers/STM32L4xx_HAL_Driver/Src/stm32l4xx_hal_rcc_ex.c ****           frequency = HAL_RCC_GetSysClockFreq();
1508:Drivers/STM32L4xx_HAL_Driver/Src/stm32l4xx_hal_rcc_ex.c ****           break;
1509:Drivers/STM32L4xx_HAL_Driver/Src/stm32l4xx_hal_rcc_ex.c ****         case RCC_USART3CLKSOURCE_HSI:
1510:Drivers/STM32L4xx_HAL_Driver/Src/stm32l4xx_hal_rcc_ex.c ****           if(HAL_IS_BIT_SET(RCC->CR, RCC_CR_HSIRDY))
1511:Drivers/STM32L4xx_HAL_Driver/Src/stm32l4xx_hal_rcc_ex.c ****           {
1512:Drivers/STM32L4xx_HAL_Driver/Src/stm32l4xx_hal_rcc_ex.c ****             frequency = HSI_VALUE;
ARM GAS  /tmp/cc4nR4Y7.s 			page 28


1513:Drivers/STM32L4xx_HAL_Driver/Src/stm32l4xx_hal_rcc_ex.c ****           }
1514:Drivers/STM32L4xx_HAL_Driver/Src/stm32l4xx_hal_rcc_ex.c ****           break;
1515:Drivers/STM32L4xx_HAL_Driver/Src/stm32l4xx_hal_rcc_ex.c ****         case RCC_USART3CLKSOURCE_LSE:
1516:Drivers/STM32L4xx_HAL_Driver/Src/stm32l4xx_hal_rcc_ex.c ****           if(HAL_IS_BIT_SET(RCC->BDCR, RCC_BDCR_LSERDY))
1517:Drivers/STM32L4xx_HAL_Driver/Src/stm32l4xx_hal_rcc_ex.c ****           {
1518:Drivers/STM32L4xx_HAL_Driver/Src/stm32l4xx_hal_rcc_ex.c ****             frequency = LSE_VALUE;
1519:Drivers/STM32L4xx_HAL_Driver/Src/stm32l4xx_hal_rcc_ex.c ****           }
1520:Drivers/STM32L4xx_HAL_Driver/Src/stm32l4xx_hal_rcc_ex.c ****           break;
1521:Drivers/STM32L4xx_HAL_Driver/Src/stm32l4xx_hal_rcc_ex.c ****         default:
1522:Drivers/STM32L4xx_HAL_Driver/Src/stm32l4xx_hal_rcc_ex.c ****           /* No clock source, frequency default init at 0 */
1523:Drivers/STM32L4xx_HAL_Driver/Src/stm32l4xx_hal_rcc_ex.c ****           break;
1524:Drivers/STM32L4xx_HAL_Driver/Src/stm32l4xx_hal_rcc_ex.c ****         }
1525:Drivers/STM32L4xx_HAL_Driver/Src/stm32l4xx_hal_rcc_ex.c **** 
1526:Drivers/STM32L4xx_HAL_Driver/Src/stm32l4xx_hal_rcc_ex.c ****         break;
1527:Drivers/STM32L4xx_HAL_Driver/Src/stm32l4xx_hal_rcc_ex.c ****       }
1528:Drivers/STM32L4xx_HAL_Driver/Src/stm32l4xx_hal_rcc_ex.c **** 
1529:Drivers/STM32L4xx_HAL_Driver/Src/stm32l4xx_hal_rcc_ex.c **** #endif /* USART3 */
1530:Drivers/STM32L4xx_HAL_Driver/Src/stm32l4xx_hal_rcc_ex.c **** 
1531:Drivers/STM32L4xx_HAL_Driver/Src/stm32l4xx_hal_rcc_ex.c **** #if defined(UART4)
1532:Drivers/STM32L4xx_HAL_Driver/Src/stm32l4xx_hal_rcc_ex.c **** 
1533:Drivers/STM32L4xx_HAL_Driver/Src/stm32l4xx_hal_rcc_ex.c ****     case RCC_PERIPHCLK_UART4:
1534:Drivers/STM32L4xx_HAL_Driver/Src/stm32l4xx_hal_rcc_ex.c ****       {
1535:Drivers/STM32L4xx_HAL_Driver/Src/stm32l4xx_hal_rcc_ex.c ****         /* Get the current UART4 source */
1536:Drivers/STM32L4xx_HAL_Driver/Src/stm32l4xx_hal_rcc_ex.c ****         srcclk = __HAL_RCC_GET_UART4_SOURCE();
1537:Drivers/STM32L4xx_HAL_Driver/Src/stm32l4xx_hal_rcc_ex.c **** 
1538:Drivers/STM32L4xx_HAL_Driver/Src/stm32l4xx_hal_rcc_ex.c ****         switch(srcclk)
1539:Drivers/STM32L4xx_HAL_Driver/Src/stm32l4xx_hal_rcc_ex.c ****         {
1540:Drivers/STM32L4xx_HAL_Driver/Src/stm32l4xx_hal_rcc_ex.c ****         case RCC_UART4CLKSOURCE_PCLK1:
1541:Drivers/STM32L4xx_HAL_Driver/Src/stm32l4xx_hal_rcc_ex.c ****           frequency = HAL_RCC_GetPCLK1Freq();
1542:Drivers/STM32L4xx_HAL_Driver/Src/stm32l4xx_hal_rcc_ex.c ****           break;
1543:Drivers/STM32L4xx_HAL_Driver/Src/stm32l4xx_hal_rcc_ex.c ****         case RCC_UART4CLKSOURCE_SYSCLK:
1544:Drivers/STM32L4xx_HAL_Driver/Src/stm32l4xx_hal_rcc_ex.c ****           frequency = HAL_RCC_GetSysClockFreq();
1545:Drivers/STM32L4xx_HAL_Driver/Src/stm32l4xx_hal_rcc_ex.c ****           break;
1546:Drivers/STM32L4xx_HAL_Driver/Src/stm32l4xx_hal_rcc_ex.c ****         case RCC_UART4CLKSOURCE_HSI:
1547:Drivers/STM32L4xx_HAL_Driver/Src/stm32l4xx_hal_rcc_ex.c ****           if(HAL_IS_BIT_SET(RCC->CR, RCC_CR_HSIRDY))
1548:Drivers/STM32L4xx_HAL_Driver/Src/stm32l4xx_hal_rcc_ex.c ****           {
1549:Drivers/STM32L4xx_HAL_Driver/Src/stm32l4xx_hal_rcc_ex.c ****             frequency = HSI_VALUE;
1550:Drivers/STM32L4xx_HAL_Driver/Src/stm32l4xx_hal_rcc_ex.c ****           }
1551:Drivers/STM32L4xx_HAL_Driver/Src/stm32l4xx_hal_rcc_ex.c ****           break;
1552:Drivers/STM32L4xx_HAL_Driver/Src/stm32l4xx_hal_rcc_ex.c ****         case RCC_UART4CLKSOURCE_LSE:
1553:Drivers/STM32L4xx_HAL_Driver/Src/stm32l4xx_hal_rcc_ex.c ****           if(HAL_IS_BIT_SET(RCC->BDCR, RCC_BDCR_LSERDY))
1554:Drivers/STM32L4xx_HAL_Driver/Src/stm32l4xx_hal_rcc_ex.c ****           {
1555:Drivers/STM32L4xx_HAL_Driver/Src/stm32l4xx_hal_rcc_ex.c ****             frequency = LSE_VALUE;
1556:Drivers/STM32L4xx_HAL_Driver/Src/stm32l4xx_hal_rcc_ex.c ****           }
1557:Drivers/STM32L4xx_HAL_Driver/Src/stm32l4xx_hal_rcc_ex.c ****           break;
1558:Drivers/STM32L4xx_HAL_Driver/Src/stm32l4xx_hal_rcc_ex.c ****         default:
1559:Drivers/STM32L4xx_HAL_Driver/Src/stm32l4xx_hal_rcc_ex.c ****           /* No clock source, frequency default init at 0 */
1560:Drivers/STM32L4xx_HAL_Driver/Src/stm32l4xx_hal_rcc_ex.c ****           break;
1561:Drivers/STM32L4xx_HAL_Driver/Src/stm32l4xx_hal_rcc_ex.c ****         }
1562:Drivers/STM32L4xx_HAL_Driver/Src/stm32l4xx_hal_rcc_ex.c **** 
1563:Drivers/STM32L4xx_HAL_Driver/Src/stm32l4xx_hal_rcc_ex.c ****         break;
1564:Drivers/STM32L4xx_HAL_Driver/Src/stm32l4xx_hal_rcc_ex.c ****       }
1565:Drivers/STM32L4xx_HAL_Driver/Src/stm32l4xx_hal_rcc_ex.c **** 
1566:Drivers/STM32L4xx_HAL_Driver/Src/stm32l4xx_hal_rcc_ex.c **** #endif /* UART4 */
1567:Drivers/STM32L4xx_HAL_Driver/Src/stm32l4xx_hal_rcc_ex.c **** 
1568:Drivers/STM32L4xx_HAL_Driver/Src/stm32l4xx_hal_rcc_ex.c **** #if defined(UART5)
1569:Drivers/STM32L4xx_HAL_Driver/Src/stm32l4xx_hal_rcc_ex.c **** 
ARM GAS  /tmp/cc4nR4Y7.s 			page 29


1570:Drivers/STM32L4xx_HAL_Driver/Src/stm32l4xx_hal_rcc_ex.c ****     case RCC_PERIPHCLK_UART5:
1571:Drivers/STM32L4xx_HAL_Driver/Src/stm32l4xx_hal_rcc_ex.c ****       {
1572:Drivers/STM32L4xx_HAL_Driver/Src/stm32l4xx_hal_rcc_ex.c ****         /* Get the current UART5 source */
1573:Drivers/STM32L4xx_HAL_Driver/Src/stm32l4xx_hal_rcc_ex.c ****         srcclk = __HAL_RCC_GET_UART5_SOURCE();
1574:Drivers/STM32L4xx_HAL_Driver/Src/stm32l4xx_hal_rcc_ex.c **** 
1575:Drivers/STM32L4xx_HAL_Driver/Src/stm32l4xx_hal_rcc_ex.c ****         switch(srcclk)
1576:Drivers/STM32L4xx_HAL_Driver/Src/stm32l4xx_hal_rcc_ex.c ****         {
1577:Drivers/STM32L4xx_HAL_Driver/Src/stm32l4xx_hal_rcc_ex.c ****         case RCC_UART5CLKSOURCE_PCLK1:
1578:Drivers/STM32L4xx_HAL_Driver/Src/stm32l4xx_hal_rcc_ex.c ****           frequency = HAL_RCC_GetPCLK1Freq();
1579:Drivers/STM32L4xx_HAL_Driver/Src/stm32l4xx_hal_rcc_ex.c ****           break;
1580:Drivers/STM32L4xx_HAL_Driver/Src/stm32l4xx_hal_rcc_ex.c ****         case RCC_UART5CLKSOURCE_SYSCLK:
1581:Drivers/STM32L4xx_HAL_Driver/Src/stm32l4xx_hal_rcc_ex.c ****           frequency = HAL_RCC_GetSysClockFreq();
1582:Drivers/STM32L4xx_HAL_Driver/Src/stm32l4xx_hal_rcc_ex.c ****           break;
1583:Drivers/STM32L4xx_HAL_Driver/Src/stm32l4xx_hal_rcc_ex.c ****         case RCC_UART5CLKSOURCE_HSI:
1584:Drivers/STM32L4xx_HAL_Driver/Src/stm32l4xx_hal_rcc_ex.c ****           if(HAL_IS_BIT_SET(RCC->CR, RCC_CR_HSIRDY))
1585:Drivers/STM32L4xx_HAL_Driver/Src/stm32l4xx_hal_rcc_ex.c ****           {
1586:Drivers/STM32L4xx_HAL_Driver/Src/stm32l4xx_hal_rcc_ex.c ****             frequency = HSI_VALUE;
1587:Drivers/STM32L4xx_HAL_Driver/Src/stm32l4xx_hal_rcc_ex.c ****           }
1588:Drivers/STM32L4xx_HAL_Driver/Src/stm32l4xx_hal_rcc_ex.c ****           break;
1589:Drivers/STM32L4xx_HAL_Driver/Src/stm32l4xx_hal_rcc_ex.c ****         case RCC_UART5CLKSOURCE_LSE:
1590:Drivers/STM32L4xx_HAL_Driver/Src/stm32l4xx_hal_rcc_ex.c ****           if(HAL_IS_BIT_SET(RCC->BDCR, RCC_BDCR_LSERDY))
1591:Drivers/STM32L4xx_HAL_Driver/Src/stm32l4xx_hal_rcc_ex.c ****           {
1592:Drivers/STM32L4xx_HAL_Driver/Src/stm32l4xx_hal_rcc_ex.c ****             frequency = LSE_VALUE;
1593:Drivers/STM32L4xx_HAL_Driver/Src/stm32l4xx_hal_rcc_ex.c ****           }
1594:Drivers/STM32L4xx_HAL_Driver/Src/stm32l4xx_hal_rcc_ex.c ****           break;
1595:Drivers/STM32L4xx_HAL_Driver/Src/stm32l4xx_hal_rcc_ex.c ****         default:
1596:Drivers/STM32L4xx_HAL_Driver/Src/stm32l4xx_hal_rcc_ex.c ****           /* No clock source, frequency default init at 0 */
1597:Drivers/STM32L4xx_HAL_Driver/Src/stm32l4xx_hal_rcc_ex.c ****           break;
1598:Drivers/STM32L4xx_HAL_Driver/Src/stm32l4xx_hal_rcc_ex.c ****         }
1599:Drivers/STM32L4xx_HAL_Driver/Src/stm32l4xx_hal_rcc_ex.c **** 
1600:Drivers/STM32L4xx_HAL_Driver/Src/stm32l4xx_hal_rcc_ex.c ****         break;
1601:Drivers/STM32L4xx_HAL_Driver/Src/stm32l4xx_hal_rcc_ex.c ****       }
1602:Drivers/STM32L4xx_HAL_Driver/Src/stm32l4xx_hal_rcc_ex.c **** 
1603:Drivers/STM32L4xx_HAL_Driver/Src/stm32l4xx_hal_rcc_ex.c **** #endif /* UART5 */
1604:Drivers/STM32L4xx_HAL_Driver/Src/stm32l4xx_hal_rcc_ex.c **** 
1605:Drivers/STM32L4xx_HAL_Driver/Src/stm32l4xx_hal_rcc_ex.c ****     case RCC_PERIPHCLK_LPUART1:
1606:Drivers/STM32L4xx_HAL_Driver/Src/stm32l4xx_hal_rcc_ex.c ****       {
1607:Drivers/STM32L4xx_HAL_Driver/Src/stm32l4xx_hal_rcc_ex.c ****         /* Get the current LPUART1 source */
1608:Drivers/STM32L4xx_HAL_Driver/Src/stm32l4xx_hal_rcc_ex.c ****         srcclk = __HAL_RCC_GET_LPUART1_SOURCE();
1609:Drivers/STM32L4xx_HAL_Driver/Src/stm32l4xx_hal_rcc_ex.c **** 
1610:Drivers/STM32L4xx_HAL_Driver/Src/stm32l4xx_hal_rcc_ex.c ****         switch(srcclk)
1611:Drivers/STM32L4xx_HAL_Driver/Src/stm32l4xx_hal_rcc_ex.c ****         {
1612:Drivers/STM32L4xx_HAL_Driver/Src/stm32l4xx_hal_rcc_ex.c ****         case RCC_LPUART1CLKSOURCE_PCLK1:
1613:Drivers/STM32L4xx_HAL_Driver/Src/stm32l4xx_hal_rcc_ex.c ****           frequency = HAL_RCC_GetPCLK1Freq();
1614:Drivers/STM32L4xx_HAL_Driver/Src/stm32l4xx_hal_rcc_ex.c ****           break;
1615:Drivers/STM32L4xx_HAL_Driver/Src/stm32l4xx_hal_rcc_ex.c ****         case RCC_LPUART1CLKSOURCE_SYSCLK:
1616:Drivers/STM32L4xx_HAL_Driver/Src/stm32l4xx_hal_rcc_ex.c ****           frequency = HAL_RCC_GetSysClockFreq();
1617:Drivers/STM32L4xx_HAL_Driver/Src/stm32l4xx_hal_rcc_ex.c ****           break;
1618:Drivers/STM32L4xx_HAL_Driver/Src/stm32l4xx_hal_rcc_ex.c ****         case RCC_LPUART1CLKSOURCE_HSI:
1619:Drivers/STM32L4xx_HAL_Driver/Src/stm32l4xx_hal_rcc_ex.c ****           if(HAL_IS_BIT_SET(RCC->CR, RCC_CR_HSIRDY))
1620:Drivers/STM32L4xx_HAL_Driver/Src/stm32l4xx_hal_rcc_ex.c ****           {
1621:Drivers/STM32L4xx_HAL_Driver/Src/stm32l4xx_hal_rcc_ex.c ****             frequency = HSI_VALUE;
1622:Drivers/STM32L4xx_HAL_Driver/Src/stm32l4xx_hal_rcc_ex.c ****           }
1623:Drivers/STM32L4xx_HAL_Driver/Src/stm32l4xx_hal_rcc_ex.c ****           break;
1624:Drivers/STM32L4xx_HAL_Driver/Src/stm32l4xx_hal_rcc_ex.c ****         case RCC_LPUART1CLKSOURCE_LSE:
1625:Drivers/STM32L4xx_HAL_Driver/Src/stm32l4xx_hal_rcc_ex.c ****           if(HAL_IS_BIT_SET(RCC->BDCR, RCC_BDCR_LSERDY))
1626:Drivers/STM32L4xx_HAL_Driver/Src/stm32l4xx_hal_rcc_ex.c ****           {
ARM GAS  /tmp/cc4nR4Y7.s 			page 30


1627:Drivers/STM32L4xx_HAL_Driver/Src/stm32l4xx_hal_rcc_ex.c ****             frequency = LSE_VALUE;
1628:Drivers/STM32L4xx_HAL_Driver/Src/stm32l4xx_hal_rcc_ex.c ****           }
1629:Drivers/STM32L4xx_HAL_Driver/Src/stm32l4xx_hal_rcc_ex.c ****           break;
1630:Drivers/STM32L4xx_HAL_Driver/Src/stm32l4xx_hal_rcc_ex.c ****         default:
1631:Drivers/STM32L4xx_HAL_Driver/Src/stm32l4xx_hal_rcc_ex.c ****           /* No clock source, frequency default init at 0 */
1632:Drivers/STM32L4xx_HAL_Driver/Src/stm32l4xx_hal_rcc_ex.c ****           break;
1633:Drivers/STM32L4xx_HAL_Driver/Src/stm32l4xx_hal_rcc_ex.c ****         }
1634:Drivers/STM32L4xx_HAL_Driver/Src/stm32l4xx_hal_rcc_ex.c **** 
1635:Drivers/STM32L4xx_HAL_Driver/Src/stm32l4xx_hal_rcc_ex.c ****         break;
1636:Drivers/STM32L4xx_HAL_Driver/Src/stm32l4xx_hal_rcc_ex.c ****       }
1637:Drivers/STM32L4xx_HAL_Driver/Src/stm32l4xx_hal_rcc_ex.c **** 
1638:Drivers/STM32L4xx_HAL_Driver/Src/stm32l4xx_hal_rcc_ex.c ****     case RCC_PERIPHCLK_ADC:
1639:Drivers/STM32L4xx_HAL_Driver/Src/stm32l4xx_hal_rcc_ex.c ****       {
1640:Drivers/STM32L4xx_HAL_Driver/Src/stm32l4xx_hal_rcc_ex.c ****         srcclk = __HAL_RCC_GET_ADC_SOURCE();
1641:Drivers/STM32L4xx_HAL_Driver/Src/stm32l4xx_hal_rcc_ex.c **** 
1642:Drivers/STM32L4xx_HAL_Driver/Src/stm32l4xx_hal_rcc_ex.c ****         switch(srcclk)
1643:Drivers/STM32L4xx_HAL_Driver/Src/stm32l4xx_hal_rcc_ex.c ****         {
1644:Drivers/STM32L4xx_HAL_Driver/Src/stm32l4xx_hal_rcc_ex.c ****         case RCC_ADCCLKSOURCE_SYSCLK:
1645:Drivers/STM32L4xx_HAL_Driver/Src/stm32l4xx_hal_rcc_ex.c ****           frequency = HAL_RCC_GetSysClockFreq();
1646:Drivers/STM32L4xx_HAL_Driver/Src/stm32l4xx_hal_rcc_ex.c ****           break;
1647:Drivers/STM32L4xx_HAL_Driver/Src/stm32l4xx_hal_rcc_ex.c **** #if defined(RCC_PLLSAI1_SUPPORT)
1648:Drivers/STM32L4xx_HAL_Driver/Src/stm32l4xx_hal_rcc_ex.c ****         case RCC_ADCCLKSOURCE_PLLSAI1:
1649:Drivers/STM32L4xx_HAL_Driver/Src/stm32l4xx_hal_rcc_ex.c ****           if(HAL_IS_BIT_SET(RCC->CR, RCC_CR_PLLSAI1RDY) && (__HAL_RCC_GET_PLLSAI1CLKOUT_CONFIG(RCC_
1650:Drivers/STM32L4xx_HAL_Driver/Src/stm32l4xx_hal_rcc_ex.c ****           {
1651:Drivers/STM32L4xx_HAL_Driver/Src/stm32l4xx_hal_rcc_ex.c ****             plln = READ_BIT(RCC->PLLSAI1CFGR, RCC_PLLSAI1CFGR_PLLSAI1N) >> RCC_PLLSAI1CFGR_PLLSAI1N
1652:Drivers/STM32L4xx_HAL_Driver/Src/stm32l4xx_hal_rcc_ex.c **** #if defined(RCC_PLLSAI1M_DIV_1_16_SUPPORT)
1653:Drivers/STM32L4xx_HAL_Driver/Src/stm32l4xx_hal_rcc_ex.c ****             /* PLLSAI1M exists: apply PLLSAI1M divider for PLLSAI1 output computation */
1654:Drivers/STM32L4xx_HAL_Driver/Src/stm32l4xx_hal_rcc_ex.c ****             /* f(PLLSAI1 Source) * PLLSAI1N / PLLSAI1M */
1655:Drivers/STM32L4xx_HAL_Driver/Src/stm32l4xx_hal_rcc_ex.c ****             pllvco = ((pllvco * plln) / ((READ_BIT(RCC->PLLSAI1CFGR, RCC_PLLSAI1CFGR_PLLSAI1M) >> R
1656:Drivers/STM32L4xx_HAL_Driver/Src/stm32l4xx_hal_rcc_ex.c **** #else
1657:Drivers/STM32L4xx_HAL_Driver/Src/stm32l4xx_hal_rcc_ex.c ****             /* f(PLL Source) * PLLSAI1N / PLLM */
1658:Drivers/STM32L4xx_HAL_Driver/Src/stm32l4xx_hal_rcc_ex.c ****             pllvco = ((pllvco * plln) / ((READ_BIT(RCC->PLLCFGR, RCC_PLLCFGR_PLLM) >> RCC_PLLCFGR_P
1659:Drivers/STM32L4xx_HAL_Driver/Src/stm32l4xx_hal_rcc_ex.c **** #endif
1660:Drivers/STM32L4xx_HAL_Driver/Src/stm32l4xx_hal_rcc_ex.c ****             /* f(PLLADC1CLK) = f(VCOSAI1 input) / PLLSAI1R */
1661:Drivers/STM32L4xx_HAL_Driver/Src/stm32l4xx_hal_rcc_ex.c ****             frequency = (pllvco / (((READ_BIT(RCC->PLLSAI1CFGR, RCC_PLLSAI1CFGR_PLLSAI1R) >> RCC_PL
1662:Drivers/STM32L4xx_HAL_Driver/Src/stm32l4xx_hal_rcc_ex.c ****           }
1663:Drivers/STM32L4xx_HAL_Driver/Src/stm32l4xx_hal_rcc_ex.c ****           break;
1664:Drivers/STM32L4xx_HAL_Driver/Src/stm32l4xx_hal_rcc_ex.c **** #endif /* RCC_PLLSAI1_SUPPORT */
1665:Drivers/STM32L4xx_HAL_Driver/Src/stm32l4xx_hal_rcc_ex.c **** #if defined(STM32L471xx) || defined(STM32L475xx) || defined(STM32L476xx) || defined(STM32L485xx) ||
1666:Drivers/STM32L4xx_HAL_Driver/Src/stm32l4xx_hal_rcc_ex.c ****         case RCC_ADCCLKSOURCE_PLLSAI2:
1667:Drivers/STM32L4xx_HAL_Driver/Src/stm32l4xx_hal_rcc_ex.c ****           if(HAL_IS_BIT_SET(RCC->CR, RCC_CR_PLLSAI2RDY) && (__HAL_RCC_GET_PLLSAI2CLKOUT_CONFIG(RCC_
1668:Drivers/STM32L4xx_HAL_Driver/Src/stm32l4xx_hal_rcc_ex.c ****           {
1669:Drivers/STM32L4xx_HAL_Driver/Src/stm32l4xx_hal_rcc_ex.c ****             plln = READ_BIT(RCC->PLLSAI2CFGR, RCC_PLLSAI2CFGR_PLLSAI2N) >> RCC_PLLSAI2CFGR_PLLSAI2N
1670:Drivers/STM32L4xx_HAL_Driver/Src/stm32l4xx_hal_rcc_ex.c **** #if defined(RCC_PLLSAI2M_DIV_1_16_SUPPORT)
1671:Drivers/STM32L4xx_HAL_Driver/Src/stm32l4xx_hal_rcc_ex.c ****             /* PLLSAI2M exists: apply PLLSAI2M divider for PLLSAI2 output computation */
1672:Drivers/STM32L4xx_HAL_Driver/Src/stm32l4xx_hal_rcc_ex.c ****             /* f(PLLSAI2 Source) * PLLSAI2N / PLLSAI2M */
1673:Drivers/STM32L4xx_HAL_Driver/Src/stm32l4xx_hal_rcc_ex.c ****             pllvco = ((pllvco * plln) / ((READ_BIT(RCC->PLLSAI2CFGR, RCC_PLLSAI2CFGR_PLLSAI2M) >> R
1674:Drivers/STM32L4xx_HAL_Driver/Src/stm32l4xx_hal_rcc_ex.c **** #else
1675:Drivers/STM32L4xx_HAL_Driver/Src/stm32l4xx_hal_rcc_ex.c ****             /* f(PLL Source) * PLLSAI2N / PLLM */
1676:Drivers/STM32L4xx_HAL_Driver/Src/stm32l4xx_hal_rcc_ex.c ****             pllvco = ((pllvco * plln) / ((READ_BIT(RCC->PLLCFGR, RCC_PLLCFGR_PLLM) >> RCC_PLLCFGR_P
1677:Drivers/STM32L4xx_HAL_Driver/Src/stm32l4xx_hal_rcc_ex.c **** #endif
1678:Drivers/STM32L4xx_HAL_Driver/Src/stm32l4xx_hal_rcc_ex.c ****             /* f(PLLADC2CLK) = f(VCOSAI2 input) / PLLSAI2R */
1679:Drivers/STM32L4xx_HAL_Driver/Src/stm32l4xx_hal_rcc_ex.c ****             frequency = (pllvco / (((READ_BIT(RCC->PLLSAI2CFGR, RCC_PLLSAI2CFGR_PLLSAI2R) >> RCC_PL
1680:Drivers/STM32L4xx_HAL_Driver/Src/stm32l4xx_hal_rcc_ex.c ****           }
1681:Drivers/STM32L4xx_HAL_Driver/Src/stm32l4xx_hal_rcc_ex.c ****           break;
1682:Drivers/STM32L4xx_HAL_Driver/Src/stm32l4xx_hal_rcc_ex.c **** #endif /* STM32L471xx || STM32L475xx || STM32L476xx || STM32L485xx || STM32L486xx || STM32L496xx ||
1683:Drivers/STM32L4xx_HAL_Driver/Src/stm32l4xx_hal_rcc_ex.c ****         default:
ARM GAS  /tmp/cc4nR4Y7.s 			page 31


1684:Drivers/STM32L4xx_HAL_Driver/Src/stm32l4xx_hal_rcc_ex.c ****           /* No clock source, frequency default init at 0 */
1685:Drivers/STM32L4xx_HAL_Driver/Src/stm32l4xx_hal_rcc_ex.c ****           break;
1686:Drivers/STM32L4xx_HAL_Driver/Src/stm32l4xx_hal_rcc_ex.c ****         }
1687:Drivers/STM32L4xx_HAL_Driver/Src/stm32l4xx_hal_rcc_ex.c **** 
1688:Drivers/STM32L4xx_HAL_Driver/Src/stm32l4xx_hal_rcc_ex.c ****         break;
1689:Drivers/STM32L4xx_HAL_Driver/Src/stm32l4xx_hal_rcc_ex.c ****       }
1690:Drivers/STM32L4xx_HAL_Driver/Src/stm32l4xx_hal_rcc_ex.c **** 
1691:Drivers/STM32L4xx_HAL_Driver/Src/stm32l4xx_hal_rcc_ex.c **** #if defined(DFSDM1_Filter0)
1692:Drivers/STM32L4xx_HAL_Driver/Src/stm32l4xx_hal_rcc_ex.c **** 
1693:Drivers/STM32L4xx_HAL_Driver/Src/stm32l4xx_hal_rcc_ex.c ****     case RCC_PERIPHCLK_DFSDM1:
1694:Drivers/STM32L4xx_HAL_Driver/Src/stm32l4xx_hal_rcc_ex.c ****       {
1695:Drivers/STM32L4xx_HAL_Driver/Src/stm32l4xx_hal_rcc_ex.c ****         /* Get the current DFSDM1 source */
1696:Drivers/STM32L4xx_HAL_Driver/Src/stm32l4xx_hal_rcc_ex.c ****         srcclk = __HAL_RCC_GET_DFSDM1_SOURCE();
1697:Drivers/STM32L4xx_HAL_Driver/Src/stm32l4xx_hal_rcc_ex.c **** 
1698:Drivers/STM32L4xx_HAL_Driver/Src/stm32l4xx_hal_rcc_ex.c ****         if(srcclk == RCC_DFSDM1CLKSOURCE_PCLK2)
1699:Drivers/STM32L4xx_HAL_Driver/Src/stm32l4xx_hal_rcc_ex.c ****         {
1700:Drivers/STM32L4xx_HAL_Driver/Src/stm32l4xx_hal_rcc_ex.c ****           frequency = HAL_RCC_GetPCLK2Freq();
1701:Drivers/STM32L4xx_HAL_Driver/Src/stm32l4xx_hal_rcc_ex.c ****         }
1702:Drivers/STM32L4xx_HAL_Driver/Src/stm32l4xx_hal_rcc_ex.c ****         else
1703:Drivers/STM32L4xx_HAL_Driver/Src/stm32l4xx_hal_rcc_ex.c ****         {
1704:Drivers/STM32L4xx_HAL_Driver/Src/stm32l4xx_hal_rcc_ex.c ****           frequency = HAL_RCC_GetSysClockFreq();
1705:Drivers/STM32L4xx_HAL_Driver/Src/stm32l4xx_hal_rcc_ex.c ****         }
1706:Drivers/STM32L4xx_HAL_Driver/Src/stm32l4xx_hal_rcc_ex.c **** 
1707:Drivers/STM32L4xx_HAL_Driver/Src/stm32l4xx_hal_rcc_ex.c ****         break;
1708:Drivers/STM32L4xx_HAL_Driver/Src/stm32l4xx_hal_rcc_ex.c ****       }
1709:Drivers/STM32L4xx_HAL_Driver/Src/stm32l4xx_hal_rcc_ex.c **** 
1710:Drivers/STM32L4xx_HAL_Driver/Src/stm32l4xx_hal_rcc_ex.c **** #if defined(STM32L4R5xx) || defined(STM32L4R7xx) || defined(STM32L4R9xx) || defined(STM32L4S5xx) ||
1711:Drivers/STM32L4xx_HAL_Driver/Src/stm32l4xx_hal_rcc_ex.c **** 
1712:Drivers/STM32L4xx_HAL_Driver/Src/stm32l4xx_hal_rcc_ex.c ****     case RCC_PERIPHCLK_DFSDM1AUDIO:
1713:Drivers/STM32L4xx_HAL_Driver/Src/stm32l4xx_hal_rcc_ex.c ****       {
1714:Drivers/STM32L4xx_HAL_Driver/Src/stm32l4xx_hal_rcc_ex.c ****         /* Get the current DFSDM1 audio source */
1715:Drivers/STM32L4xx_HAL_Driver/Src/stm32l4xx_hal_rcc_ex.c ****         srcclk = __HAL_RCC_GET_DFSDM1AUDIO_SOURCE();
1716:Drivers/STM32L4xx_HAL_Driver/Src/stm32l4xx_hal_rcc_ex.c **** 
1717:Drivers/STM32L4xx_HAL_Driver/Src/stm32l4xx_hal_rcc_ex.c ****         switch(srcclk)
1718:Drivers/STM32L4xx_HAL_Driver/Src/stm32l4xx_hal_rcc_ex.c ****         {
1719:Drivers/STM32L4xx_HAL_Driver/Src/stm32l4xx_hal_rcc_ex.c ****         case RCC_DFSDM1AUDIOCLKSOURCE_SAI1:
1720:Drivers/STM32L4xx_HAL_Driver/Src/stm32l4xx_hal_rcc_ex.c ****           frequency = RCCEx_GetSAIxPeriphCLKFreq(RCC_PERIPHCLK_SAI1, pllvco);
1721:Drivers/STM32L4xx_HAL_Driver/Src/stm32l4xx_hal_rcc_ex.c ****           break;
1722:Drivers/STM32L4xx_HAL_Driver/Src/stm32l4xx_hal_rcc_ex.c ****         case RCC_DFSDM1AUDIOCLKSOURCE_MSI:
1723:Drivers/STM32L4xx_HAL_Driver/Src/stm32l4xx_hal_rcc_ex.c ****           if(HAL_IS_BIT_SET(RCC->CR, RCC_CR_MSIRDY))
1724:Drivers/STM32L4xx_HAL_Driver/Src/stm32l4xx_hal_rcc_ex.c ****           {
1725:Drivers/STM32L4xx_HAL_Driver/Src/stm32l4xx_hal_rcc_ex.c ****             /*MSI frequency range in HZ*/
1726:Drivers/STM32L4xx_HAL_Driver/Src/stm32l4xx_hal_rcc_ex.c ****             frequency = MSIRangeTable[(__HAL_RCC_GET_MSI_RANGE() >> 4U)];
1727:Drivers/STM32L4xx_HAL_Driver/Src/stm32l4xx_hal_rcc_ex.c ****           }
1728:Drivers/STM32L4xx_HAL_Driver/Src/stm32l4xx_hal_rcc_ex.c ****           break;
1729:Drivers/STM32L4xx_HAL_Driver/Src/stm32l4xx_hal_rcc_ex.c ****         case RCC_DFSDM1AUDIOCLKSOURCE_HSI:
1730:Drivers/STM32L4xx_HAL_Driver/Src/stm32l4xx_hal_rcc_ex.c ****           if(HAL_IS_BIT_SET(RCC->CR, RCC_CR_HSIRDY))
1731:Drivers/STM32L4xx_HAL_Driver/Src/stm32l4xx_hal_rcc_ex.c ****           {
1732:Drivers/STM32L4xx_HAL_Driver/Src/stm32l4xx_hal_rcc_ex.c ****             frequency = HSI_VALUE;
1733:Drivers/STM32L4xx_HAL_Driver/Src/stm32l4xx_hal_rcc_ex.c ****           }
1734:Drivers/STM32L4xx_HAL_Driver/Src/stm32l4xx_hal_rcc_ex.c ****           break;
1735:Drivers/STM32L4xx_HAL_Driver/Src/stm32l4xx_hal_rcc_ex.c ****         default:
1736:Drivers/STM32L4xx_HAL_Driver/Src/stm32l4xx_hal_rcc_ex.c ****           /* No clock source, frequency default init at 0 */
1737:Drivers/STM32L4xx_HAL_Driver/Src/stm32l4xx_hal_rcc_ex.c ****           break;
1738:Drivers/STM32L4xx_HAL_Driver/Src/stm32l4xx_hal_rcc_ex.c ****         }
1739:Drivers/STM32L4xx_HAL_Driver/Src/stm32l4xx_hal_rcc_ex.c **** 
1740:Drivers/STM32L4xx_HAL_Driver/Src/stm32l4xx_hal_rcc_ex.c ****         break;
ARM GAS  /tmp/cc4nR4Y7.s 			page 32


1741:Drivers/STM32L4xx_HAL_Driver/Src/stm32l4xx_hal_rcc_ex.c ****       }
1742:Drivers/STM32L4xx_HAL_Driver/Src/stm32l4xx_hal_rcc_ex.c **** 
1743:Drivers/STM32L4xx_HAL_Driver/Src/stm32l4xx_hal_rcc_ex.c **** #endif /* STM32L4R5xx || STM32L4R7xx || STM32L4R9xx || STM32L4S5xx || STM32L4S7xx || STM32L4S9xx */
1744:Drivers/STM32L4xx_HAL_Driver/Src/stm32l4xx_hal_rcc_ex.c **** 
1745:Drivers/STM32L4xx_HAL_Driver/Src/stm32l4xx_hal_rcc_ex.c **** #endif /* DFSDM1_Filter0 */
1746:Drivers/STM32L4xx_HAL_Driver/Src/stm32l4xx_hal_rcc_ex.c **** 
1747:Drivers/STM32L4xx_HAL_Driver/Src/stm32l4xx_hal_rcc_ex.c ****     case RCC_PERIPHCLK_I2C1:
1748:Drivers/STM32L4xx_HAL_Driver/Src/stm32l4xx_hal_rcc_ex.c ****       {
1749:Drivers/STM32L4xx_HAL_Driver/Src/stm32l4xx_hal_rcc_ex.c ****         /* Get the current I2C1 source */
1750:Drivers/STM32L4xx_HAL_Driver/Src/stm32l4xx_hal_rcc_ex.c ****         srcclk = __HAL_RCC_GET_I2C1_SOURCE();
1751:Drivers/STM32L4xx_HAL_Driver/Src/stm32l4xx_hal_rcc_ex.c **** 
1752:Drivers/STM32L4xx_HAL_Driver/Src/stm32l4xx_hal_rcc_ex.c ****         switch(srcclk)
1753:Drivers/STM32L4xx_HAL_Driver/Src/stm32l4xx_hal_rcc_ex.c ****         {
1754:Drivers/STM32L4xx_HAL_Driver/Src/stm32l4xx_hal_rcc_ex.c ****         case RCC_I2C1CLKSOURCE_PCLK1:
1755:Drivers/STM32L4xx_HAL_Driver/Src/stm32l4xx_hal_rcc_ex.c ****           frequency = HAL_RCC_GetPCLK1Freq();
1756:Drivers/STM32L4xx_HAL_Driver/Src/stm32l4xx_hal_rcc_ex.c ****           break;
1757:Drivers/STM32L4xx_HAL_Driver/Src/stm32l4xx_hal_rcc_ex.c ****         case RCC_I2C1CLKSOURCE_SYSCLK:
1758:Drivers/STM32L4xx_HAL_Driver/Src/stm32l4xx_hal_rcc_ex.c ****           frequency = HAL_RCC_GetSysClockFreq();
1759:Drivers/STM32L4xx_HAL_Driver/Src/stm32l4xx_hal_rcc_ex.c ****           break;
1760:Drivers/STM32L4xx_HAL_Driver/Src/stm32l4xx_hal_rcc_ex.c ****         case RCC_I2C1CLKSOURCE_HSI:
1761:Drivers/STM32L4xx_HAL_Driver/Src/stm32l4xx_hal_rcc_ex.c ****           if(HAL_IS_BIT_SET(RCC->CR, RCC_CR_HSIRDY))
1762:Drivers/STM32L4xx_HAL_Driver/Src/stm32l4xx_hal_rcc_ex.c ****           {
1763:Drivers/STM32L4xx_HAL_Driver/Src/stm32l4xx_hal_rcc_ex.c ****             frequency = HSI_VALUE;
1764:Drivers/STM32L4xx_HAL_Driver/Src/stm32l4xx_hal_rcc_ex.c ****           }
1765:Drivers/STM32L4xx_HAL_Driver/Src/stm32l4xx_hal_rcc_ex.c ****           break;
1766:Drivers/STM32L4xx_HAL_Driver/Src/stm32l4xx_hal_rcc_ex.c ****         default:
1767:Drivers/STM32L4xx_HAL_Driver/Src/stm32l4xx_hal_rcc_ex.c ****           /* No clock source, frequency default init at 0 */
1768:Drivers/STM32L4xx_HAL_Driver/Src/stm32l4xx_hal_rcc_ex.c ****           break;
1769:Drivers/STM32L4xx_HAL_Driver/Src/stm32l4xx_hal_rcc_ex.c ****         }
1770:Drivers/STM32L4xx_HAL_Driver/Src/stm32l4xx_hal_rcc_ex.c **** 
1771:Drivers/STM32L4xx_HAL_Driver/Src/stm32l4xx_hal_rcc_ex.c ****         break;
1772:Drivers/STM32L4xx_HAL_Driver/Src/stm32l4xx_hal_rcc_ex.c ****       }
1773:Drivers/STM32L4xx_HAL_Driver/Src/stm32l4xx_hal_rcc_ex.c **** 
1774:Drivers/STM32L4xx_HAL_Driver/Src/stm32l4xx_hal_rcc_ex.c **** #if defined(I2C2)
1775:Drivers/STM32L4xx_HAL_Driver/Src/stm32l4xx_hal_rcc_ex.c **** 
1776:Drivers/STM32L4xx_HAL_Driver/Src/stm32l4xx_hal_rcc_ex.c ****     case RCC_PERIPHCLK_I2C2:
1777:Drivers/STM32L4xx_HAL_Driver/Src/stm32l4xx_hal_rcc_ex.c ****       {
1778:Drivers/STM32L4xx_HAL_Driver/Src/stm32l4xx_hal_rcc_ex.c ****         /* Get the current I2C2 source */
1779:Drivers/STM32L4xx_HAL_Driver/Src/stm32l4xx_hal_rcc_ex.c ****         srcclk = __HAL_RCC_GET_I2C2_SOURCE();
1780:Drivers/STM32L4xx_HAL_Driver/Src/stm32l4xx_hal_rcc_ex.c **** 
1781:Drivers/STM32L4xx_HAL_Driver/Src/stm32l4xx_hal_rcc_ex.c ****         switch(srcclk)
1782:Drivers/STM32L4xx_HAL_Driver/Src/stm32l4xx_hal_rcc_ex.c ****         {
1783:Drivers/STM32L4xx_HAL_Driver/Src/stm32l4xx_hal_rcc_ex.c ****         case RCC_I2C2CLKSOURCE_PCLK1:
1784:Drivers/STM32L4xx_HAL_Driver/Src/stm32l4xx_hal_rcc_ex.c ****           frequency = HAL_RCC_GetPCLK1Freq();
1785:Drivers/STM32L4xx_HAL_Driver/Src/stm32l4xx_hal_rcc_ex.c ****           break;
1786:Drivers/STM32L4xx_HAL_Driver/Src/stm32l4xx_hal_rcc_ex.c ****         case RCC_I2C2CLKSOURCE_SYSCLK:
1787:Drivers/STM32L4xx_HAL_Driver/Src/stm32l4xx_hal_rcc_ex.c ****           frequency = HAL_RCC_GetSysClockFreq();
1788:Drivers/STM32L4xx_HAL_Driver/Src/stm32l4xx_hal_rcc_ex.c ****           break;
1789:Drivers/STM32L4xx_HAL_Driver/Src/stm32l4xx_hal_rcc_ex.c ****         case RCC_I2C2CLKSOURCE_HSI:
1790:Drivers/STM32L4xx_HAL_Driver/Src/stm32l4xx_hal_rcc_ex.c ****           if(HAL_IS_BIT_SET(RCC->CR, RCC_CR_HSIRDY))
1791:Drivers/STM32L4xx_HAL_Driver/Src/stm32l4xx_hal_rcc_ex.c ****           {
1792:Drivers/STM32L4xx_HAL_Driver/Src/stm32l4xx_hal_rcc_ex.c ****             frequency = HSI_VALUE;
1793:Drivers/STM32L4xx_HAL_Driver/Src/stm32l4xx_hal_rcc_ex.c ****           }
1794:Drivers/STM32L4xx_HAL_Driver/Src/stm32l4xx_hal_rcc_ex.c ****           break;
1795:Drivers/STM32L4xx_HAL_Driver/Src/stm32l4xx_hal_rcc_ex.c ****         default:
1796:Drivers/STM32L4xx_HAL_Driver/Src/stm32l4xx_hal_rcc_ex.c ****           /* No clock source, frequency default init at 0 */
1797:Drivers/STM32L4xx_HAL_Driver/Src/stm32l4xx_hal_rcc_ex.c ****           break;
ARM GAS  /tmp/cc4nR4Y7.s 			page 33


1798:Drivers/STM32L4xx_HAL_Driver/Src/stm32l4xx_hal_rcc_ex.c ****         }
1799:Drivers/STM32L4xx_HAL_Driver/Src/stm32l4xx_hal_rcc_ex.c **** 
1800:Drivers/STM32L4xx_HAL_Driver/Src/stm32l4xx_hal_rcc_ex.c ****         break;
1801:Drivers/STM32L4xx_HAL_Driver/Src/stm32l4xx_hal_rcc_ex.c ****       }
1802:Drivers/STM32L4xx_HAL_Driver/Src/stm32l4xx_hal_rcc_ex.c **** 
1803:Drivers/STM32L4xx_HAL_Driver/Src/stm32l4xx_hal_rcc_ex.c **** #endif /* I2C2 */
1804:Drivers/STM32L4xx_HAL_Driver/Src/stm32l4xx_hal_rcc_ex.c **** 
1805:Drivers/STM32L4xx_HAL_Driver/Src/stm32l4xx_hal_rcc_ex.c ****     case RCC_PERIPHCLK_I2C3:
1806:Drivers/STM32L4xx_HAL_Driver/Src/stm32l4xx_hal_rcc_ex.c ****       {
1807:Drivers/STM32L4xx_HAL_Driver/Src/stm32l4xx_hal_rcc_ex.c ****         /* Get the current I2C3 source */
1808:Drivers/STM32L4xx_HAL_Driver/Src/stm32l4xx_hal_rcc_ex.c ****         srcclk = __HAL_RCC_GET_I2C3_SOURCE();
1809:Drivers/STM32L4xx_HAL_Driver/Src/stm32l4xx_hal_rcc_ex.c **** 
1810:Drivers/STM32L4xx_HAL_Driver/Src/stm32l4xx_hal_rcc_ex.c ****         switch(srcclk)
1811:Drivers/STM32L4xx_HAL_Driver/Src/stm32l4xx_hal_rcc_ex.c ****         {
1812:Drivers/STM32L4xx_HAL_Driver/Src/stm32l4xx_hal_rcc_ex.c ****         case RCC_I2C3CLKSOURCE_PCLK1:
1813:Drivers/STM32L4xx_HAL_Driver/Src/stm32l4xx_hal_rcc_ex.c ****           frequency = HAL_RCC_GetPCLK1Freq();
1814:Drivers/STM32L4xx_HAL_Driver/Src/stm32l4xx_hal_rcc_ex.c ****           break;
1815:Drivers/STM32L4xx_HAL_Driver/Src/stm32l4xx_hal_rcc_ex.c ****         case RCC_I2C3CLKSOURCE_SYSCLK:
1816:Drivers/STM32L4xx_HAL_Driver/Src/stm32l4xx_hal_rcc_ex.c ****           frequency = HAL_RCC_GetSysClockFreq();
1817:Drivers/STM32L4xx_HAL_Driver/Src/stm32l4xx_hal_rcc_ex.c ****           break;
1818:Drivers/STM32L4xx_HAL_Driver/Src/stm32l4xx_hal_rcc_ex.c ****         case RCC_I2C3CLKSOURCE_HSI:
1819:Drivers/STM32L4xx_HAL_Driver/Src/stm32l4xx_hal_rcc_ex.c ****           if(HAL_IS_BIT_SET(RCC->CR, RCC_CR_HSIRDY))
1820:Drivers/STM32L4xx_HAL_Driver/Src/stm32l4xx_hal_rcc_ex.c ****           {
1821:Drivers/STM32L4xx_HAL_Driver/Src/stm32l4xx_hal_rcc_ex.c ****             frequency = HSI_VALUE;
1822:Drivers/STM32L4xx_HAL_Driver/Src/stm32l4xx_hal_rcc_ex.c ****           }
1823:Drivers/STM32L4xx_HAL_Driver/Src/stm32l4xx_hal_rcc_ex.c ****           break;
1824:Drivers/STM32L4xx_HAL_Driver/Src/stm32l4xx_hal_rcc_ex.c ****         default:
1825:Drivers/STM32L4xx_HAL_Driver/Src/stm32l4xx_hal_rcc_ex.c ****           /* No clock source, frequency default init at 0 */
1826:Drivers/STM32L4xx_HAL_Driver/Src/stm32l4xx_hal_rcc_ex.c ****           break;
1827:Drivers/STM32L4xx_HAL_Driver/Src/stm32l4xx_hal_rcc_ex.c ****         }
1828:Drivers/STM32L4xx_HAL_Driver/Src/stm32l4xx_hal_rcc_ex.c **** 
1829:Drivers/STM32L4xx_HAL_Driver/Src/stm32l4xx_hal_rcc_ex.c ****         break;
1830:Drivers/STM32L4xx_HAL_Driver/Src/stm32l4xx_hal_rcc_ex.c ****       }
1831:Drivers/STM32L4xx_HAL_Driver/Src/stm32l4xx_hal_rcc_ex.c **** 
1832:Drivers/STM32L4xx_HAL_Driver/Src/stm32l4xx_hal_rcc_ex.c **** #if defined(I2C4)
1833:Drivers/STM32L4xx_HAL_Driver/Src/stm32l4xx_hal_rcc_ex.c **** 
1834:Drivers/STM32L4xx_HAL_Driver/Src/stm32l4xx_hal_rcc_ex.c ****     case RCC_PERIPHCLK_I2C4:
1835:Drivers/STM32L4xx_HAL_Driver/Src/stm32l4xx_hal_rcc_ex.c ****       {
1836:Drivers/STM32L4xx_HAL_Driver/Src/stm32l4xx_hal_rcc_ex.c ****         /* Get the current I2C4 source */
1837:Drivers/STM32L4xx_HAL_Driver/Src/stm32l4xx_hal_rcc_ex.c ****         srcclk = __HAL_RCC_GET_I2C4_SOURCE();
1838:Drivers/STM32L4xx_HAL_Driver/Src/stm32l4xx_hal_rcc_ex.c **** 
1839:Drivers/STM32L4xx_HAL_Driver/Src/stm32l4xx_hal_rcc_ex.c ****         switch(srcclk)
1840:Drivers/STM32L4xx_HAL_Driver/Src/stm32l4xx_hal_rcc_ex.c ****         {
1841:Drivers/STM32L4xx_HAL_Driver/Src/stm32l4xx_hal_rcc_ex.c ****         case RCC_I2C4CLKSOURCE_PCLK1:
1842:Drivers/STM32L4xx_HAL_Driver/Src/stm32l4xx_hal_rcc_ex.c ****           frequency = HAL_RCC_GetPCLK1Freq();
1843:Drivers/STM32L4xx_HAL_Driver/Src/stm32l4xx_hal_rcc_ex.c ****           break;
1844:Drivers/STM32L4xx_HAL_Driver/Src/stm32l4xx_hal_rcc_ex.c ****         case RCC_I2C4CLKSOURCE_SYSCLK:
1845:Drivers/STM32L4xx_HAL_Driver/Src/stm32l4xx_hal_rcc_ex.c ****           frequency = HAL_RCC_GetSysClockFreq();
1846:Drivers/STM32L4xx_HAL_Driver/Src/stm32l4xx_hal_rcc_ex.c ****           break;
1847:Drivers/STM32L4xx_HAL_Driver/Src/stm32l4xx_hal_rcc_ex.c ****         case RCC_I2C4CLKSOURCE_HSI:
1848:Drivers/STM32L4xx_HAL_Driver/Src/stm32l4xx_hal_rcc_ex.c ****           if(HAL_IS_BIT_SET(RCC->CR, RCC_CR_HSIRDY))
1849:Drivers/STM32L4xx_HAL_Driver/Src/stm32l4xx_hal_rcc_ex.c ****           {
1850:Drivers/STM32L4xx_HAL_Driver/Src/stm32l4xx_hal_rcc_ex.c ****             frequency = HSI_VALUE;
1851:Drivers/STM32L4xx_HAL_Driver/Src/stm32l4xx_hal_rcc_ex.c ****           }
1852:Drivers/STM32L4xx_HAL_Driver/Src/stm32l4xx_hal_rcc_ex.c ****           break;
1853:Drivers/STM32L4xx_HAL_Driver/Src/stm32l4xx_hal_rcc_ex.c ****         default:
1854:Drivers/STM32L4xx_HAL_Driver/Src/stm32l4xx_hal_rcc_ex.c ****           /* No clock source, frequency default init at 0 */
ARM GAS  /tmp/cc4nR4Y7.s 			page 34


1855:Drivers/STM32L4xx_HAL_Driver/Src/stm32l4xx_hal_rcc_ex.c ****           break;
1856:Drivers/STM32L4xx_HAL_Driver/Src/stm32l4xx_hal_rcc_ex.c ****         }
1857:Drivers/STM32L4xx_HAL_Driver/Src/stm32l4xx_hal_rcc_ex.c **** 
1858:Drivers/STM32L4xx_HAL_Driver/Src/stm32l4xx_hal_rcc_ex.c ****         break;
1859:Drivers/STM32L4xx_HAL_Driver/Src/stm32l4xx_hal_rcc_ex.c ****       }
1860:Drivers/STM32L4xx_HAL_Driver/Src/stm32l4xx_hal_rcc_ex.c **** 
1861:Drivers/STM32L4xx_HAL_Driver/Src/stm32l4xx_hal_rcc_ex.c **** #endif /* I2C4 */
1862:Drivers/STM32L4xx_HAL_Driver/Src/stm32l4xx_hal_rcc_ex.c **** 
1863:Drivers/STM32L4xx_HAL_Driver/Src/stm32l4xx_hal_rcc_ex.c ****     case RCC_PERIPHCLK_LPTIM1:
1864:Drivers/STM32L4xx_HAL_Driver/Src/stm32l4xx_hal_rcc_ex.c ****       {
1865:Drivers/STM32L4xx_HAL_Driver/Src/stm32l4xx_hal_rcc_ex.c ****         /* Get the current LPTIM1 source */
1866:Drivers/STM32L4xx_HAL_Driver/Src/stm32l4xx_hal_rcc_ex.c ****         srcclk = __HAL_RCC_GET_LPTIM1_SOURCE();
1867:Drivers/STM32L4xx_HAL_Driver/Src/stm32l4xx_hal_rcc_ex.c **** 
1868:Drivers/STM32L4xx_HAL_Driver/Src/stm32l4xx_hal_rcc_ex.c ****         switch(srcclk)
1869:Drivers/STM32L4xx_HAL_Driver/Src/stm32l4xx_hal_rcc_ex.c ****         {
1870:Drivers/STM32L4xx_HAL_Driver/Src/stm32l4xx_hal_rcc_ex.c ****         case RCC_LPTIM1CLKSOURCE_PCLK1:
1871:Drivers/STM32L4xx_HAL_Driver/Src/stm32l4xx_hal_rcc_ex.c ****           frequency = HAL_RCC_GetPCLK1Freq();
1872:Drivers/STM32L4xx_HAL_Driver/Src/stm32l4xx_hal_rcc_ex.c ****           break;
1873:Drivers/STM32L4xx_HAL_Driver/Src/stm32l4xx_hal_rcc_ex.c ****         case RCC_LPTIM1CLKSOURCE_LSI:
1874:Drivers/STM32L4xx_HAL_Driver/Src/stm32l4xx_hal_rcc_ex.c ****           if(HAL_IS_BIT_SET(RCC->CSR, RCC_CSR_LSIRDY))
1875:Drivers/STM32L4xx_HAL_Driver/Src/stm32l4xx_hal_rcc_ex.c ****           {
1876:Drivers/STM32L4xx_HAL_Driver/Src/stm32l4xx_hal_rcc_ex.c **** #if defined(RCC_CSR_LSIPREDIV)
1877:Drivers/STM32L4xx_HAL_Driver/Src/stm32l4xx_hal_rcc_ex.c ****             if(HAL_IS_BIT_SET(RCC->CSR, RCC_CSR_LSIPREDIV))
1878:Drivers/STM32L4xx_HAL_Driver/Src/stm32l4xx_hal_rcc_ex.c ****             {
1879:Drivers/STM32L4xx_HAL_Driver/Src/stm32l4xx_hal_rcc_ex.c ****               frequency = LSI_VALUE/128U;
1880:Drivers/STM32L4xx_HAL_Driver/Src/stm32l4xx_hal_rcc_ex.c ****             }
1881:Drivers/STM32L4xx_HAL_Driver/Src/stm32l4xx_hal_rcc_ex.c ****             else
1882:Drivers/STM32L4xx_HAL_Driver/Src/stm32l4xx_hal_rcc_ex.c **** #endif /* RCC_CSR_LSIPREDIV */
1883:Drivers/STM32L4xx_HAL_Driver/Src/stm32l4xx_hal_rcc_ex.c ****             {
1884:Drivers/STM32L4xx_HAL_Driver/Src/stm32l4xx_hal_rcc_ex.c ****               frequency = LSI_VALUE;
1885:Drivers/STM32L4xx_HAL_Driver/Src/stm32l4xx_hal_rcc_ex.c ****             }
1886:Drivers/STM32L4xx_HAL_Driver/Src/stm32l4xx_hal_rcc_ex.c ****           }
1887:Drivers/STM32L4xx_HAL_Driver/Src/stm32l4xx_hal_rcc_ex.c ****           break;
1888:Drivers/STM32L4xx_HAL_Driver/Src/stm32l4xx_hal_rcc_ex.c ****         case RCC_LPTIM1CLKSOURCE_HSI:
1889:Drivers/STM32L4xx_HAL_Driver/Src/stm32l4xx_hal_rcc_ex.c ****           if(HAL_IS_BIT_SET(RCC->CR, RCC_CR_HSIRDY))
1890:Drivers/STM32L4xx_HAL_Driver/Src/stm32l4xx_hal_rcc_ex.c ****           {
1891:Drivers/STM32L4xx_HAL_Driver/Src/stm32l4xx_hal_rcc_ex.c ****             frequency = HSI_VALUE;
1892:Drivers/STM32L4xx_HAL_Driver/Src/stm32l4xx_hal_rcc_ex.c ****           }
1893:Drivers/STM32L4xx_HAL_Driver/Src/stm32l4xx_hal_rcc_ex.c ****           break;
1894:Drivers/STM32L4xx_HAL_Driver/Src/stm32l4xx_hal_rcc_ex.c ****         case RCC_LPTIM1CLKSOURCE_LSE:
1895:Drivers/STM32L4xx_HAL_Driver/Src/stm32l4xx_hal_rcc_ex.c ****           if(HAL_IS_BIT_SET(RCC->BDCR, RCC_BDCR_LSERDY))
1896:Drivers/STM32L4xx_HAL_Driver/Src/stm32l4xx_hal_rcc_ex.c ****           {
1897:Drivers/STM32L4xx_HAL_Driver/Src/stm32l4xx_hal_rcc_ex.c ****             frequency = LSE_VALUE;
1898:Drivers/STM32L4xx_HAL_Driver/Src/stm32l4xx_hal_rcc_ex.c ****           }
1899:Drivers/STM32L4xx_HAL_Driver/Src/stm32l4xx_hal_rcc_ex.c ****           break;
1900:Drivers/STM32L4xx_HAL_Driver/Src/stm32l4xx_hal_rcc_ex.c ****         default:
1901:Drivers/STM32L4xx_HAL_Driver/Src/stm32l4xx_hal_rcc_ex.c ****           /* No clock source, frequency default init at 0 */
1902:Drivers/STM32L4xx_HAL_Driver/Src/stm32l4xx_hal_rcc_ex.c ****           break;
1903:Drivers/STM32L4xx_HAL_Driver/Src/stm32l4xx_hal_rcc_ex.c ****         }
1904:Drivers/STM32L4xx_HAL_Driver/Src/stm32l4xx_hal_rcc_ex.c **** 
1905:Drivers/STM32L4xx_HAL_Driver/Src/stm32l4xx_hal_rcc_ex.c ****         break;
1906:Drivers/STM32L4xx_HAL_Driver/Src/stm32l4xx_hal_rcc_ex.c ****       }
1907:Drivers/STM32L4xx_HAL_Driver/Src/stm32l4xx_hal_rcc_ex.c **** 
1908:Drivers/STM32L4xx_HAL_Driver/Src/stm32l4xx_hal_rcc_ex.c ****     case RCC_PERIPHCLK_LPTIM2:
1909:Drivers/STM32L4xx_HAL_Driver/Src/stm32l4xx_hal_rcc_ex.c ****       {
1910:Drivers/STM32L4xx_HAL_Driver/Src/stm32l4xx_hal_rcc_ex.c ****         /* Get the current LPTIM2 source */
1911:Drivers/STM32L4xx_HAL_Driver/Src/stm32l4xx_hal_rcc_ex.c ****        srcclk = __HAL_RCC_GET_LPTIM2_SOURCE();
ARM GAS  /tmp/cc4nR4Y7.s 			page 35


1912:Drivers/STM32L4xx_HAL_Driver/Src/stm32l4xx_hal_rcc_ex.c **** 
1913:Drivers/STM32L4xx_HAL_Driver/Src/stm32l4xx_hal_rcc_ex.c ****         switch(srcclk)
1914:Drivers/STM32L4xx_HAL_Driver/Src/stm32l4xx_hal_rcc_ex.c ****         {
1915:Drivers/STM32L4xx_HAL_Driver/Src/stm32l4xx_hal_rcc_ex.c ****         case RCC_LPTIM2CLKSOURCE_PCLK1:
1916:Drivers/STM32L4xx_HAL_Driver/Src/stm32l4xx_hal_rcc_ex.c ****           frequency = HAL_RCC_GetPCLK1Freq();
1917:Drivers/STM32L4xx_HAL_Driver/Src/stm32l4xx_hal_rcc_ex.c ****           break;
1918:Drivers/STM32L4xx_HAL_Driver/Src/stm32l4xx_hal_rcc_ex.c ****         case RCC_LPTIM2CLKSOURCE_LSI:
1919:Drivers/STM32L4xx_HAL_Driver/Src/stm32l4xx_hal_rcc_ex.c ****           if(HAL_IS_BIT_SET(RCC->CSR, RCC_CSR_LSIRDY))
1920:Drivers/STM32L4xx_HAL_Driver/Src/stm32l4xx_hal_rcc_ex.c ****           {
1921:Drivers/STM32L4xx_HAL_Driver/Src/stm32l4xx_hal_rcc_ex.c **** #if defined(RCC_CSR_LSIPREDIV)
1922:Drivers/STM32L4xx_HAL_Driver/Src/stm32l4xx_hal_rcc_ex.c ****             if(HAL_IS_BIT_SET(RCC->CSR, RCC_CSR_LSIPREDIV))
1923:Drivers/STM32L4xx_HAL_Driver/Src/stm32l4xx_hal_rcc_ex.c ****             {
1924:Drivers/STM32L4xx_HAL_Driver/Src/stm32l4xx_hal_rcc_ex.c ****               frequency = LSI_VALUE/128U;
1925:Drivers/STM32L4xx_HAL_Driver/Src/stm32l4xx_hal_rcc_ex.c ****             }
1926:Drivers/STM32L4xx_HAL_Driver/Src/stm32l4xx_hal_rcc_ex.c ****             else
1927:Drivers/STM32L4xx_HAL_Driver/Src/stm32l4xx_hal_rcc_ex.c **** #endif /* RCC_CSR_LSIPREDIV */
1928:Drivers/STM32L4xx_HAL_Driver/Src/stm32l4xx_hal_rcc_ex.c ****             {
1929:Drivers/STM32L4xx_HAL_Driver/Src/stm32l4xx_hal_rcc_ex.c ****               frequency = LSI_VALUE;
1930:Drivers/STM32L4xx_HAL_Driver/Src/stm32l4xx_hal_rcc_ex.c ****             }
1931:Drivers/STM32L4xx_HAL_Driver/Src/stm32l4xx_hal_rcc_ex.c ****           }
1932:Drivers/STM32L4xx_HAL_Driver/Src/stm32l4xx_hal_rcc_ex.c ****           break;
1933:Drivers/STM32L4xx_HAL_Driver/Src/stm32l4xx_hal_rcc_ex.c ****         case RCC_LPTIM2CLKSOURCE_HSI:
1934:Drivers/STM32L4xx_HAL_Driver/Src/stm32l4xx_hal_rcc_ex.c ****           if(HAL_IS_BIT_SET(RCC->CR, RCC_CR_HSIRDY))
1935:Drivers/STM32L4xx_HAL_Driver/Src/stm32l4xx_hal_rcc_ex.c ****           {
1936:Drivers/STM32L4xx_HAL_Driver/Src/stm32l4xx_hal_rcc_ex.c ****             frequency = HSI_VALUE;
1937:Drivers/STM32L4xx_HAL_Driver/Src/stm32l4xx_hal_rcc_ex.c ****           }
1938:Drivers/STM32L4xx_HAL_Driver/Src/stm32l4xx_hal_rcc_ex.c ****           break;
1939:Drivers/STM32L4xx_HAL_Driver/Src/stm32l4xx_hal_rcc_ex.c ****         case RCC_LPTIM2CLKSOURCE_LSE:
1940:Drivers/STM32L4xx_HAL_Driver/Src/stm32l4xx_hal_rcc_ex.c ****           if(HAL_IS_BIT_SET(RCC->BDCR, RCC_BDCR_LSERDY))
1941:Drivers/STM32L4xx_HAL_Driver/Src/stm32l4xx_hal_rcc_ex.c ****           {
1942:Drivers/STM32L4xx_HAL_Driver/Src/stm32l4xx_hal_rcc_ex.c ****             frequency = LSE_VALUE;
1943:Drivers/STM32L4xx_HAL_Driver/Src/stm32l4xx_hal_rcc_ex.c ****           }
1944:Drivers/STM32L4xx_HAL_Driver/Src/stm32l4xx_hal_rcc_ex.c ****           break;
1945:Drivers/STM32L4xx_HAL_Driver/Src/stm32l4xx_hal_rcc_ex.c ****         default:
1946:Drivers/STM32L4xx_HAL_Driver/Src/stm32l4xx_hal_rcc_ex.c ****           /* No clock source, frequency default init at 0 */
1947:Drivers/STM32L4xx_HAL_Driver/Src/stm32l4xx_hal_rcc_ex.c ****           break;
1948:Drivers/STM32L4xx_HAL_Driver/Src/stm32l4xx_hal_rcc_ex.c ****         }
1949:Drivers/STM32L4xx_HAL_Driver/Src/stm32l4xx_hal_rcc_ex.c **** 
1950:Drivers/STM32L4xx_HAL_Driver/Src/stm32l4xx_hal_rcc_ex.c ****         break;
1951:Drivers/STM32L4xx_HAL_Driver/Src/stm32l4xx_hal_rcc_ex.c ****       }
1952:Drivers/STM32L4xx_HAL_Driver/Src/stm32l4xx_hal_rcc_ex.c **** 
1953:Drivers/STM32L4xx_HAL_Driver/Src/stm32l4xx_hal_rcc_ex.c **** #if defined(SWPMI1)
1954:Drivers/STM32L4xx_HAL_Driver/Src/stm32l4xx_hal_rcc_ex.c **** 
1955:Drivers/STM32L4xx_HAL_Driver/Src/stm32l4xx_hal_rcc_ex.c ****     case RCC_PERIPHCLK_SWPMI1:
1956:Drivers/STM32L4xx_HAL_Driver/Src/stm32l4xx_hal_rcc_ex.c ****       {
1957:Drivers/STM32L4xx_HAL_Driver/Src/stm32l4xx_hal_rcc_ex.c ****         /* Get the current SWPMI1 source */
1958:Drivers/STM32L4xx_HAL_Driver/Src/stm32l4xx_hal_rcc_ex.c ****         srcclk = __HAL_RCC_GET_SWPMI1_SOURCE();
1959:Drivers/STM32L4xx_HAL_Driver/Src/stm32l4xx_hal_rcc_ex.c **** 
1960:Drivers/STM32L4xx_HAL_Driver/Src/stm32l4xx_hal_rcc_ex.c ****         switch(srcclk)
1961:Drivers/STM32L4xx_HAL_Driver/Src/stm32l4xx_hal_rcc_ex.c ****         {
1962:Drivers/STM32L4xx_HAL_Driver/Src/stm32l4xx_hal_rcc_ex.c ****         case RCC_SWPMI1CLKSOURCE_PCLK1:
1963:Drivers/STM32L4xx_HAL_Driver/Src/stm32l4xx_hal_rcc_ex.c ****           frequency = HAL_RCC_GetPCLK1Freq();
1964:Drivers/STM32L4xx_HAL_Driver/Src/stm32l4xx_hal_rcc_ex.c ****           break;
1965:Drivers/STM32L4xx_HAL_Driver/Src/stm32l4xx_hal_rcc_ex.c ****         case RCC_SWPMI1CLKSOURCE_HSI:
1966:Drivers/STM32L4xx_HAL_Driver/Src/stm32l4xx_hal_rcc_ex.c ****           if(HAL_IS_BIT_SET(RCC->CR, RCC_CR_HSIRDY))
1967:Drivers/STM32L4xx_HAL_Driver/Src/stm32l4xx_hal_rcc_ex.c ****           {
1968:Drivers/STM32L4xx_HAL_Driver/Src/stm32l4xx_hal_rcc_ex.c ****             frequency = HSI_VALUE;
ARM GAS  /tmp/cc4nR4Y7.s 			page 36


1969:Drivers/STM32L4xx_HAL_Driver/Src/stm32l4xx_hal_rcc_ex.c ****           }
1970:Drivers/STM32L4xx_HAL_Driver/Src/stm32l4xx_hal_rcc_ex.c ****           break;
1971:Drivers/STM32L4xx_HAL_Driver/Src/stm32l4xx_hal_rcc_ex.c ****         default:
1972:Drivers/STM32L4xx_HAL_Driver/Src/stm32l4xx_hal_rcc_ex.c ****           /* No clock source, frequency default init at 0 */
1973:Drivers/STM32L4xx_HAL_Driver/Src/stm32l4xx_hal_rcc_ex.c ****           break;
1974:Drivers/STM32L4xx_HAL_Driver/Src/stm32l4xx_hal_rcc_ex.c ****         }
1975:Drivers/STM32L4xx_HAL_Driver/Src/stm32l4xx_hal_rcc_ex.c **** 
1976:Drivers/STM32L4xx_HAL_Driver/Src/stm32l4xx_hal_rcc_ex.c ****         break;
1977:Drivers/STM32L4xx_HAL_Driver/Src/stm32l4xx_hal_rcc_ex.c ****       }
1978:Drivers/STM32L4xx_HAL_Driver/Src/stm32l4xx_hal_rcc_ex.c **** 
1979:Drivers/STM32L4xx_HAL_Driver/Src/stm32l4xx_hal_rcc_ex.c **** #endif /* SWPMI1 */
1980:Drivers/STM32L4xx_HAL_Driver/Src/stm32l4xx_hal_rcc_ex.c **** 
1981:Drivers/STM32L4xx_HAL_Driver/Src/stm32l4xx_hal_rcc_ex.c **** #if defined(OCTOSPI1) || defined(OCTOSPI2)
1982:Drivers/STM32L4xx_HAL_Driver/Src/stm32l4xx_hal_rcc_ex.c **** 
1983:Drivers/STM32L4xx_HAL_Driver/Src/stm32l4xx_hal_rcc_ex.c ****     case RCC_PERIPHCLK_OSPI:
1984:Drivers/STM32L4xx_HAL_Driver/Src/stm32l4xx_hal_rcc_ex.c ****       {
1985:Drivers/STM32L4xx_HAL_Driver/Src/stm32l4xx_hal_rcc_ex.c ****         /* Get the current OctoSPI clock source */
1986:Drivers/STM32L4xx_HAL_Driver/Src/stm32l4xx_hal_rcc_ex.c ****         srcclk = __HAL_RCC_GET_OSPI_SOURCE();
1987:Drivers/STM32L4xx_HAL_Driver/Src/stm32l4xx_hal_rcc_ex.c **** 
1988:Drivers/STM32L4xx_HAL_Driver/Src/stm32l4xx_hal_rcc_ex.c ****         switch(srcclk)
1989:Drivers/STM32L4xx_HAL_Driver/Src/stm32l4xx_hal_rcc_ex.c ****         {
1990:Drivers/STM32L4xx_HAL_Driver/Src/stm32l4xx_hal_rcc_ex.c ****         case RCC_OSPICLKSOURCE_SYSCLK:
1991:Drivers/STM32L4xx_HAL_Driver/Src/stm32l4xx_hal_rcc_ex.c ****           frequency = HAL_RCC_GetSysClockFreq();
1992:Drivers/STM32L4xx_HAL_Driver/Src/stm32l4xx_hal_rcc_ex.c ****           break;
1993:Drivers/STM32L4xx_HAL_Driver/Src/stm32l4xx_hal_rcc_ex.c ****         case RCC_OSPICLKSOURCE_MSI:
1994:Drivers/STM32L4xx_HAL_Driver/Src/stm32l4xx_hal_rcc_ex.c ****           if(HAL_IS_BIT_SET(RCC->CR, RCC_CR_MSIRDY))
1995:Drivers/STM32L4xx_HAL_Driver/Src/stm32l4xx_hal_rcc_ex.c ****           {
1996:Drivers/STM32L4xx_HAL_Driver/Src/stm32l4xx_hal_rcc_ex.c ****             /*MSI frequency range in HZ*/
1997:Drivers/STM32L4xx_HAL_Driver/Src/stm32l4xx_hal_rcc_ex.c ****             frequency = MSIRangeTable[(__HAL_RCC_GET_MSI_RANGE() >> 4U)];
1998:Drivers/STM32L4xx_HAL_Driver/Src/stm32l4xx_hal_rcc_ex.c ****           }
1999:Drivers/STM32L4xx_HAL_Driver/Src/stm32l4xx_hal_rcc_ex.c ****           break;
2000:Drivers/STM32L4xx_HAL_Driver/Src/stm32l4xx_hal_rcc_ex.c ****         case RCC_OSPICLKSOURCE_PLL:
2001:Drivers/STM32L4xx_HAL_Driver/Src/stm32l4xx_hal_rcc_ex.c ****           if(HAL_IS_BIT_SET(RCC->CR, RCC_CR_PLLRDY))
2002:Drivers/STM32L4xx_HAL_Driver/Src/stm32l4xx_hal_rcc_ex.c ****           {
2003:Drivers/STM32L4xx_HAL_Driver/Src/stm32l4xx_hal_rcc_ex.c ****             if(HAL_IS_BIT_SET(RCC->PLLCFGR, RCC_PLLCFGR_PLLQEN))
2004:Drivers/STM32L4xx_HAL_Driver/Src/stm32l4xx_hal_rcc_ex.c ****             {
2005:Drivers/STM32L4xx_HAL_Driver/Src/stm32l4xx_hal_rcc_ex.c ****               /* f(PLL Source) * PLLN / PLLM */
2006:Drivers/STM32L4xx_HAL_Driver/Src/stm32l4xx_hal_rcc_ex.c ****               plln = READ_BIT(RCC->PLLCFGR, RCC_PLLCFGR_PLLN) >> RCC_PLLCFGR_PLLN_Pos;
2007:Drivers/STM32L4xx_HAL_Driver/Src/stm32l4xx_hal_rcc_ex.c ****               pllvco = ((pllvco * plln) / ((READ_BIT(RCC->PLLCFGR, RCC_PLLCFGR_PLLM) >> RCC_PLLCFGR
2008:Drivers/STM32L4xx_HAL_Driver/Src/stm32l4xx_hal_rcc_ex.c ****               /* f(PLL48M1CLK) = f(VCO input) / PLLQ */
2009:Drivers/STM32L4xx_HAL_Driver/Src/stm32l4xx_hal_rcc_ex.c ****               frequency = (pllvco / (((READ_BIT(RCC->PLLCFGR, RCC_PLLCFGR_PLLQ) >> RCC_PLLCFGR_PLLQ
2010:Drivers/STM32L4xx_HAL_Driver/Src/stm32l4xx_hal_rcc_ex.c ****             }
2011:Drivers/STM32L4xx_HAL_Driver/Src/stm32l4xx_hal_rcc_ex.c ****           }
2012:Drivers/STM32L4xx_HAL_Driver/Src/stm32l4xx_hal_rcc_ex.c ****           break;
2013:Drivers/STM32L4xx_HAL_Driver/Src/stm32l4xx_hal_rcc_ex.c ****         default:
2014:Drivers/STM32L4xx_HAL_Driver/Src/stm32l4xx_hal_rcc_ex.c ****           /* No clock source, frequency default init at 0 */
2015:Drivers/STM32L4xx_HAL_Driver/Src/stm32l4xx_hal_rcc_ex.c ****           break;
2016:Drivers/STM32L4xx_HAL_Driver/Src/stm32l4xx_hal_rcc_ex.c ****         }
2017:Drivers/STM32L4xx_HAL_Driver/Src/stm32l4xx_hal_rcc_ex.c **** 
2018:Drivers/STM32L4xx_HAL_Driver/Src/stm32l4xx_hal_rcc_ex.c ****         break;
2019:Drivers/STM32L4xx_HAL_Driver/Src/stm32l4xx_hal_rcc_ex.c ****       }
2020:Drivers/STM32L4xx_HAL_Driver/Src/stm32l4xx_hal_rcc_ex.c **** 
2021:Drivers/STM32L4xx_HAL_Driver/Src/stm32l4xx_hal_rcc_ex.c **** #endif /* OCTOSPI1 || OCTOSPI2 */
2022:Drivers/STM32L4xx_HAL_Driver/Src/stm32l4xx_hal_rcc_ex.c **** 
2023:Drivers/STM32L4xx_HAL_Driver/Src/stm32l4xx_hal_rcc_ex.c ****     default:
2024:Drivers/STM32L4xx_HAL_Driver/Src/stm32l4xx_hal_rcc_ex.c ****       break;
2025:Drivers/STM32L4xx_HAL_Driver/Src/stm32l4xx_hal_rcc_ex.c ****     }
ARM GAS  /tmp/cc4nR4Y7.s 			page 37


2026:Drivers/STM32L4xx_HAL_Driver/Src/stm32l4xx_hal_rcc_ex.c ****   }
2027:Drivers/STM32L4xx_HAL_Driver/Src/stm32l4xx_hal_rcc_ex.c **** 
2028:Drivers/STM32L4xx_HAL_Driver/Src/stm32l4xx_hal_rcc_ex.c ****   return(frequency);
2029:Drivers/STM32L4xx_HAL_Driver/Src/stm32l4xx_hal_rcc_ex.c **** }
2030:Drivers/STM32L4xx_HAL_Driver/Src/stm32l4xx_hal_rcc_ex.c **** 
2031:Drivers/STM32L4xx_HAL_Driver/Src/stm32l4xx_hal_rcc_ex.c **** /**
2032:Drivers/STM32L4xx_HAL_Driver/Src/stm32l4xx_hal_rcc_ex.c ****   * @}
2033:Drivers/STM32L4xx_HAL_Driver/Src/stm32l4xx_hal_rcc_ex.c ****   */
2034:Drivers/STM32L4xx_HAL_Driver/Src/stm32l4xx_hal_rcc_ex.c **** 
2035:Drivers/STM32L4xx_HAL_Driver/Src/stm32l4xx_hal_rcc_ex.c **** /** @defgroup RCCEx_Exported_Functions_Group2 Extended Clock management functions
2036:Drivers/STM32L4xx_HAL_Driver/Src/stm32l4xx_hal_rcc_ex.c ****  *  @brief  Extended Clock management functions
2037:Drivers/STM32L4xx_HAL_Driver/Src/stm32l4xx_hal_rcc_ex.c ****  *
2038:Drivers/STM32L4xx_HAL_Driver/Src/stm32l4xx_hal_rcc_ex.c **** @verbatim
2039:Drivers/STM32L4xx_HAL_Driver/Src/stm32l4xx_hal_rcc_ex.c ****  ===============================================================================
2040:Drivers/STM32L4xx_HAL_Driver/Src/stm32l4xx_hal_rcc_ex.c ****                 ##### Extended clock management functions  #####
2041:Drivers/STM32L4xx_HAL_Driver/Src/stm32l4xx_hal_rcc_ex.c ****  ===============================================================================
2042:Drivers/STM32L4xx_HAL_Driver/Src/stm32l4xx_hal_rcc_ex.c ****     [..]
2043:Drivers/STM32L4xx_HAL_Driver/Src/stm32l4xx_hal_rcc_ex.c ****     This subsection provides a set of functions allowing to control the
2044:Drivers/STM32L4xx_HAL_Driver/Src/stm32l4xx_hal_rcc_ex.c ****     activation or deactivation of MSI PLL-mode, PLLSAI1, PLLSAI2, LSE CSS,
2045:Drivers/STM32L4xx_HAL_Driver/Src/stm32l4xx_hal_rcc_ex.c ****     Low speed clock output and clock after wake-up from STOP mode.
2046:Drivers/STM32L4xx_HAL_Driver/Src/stm32l4xx_hal_rcc_ex.c **** @endverbatim
2047:Drivers/STM32L4xx_HAL_Driver/Src/stm32l4xx_hal_rcc_ex.c ****   * @{
2048:Drivers/STM32L4xx_HAL_Driver/Src/stm32l4xx_hal_rcc_ex.c ****   */
2049:Drivers/STM32L4xx_HAL_Driver/Src/stm32l4xx_hal_rcc_ex.c **** 
2050:Drivers/STM32L4xx_HAL_Driver/Src/stm32l4xx_hal_rcc_ex.c **** #if defined(RCC_PLLSAI1_SUPPORT)
2051:Drivers/STM32L4xx_HAL_Driver/Src/stm32l4xx_hal_rcc_ex.c **** 
2052:Drivers/STM32L4xx_HAL_Driver/Src/stm32l4xx_hal_rcc_ex.c **** /**
2053:Drivers/STM32L4xx_HAL_Driver/Src/stm32l4xx_hal_rcc_ex.c ****   * @brief  Enable PLLSAI1.
2054:Drivers/STM32L4xx_HAL_Driver/Src/stm32l4xx_hal_rcc_ex.c ****   * @param  PLLSAI1Init  pointer to an RCC_PLLSAI1InitTypeDef structure that
2055:Drivers/STM32L4xx_HAL_Driver/Src/stm32l4xx_hal_rcc_ex.c ****   *         contains the configuration information for the PLLSAI1
2056:Drivers/STM32L4xx_HAL_Driver/Src/stm32l4xx_hal_rcc_ex.c ****   * @retval HAL status
2057:Drivers/STM32L4xx_HAL_Driver/Src/stm32l4xx_hal_rcc_ex.c ****   */
2058:Drivers/STM32L4xx_HAL_Driver/Src/stm32l4xx_hal_rcc_ex.c **** HAL_StatusTypeDef HAL_RCCEx_EnablePLLSAI1(RCC_PLLSAI1InitTypeDef  *PLLSAI1Init)
2059:Drivers/STM32L4xx_HAL_Driver/Src/stm32l4xx_hal_rcc_ex.c **** {
2060:Drivers/STM32L4xx_HAL_Driver/Src/stm32l4xx_hal_rcc_ex.c ****   uint32_t tickstart;
2061:Drivers/STM32L4xx_HAL_Driver/Src/stm32l4xx_hal_rcc_ex.c ****   HAL_StatusTypeDef status = HAL_OK;
2062:Drivers/STM32L4xx_HAL_Driver/Src/stm32l4xx_hal_rcc_ex.c **** 
2063:Drivers/STM32L4xx_HAL_Driver/Src/stm32l4xx_hal_rcc_ex.c ****   /* check for PLLSAI1 Parameters used to output PLLSAI1CLK */
2064:Drivers/STM32L4xx_HAL_Driver/Src/stm32l4xx_hal_rcc_ex.c ****   assert_param(IS_RCC_PLLSAI1SOURCE(PLLSAI1Init->PLLSAI1Source));
2065:Drivers/STM32L4xx_HAL_Driver/Src/stm32l4xx_hal_rcc_ex.c ****   assert_param(IS_RCC_PLLSAI1M_VALUE(PLLSAI1Init->PLLSAI1M));
2066:Drivers/STM32L4xx_HAL_Driver/Src/stm32l4xx_hal_rcc_ex.c ****   assert_param(IS_RCC_PLLSAI1N_VALUE(PLLSAI1Init->PLLSAI1N));
2067:Drivers/STM32L4xx_HAL_Driver/Src/stm32l4xx_hal_rcc_ex.c ****   assert_param(IS_RCC_PLLSAI1P_VALUE(PLLSAI1Init->PLLSAI1P));
2068:Drivers/STM32L4xx_HAL_Driver/Src/stm32l4xx_hal_rcc_ex.c ****   assert_param(IS_RCC_PLLSAI1Q_VALUE(PLLSAI1Init->PLLSAI1Q));
2069:Drivers/STM32L4xx_HAL_Driver/Src/stm32l4xx_hal_rcc_ex.c ****   assert_param(IS_RCC_PLLSAI1R_VALUE(PLLSAI1Init->PLLSAI1R));
2070:Drivers/STM32L4xx_HAL_Driver/Src/stm32l4xx_hal_rcc_ex.c ****   assert_param(IS_RCC_PLLSAI1CLOCKOUT_VALUE(PLLSAI1Init->PLLSAI1ClockOut));
2071:Drivers/STM32L4xx_HAL_Driver/Src/stm32l4xx_hal_rcc_ex.c **** 
2072:Drivers/STM32L4xx_HAL_Driver/Src/stm32l4xx_hal_rcc_ex.c ****   /* Disable the PLLSAI1 */
2073:Drivers/STM32L4xx_HAL_Driver/Src/stm32l4xx_hal_rcc_ex.c ****   __HAL_RCC_PLLSAI1_DISABLE();
2074:Drivers/STM32L4xx_HAL_Driver/Src/stm32l4xx_hal_rcc_ex.c **** 
2075:Drivers/STM32L4xx_HAL_Driver/Src/stm32l4xx_hal_rcc_ex.c ****   /* Get Start Tick*/
2076:Drivers/STM32L4xx_HAL_Driver/Src/stm32l4xx_hal_rcc_ex.c ****   tickstart = HAL_GetTick();
2077:Drivers/STM32L4xx_HAL_Driver/Src/stm32l4xx_hal_rcc_ex.c **** 
2078:Drivers/STM32L4xx_HAL_Driver/Src/stm32l4xx_hal_rcc_ex.c ****   /* Wait till PLLSAI1 is ready to be updated */
2079:Drivers/STM32L4xx_HAL_Driver/Src/stm32l4xx_hal_rcc_ex.c ****   while(READ_BIT(RCC->CR, RCC_CR_PLLSAI1RDY) != 0U)
2080:Drivers/STM32L4xx_HAL_Driver/Src/stm32l4xx_hal_rcc_ex.c ****   {
2081:Drivers/STM32L4xx_HAL_Driver/Src/stm32l4xx_hal_rcc_ex.c ****     if((HAL_GetTick() - tickstart) > PLLSAI1_TIMEOUT_VALUE)
2082:Drivers/STM32L4xx_HAL_Driver/Src/stm32l4xx_hal_rcc_ex.c ****     {
ARM GAS  /tmp/cc4nR4Y7.s 			page 38


2083:Drivers/STM32L4xx_HAL_Driver/Src/stm32l4xx_hal_rcc_ex.c ****       status = HAL_TIMEOUT;
2084:Drivers/STM32L4xx_HAL_Driver/Src/stm32l4xx_hal_rcc_ex.c ****       break;
2085:Drivers/STM32L4xx_HAL_Driver/Src/stm32l4xx_hal_rcc_ex.c ****     }
2086:Drivers/STM32L4xx_HAL_Driver/Src/stm32l4xx_hal_rcc_ex.c ****   }
2087:Drivers/STM32L4xx_HAL_Driver/Src/stm32l4xx_hal_rcc_ex.c **** 
2088:Drivers/STM32L4xx_HAL_Driver/Src/stm32l4xx_hal_rcc_ex.c ****   if(status == HAL_OK)
2089:Drivers/STM32L4xx_HAL_Driver/Src/stm32l4xx_hal_rcc_ex.c ****   {
2090:Drivers/STM32L4xx_HAL_Driver/Src/stm32l4xx_hal_rcc_ex.c **** #if defined(RCC_PLLSAI1M_DIV_1_16_SUPPORT)
2091:Drivers/STM32L4xx_HAL_Driver/Src/stm32l4xx_hal_rcc_ex.c ****     /* Configure the PLLSAI1 Multiplication factor N */
2092:Drivers/STM32L4xx_HAL_Driver/Src/stm32l4xx_hal_rcc_ex.c ****     /* Configure the PLLSAI1 Division factors M, P, Q and R */
2093:Drivers/STM32L4xx_HAL_Driver/Src/stm32l4xx_hal_rcc_ex.c ****     __HAL_RCC_PLLSAI1_CONFIG(PLLSAI1Init->PLLSAI1M, PLLSAI1Init->PLLSAI1N, PLLSAI1Init->PLLSAI1P, P
2094:Drivers/STM32L4xx_HAL_Driver/Src/stm32l4xx_hal_rcc_ex.c **** #else
2095:Drivers/STM32L4xx_HAL_Driver/Src/stm32l4xx_hal_rcc_ex.c ****     /* Configure the PLLSAI1 Multiplication factor N */
2096:Drivers/STM32L4xx_HAL_Driver/Src/stm32l4xx_hal_rcc_ex.c ****     /* Configure the PLLSAI1 Division factors P, Q and R */
2097:Drivers/STM32L4xx_HAL_Driver/Src/stm32l4xx_hal_rcc_ex.c ****     __HAL_RCC_PLLSAI1_CONFIG(PLLSAI1Init->PLLSAI1N, PLLSAI1Init->PLLSAI1P, PLLSAI1Init->PLLSAI1Q, P
2098:Drivers/STM32L4xx_HAL_Driver/Src/stm32l4xx_hal_rcc_ex.c **** #endif /* RCC_PLLSAI1M_DIV_1_16_SUPPORT */
2099:Drivers/STM32L4xx_HAL_Driver/Src/stm32l4xx_hal_rcc_ex.c ****     /* Configure the PLLSAI1 Clock output(s) */
2100:Drivers/STM32L4xx_HAL_Driver/Src/stm32l4xx_hal_rcc_ex.c ****     __HAL_RCC_PLLSAI1CLKOUT_ENABLE(PLLSAI1Init->PLLSAI1ClockOut);
2101:Drivers/STM32L4xx_HAL_Driver/Src/stm32l4xx_hal_rcc_ex.c **** 
2102:Drivers/STM32L4xx_HAL_Driver/Src/stm32l4xx_hal_rcc_ex.c ****     /* Enable the PLLSAI1 again by setting PLLSAI1ON to 1*/
2103:Drivers/STM32L4xx_HAL_Driver/Src/stm32l4xx_hal_rcc_ex.c ****     __HAL_RCC_PLLSAI1_ENABLE();
2104:Drivers/STM32L4xx_HAL_Driver/Src/stm32l4xx_hal_rcc_ex.c **** 
2105:Drivers/STM32L4xx_HAL_Driver/Src/stm32l4xx_hal_rcc_ex.c ****     /* Get Start Tick*/
2106:Drivers/STM32L4xx_HAL_Driver/Src/stm32l4xx_hal_rcc_ex.c ****     tickstart = HAL_GetTick();
2107:Drivers/STM32L4xx_HAL_Driver/Src/stm32l4xx_hal_rcc_ex.c **** 
2108:Drivers/STM32L4xx_HAL_Driver/Src/stm32l4xx_hal_rcc_ex.c ****     /* Wait till PLLSAI1 is ready */
2109:Drivers/STM32L4xx_HAL_Driver/Src/stm32l4xx_hal_rcc_ex.c ****     while(READ_BIT(RCC->CR, RCC_CR_PLLSAI1RDY) == 0U)
2110:Drivers/STM32L4xx_HAL_Driver/Src/stm32l4xx_hal_rcc_ex.c ****     {
2111:Drivers/STM32L4xx_HAL_Driver/Src/stm32l4xx_hal_rcc_ex.c ****       if((HAL_GetTick() - tickstart) > PLLSAI1_TIMEOUT_VALUE)
2112:Drivers/STM32L4xx_HAL_Driver/Src/stm32l4xx_hal_rcc_ex.c ****       {
2113:Drivers/STM32L4xx_HAL_Driver/Src/stm32l4xx_hal_rcc_ex.c ****         status = HAL_TIMEOUT;
2114:Drivers/STM32L4xx_HAL_Driver/Src/stm32l4xx_hal_rcc_ex.c ****         break;
2115:Drivers/STM32L4xx_HAL_Driver/Src/stm32l4xx_hal_rcc_ex.c ****       }
2116:Drivers/STM32L4xx_HAL_Driver/Src/stm32l4xx_hal_rcc_ex.c ****     }
2117:Drivers/STM32L4xx_HAL_Driver/Src/stm32l4xx_hal_rcc_ex.c ****   }
2118:Drivers/STM32L4xx_HAL_Driver/Src/stm32l4xx_hal_rcc_ex.c **** 
2119:Drivers/STM32L4xx_HAL_Driver/Src/stm32l4xx_hal_rcc_ex.c ****   return status;
2120:Drivers/STM32L4xx_HAL_Driver/Src/stm32l4xx_hal_rcc_ex.c **** }
2121:Drivers/STM32L4xx_HAL_Driver/Src/stm32l4xx_hal_rcc_ex.c **** 
2122:Drivers/STM32L4xx_HAL_Driver/Src/stm32l4xx_hal_rcc_ex.c **** /**
2123:Drivers/STM32L4xx_HAL_Driver/Src/stm32l4xx_hal_rcc_ex.c ****   * @brief  Disable PLLSAI1.
2124:Drivers/STM32L4xx_HAL_Driver/Src/stm32l4xx_hal_rcc_ex.c ****   * @retval HAL status
2125:Drivers/STM32L4xx_HAL_Driver/Src/stm32l4xx_hal_rcc_ex.c ****   */
2126:Drivers/STM32L4xx_HAL_Driver/Src/stm32l4xx_hal_rcc_ex.c **** HAL_StatusTypeDef HAL_RCCEx_DisablePLLSAI1(void)
2127:Drivers/STM32L4xx_HAL_Driver/Src/stm32l4xx_hal_rcc_ex.c **** {
2128:Drivers/STM32L4xx_HAL_Driver/Src/stm32l4xx_hal_rcc_ex.c ****   uint32_t tickstart;
2129:Drivers/STM32L4xx_HAL_Driver/Src/stm32l4xx_hal_rcc_ex.c ****   HAL_StatusTypeDef status = HAL_OK;
2130:Drivers/STM32L4xx_HAL_Driver/Src/stm32l4xx_hal_rcc_ex.c **** 
2131:Drivers/STM32L4xx_HAL_Driver/Src/stm32l4xx_hal_rcc_ex.c ****   /* Disable the PLLSAI1 */
2132:Drivers/STM32L4xx_HAL_Driver/Src/stm32l4xx_hal_rcc_ex.c ****   __HAL_RCC_PLLSAI1_DISABLE();
2133:Drivers/STM32L4xx_HAL_Driver/Src/stm32l4xx_hal_rcc_ex.c **** 
2134:Drivers/STM32L4xx_HAL_Driver/Src/stm32l4xx_hal_rcc_ex.c ****   /* Get Start Tick*/
2135:Drivers/STM32L4xx_HAL_Driver/Src/stm32l4xx_hal_rcc_ex.c ****   tickstart = HAL_GetTick();
2136:Drivers/STM32L4xx_HAL_Driver/Src/stm32l4xx_hal_rcc_ex.c **** 
2137:Drivers/STM32L4xx_HAL_Driver/Src/stm32l4xx_hal_rcc_ex.c ****   /* Wait till PLLSAI1 is ready */
2138:Drivers/STM32L4xx_HAL_Driver/Src/stm32l4xx_hal_rcc_ex.c ****   while(READ_BIT(RCC->CR, RCC_CR_PLLSAI1RDY) != 0U)
2139:Drivers/STM32L4xx_HAL_Driver/Src/stm32l4xx_hal_rcc_ex.c ****   {
ARM GAS  /tmp/cc4nR4Y7.s 			page 39


2140:Drivers/STM32L4xx_HAL_Driver/Src/stm32l4xx_hal_rcc_ex.c ****     if((HAL_GetTick() - tickstart) > PLLSAI1_TIMEOUT_VALUE)
2141:Drivers/STM32L4xx_HAL_Driver/Src/stm32l4xx_hal_rcc_ex.c ****     {
2142:Drivers/STM32L4xx_HAL_Driver/Src/stm32l4xx_hal_rcc_ex.c ****       status = HAL_TIMEOUT;
2143:Drivers/STM32L4xx_HAL_Driver/Src/stm32l4xx_hal_rcc_ex.c ****       break;
2144:Drivers/STM32L4xx_HAL_Driver/Src/stm32l4xx_hal_rcc_ex.c ****     }
2145:Drivers/STM32L4xx_HAL_Driver/Src/stm32l4xx_hal_rcc_ex.c ****   }
2146:Drivers/STM32L4xx_HAL_Driver/Src/stm32l4xx_hal_rcc_ex.c **** 
2147:Drivers/STM32L4xx_HAL_Driver/Src/stm32l4xx_hal_rcc_ex.c ****   /* Disable the PLLSAI1 Clock outputs */
2148:Drivers/STM32L4xx_HAL_Driver/Src/stm32l4xx_hal_rcc_ex.c ****   __HAL_RCC_PLLSAI1CLKOUT_DISABLE(RCC_PLLSAI1CFGR_PLLSAI1PEN|RCC_PLLSAI1CFGR_PLLSAI1QEN|RCC_PLLSAI1
2149:Drivers/STM32L4xx_HAL_Driver/Src/stm32l4xx_hal_rcc_ex.c **** 
2150:Drivers/STM32L4xx_HAL_Driver/Src/stm32l4xx_hal_rcc_ex.c ****   /* Reset PLL source to save power if no PLLs on */
2151:Drivers/STM32L4xx_HAL_Driver/Src/stm32l4xx_hal_rcc_ex.c **** #if defined(RCC_PLLSAI2_SUPPORT)
2152:Drivers/STM32L4xx_HAL_Driver/Src/stm32l4xx_hal_rcc_ex.c ****   if(READ_BIT(RCC->CR, (RCC_CR_PLLRDY | RCC_CR_PLLSAI2RDY)) == 0U)
2153:Drivers/STM32L4xx_HAL_Driver/Src/stm32l4xx_hal_rcc_ex.c ****   {
2154:Drivers/STM32L4xx_HAL_Driver/Src/stm32l4xx_hal_rcc_ex.c ****     MODIFY_REG(RCC->PLLCFGR, RCC_PLLCFGR_PLLSRC, RCC_PLLSOURCE_NONE);
2155:Drivers/STM32L4xx_HAL_Driver/Src/stm32l4xx_hal_rcc_ex.c ****   }
2156:Drivers/STM32L4xx_HAL_Driver/Src/stm32l4xx_hal_rcc_ex.c **** #else
2157:Drivers/STM32L4xx_HAL_Driver/Src/stm32l4xx_hal_rcc_ex.c ****   if(READ_BIT(RCC->CR, RCC_CR_PLLRDY) == 0U)
2158:Drivers/STM32L4xx_HAL_Driver/Src/stm32l4xx_hal_rcc_ex.c ****   {
2159:Drivers/STM32L4xx_HAL_Driver/Src/stm32l4xx_hal_rcc_ex.c ****     MODIFY_REG(RCC->PLLCFGR, RCC_PLLCFGR_PLLSRC, RCC_PLLSOURCE_NONE);
2160:Drivers/STM32L4xx_HAL_Driver/Src/stm32l4xx_hal_rcc_ex.c ****   }
2161:Drivers/STM32L4xx_HAL_Driver/Src/stm32l4xx_hal_rcc_ex.c **** #endif /* RCC_PLLSAI2_SUPPORT */
2162:Drivers/STM32L4xx_HAL_Driver/Src/stm32l4xx_hal_rcc_ex.c **** 
2163:Drivers/STM32L4xx_HAL_Driver/Src/stm32l4xx_hal_rcc_ex.c ****   return status;
2164:Drivers/STM32L4xx_HAL_Driver/Src/stm32l4xx_hal_rcc_ex.c **** }
2165:Drivers/STM32L4xx_HAL_Driver/Src/stm32l4xx_hal_rcc_ex.c **** 
2166:Drivers/STM32L4xx_HAL_Driver/Src/stm32l4xx_hal_rcc_ex.c **** #endif /* RCC_PLLSAI1_SUPPORT */
2167:Drivers/STM32L4xx_HAL_Driver/Src/stm32l4xx_hal_rcc_ex.c **** 
2168:Drivers/STM32L4xx_HAL_Driver/Src/stm32l4xx_hal_rcc_ex.c **** #if defined(RCC_PLLSAI2_SUPPORT)
2169:Drivers/STM32L4xx_HAL_Driver/Src/stm32l4xx_hal_rcc_ex.c **** 
2170:Drivers/STM32L4xx_HAL_Driver/Src/stm32l4xx_hal_rcc_ex.c **** /**
2171:Drivers/STM32L4xx_HAL_Driver/Src/stm32l4xx_hal_rcc_ex.c ****   * @brief  Enable PLLSAI2.
2172:Drivers/STM32L4xx_HAL_Driver/Src/stm32l4xx_hal_rcc_ex.c ****   * @param  PLLSAI2Init  pointer to an RCC_PLLSAI2InitTypeDef structure that
2173:Drivers/STM32L4xx_HAL_Driver/Src/stm32l4xx_hal_rcc_ex.c ****   *         contains the configuration information for the PLLSAI2
2174:Drivers/STM32L4xx_HAL_Driver/Src/stm32l4xx_hal_rcc_ex.c ****   * @retval HAL status
2175:Drivers/STM32L4xx_HAL_Driver/Src/stm32l4xx_hal_rcc_ex.c ****   */
2176:Drivers/STM32L4xx_HAL_Driver/Src/stm32l4xx_hal_rcc_ex.c **** HAL_StatusTypeDef HAL_RCCEx_EnablePLLSAI2(RCC_PLLSAI2InitTypeDef  *PLLSAI2Init)
2177:Drivers/STM32L4xx_HAL_Driver/Src/stm32l4xx_hal_rcc_ex.c **** {
2178:Drivers/STM32L4xx_HAL_Driver/Src/stm32l4xx_hal_rcc_ex.c ****   uint32_t tickstart;
2179:Drivers/STM32L4xx_HAL_Driver/Src/stm32l4xx_hal_rcc_ex.c ****   HAL_StatusTypeDef status = HAL_OK;
2180:Drivers/STM32L4xx_HAL_Driver/Src/stm32l4xx_hal_rcc_ex.c **** 
2181:Drivers/STM32L4xx_HAL_Driver/Src/stm32l4xx_hal_rcc_ex.c ****   /* check for PLLSAI2 Parameters used to output PLLSAI2CLK */
2182:Drivers/STM32L4xx_HAL_Driver/Src/stm32l4xx_hal_rcc_ex.c ****   assert_param(IS_RCC_PLLSAI2SOURCE(PLLSAI2Init->PLLSAI2Source));
2183:Drivers/STM32L4xx_HAL_Driver/Src/stm32l4xx_hal_rcc_ex.c ****   assert_param(IS_RCC_PLLSAI2M_VALUE(PLLSAI2Init->PLLSAI2M));
2184:Drivers/STM32L4xx_HAL_Driver/Src/stm32l4xx_hal_rcc_ex.c ****   assert_param(IS_RCC_PLLSAI2N_VALUE(PLLSAI2Init->PLLSAI2N));
2185:Drivers/STM32L4xx_HAL_Driver/Src/stm32l4xx_hal_rcc_ex.c ****   assert_param(IS_RCC_PLLSAI2P_VALUE(PLLSAI2Init->PLLSAI2P));
2186:Drivers/STM32L4xx_HAL_Driver/Src/stm32l4xx_hal_rcc_ex.c **** #if defined(RCC_PLLSAI2Q_DIV_SUPPORT)
2187:Drivers/STM32L4xx_HAL_Driver/Src/stm32l4xx_hal_rcc_ex.c ****   assert_param(IS_RCC_PLLSAI2Q_VALUE(PLLSAI2Init->PLLSAI2Q));
2188:Drivers/STM32L4xx_HAL_Driver/Src/stm32l4xx_hal_rcc_ex.c **** #endif /* RCC_PLLSAI2Q_DIV_SUPPORT */
2189:Drivers/STM32L4xx_HAL_Driver/Src/stm32l4xx_hal_rcc_ex.c ****   assert_param(IS_RCC_PLLSAI2R_VALUE(PLLSAI2Init->PLLSAI2R));
2190:Drivers/STM32L4xx_HAL_Driver/Src/stm32l4xx_hal_rcc_ex.c ****   assert_param(IS_RCC_PLLSAI2CLOCKOUT_VALUE(PLLSAI2Init->PLLSAI2ClockOut));
2191:Drivers/STM32L4xx_HAL_Driver/Src/stm32l4xx_hal_rcc_ex.c **** 
2192:Drivers/STM32L4xx_HAL_Driver/Src/stm32l4xx_hal_rcc_ex.c ****   /* Disable the PLLSAI2 */
2193:Drivers/STM32L4xx_HAL_Driver/Src/stm32l4xx_hal_rcc_ex.c ****   __HAL_RCC_PLLSAI2_DISABLE();
2194:Drivers/STM32L4xx_HAL_Driver/Src/stm32l4xx_hal_rcc_ex.c **** 
2195:Drivers/STM32L4xx_HAL_Driver/Src/stm32l4xx_hal_rcc_ex.c ****   /* Get Start Tick*/
2196:Drivers/STM32L4xx_HAL_Driver/Src/stm32l4xx_hal_rcc_ex.c ****   tickstart = HAL_GetTick();
ARM GAS  /tmp/cc4nR4Y7.s 			page 40


2197:Drivers/STM32L4xx_HAL_Driver/Src/stm32l4xx_hal_rcc_ex.c **** 
2198:Drivers/STM32L4xx_HAL_Driver/Src/stm32l4xx_hal_rcc_ex.c ****   /* Wait till PLLSAI2 is ready to be updated */
2199:Drivers/STM32L4xx_HAL_Driver/Src/stm32l4xx_hal_rcc_ex.c ****   while(READ_BIT(RCC->CR, RCC_CR_PLLSAI2RDY) != 0U)
2200:Drivers/STM32L4xx_HAL_Driver/Src/stm32l4xx_hal_rcc_ex.c ****   {
2201:Drivers/STM32L4xx_HAL_Driver/Src/stm32l4xx_hal_rcc_ex.c ****     if((HAL_GetTick() - tickstart) > PLLSAI2_TIMEOUT_VALUE)
2202:Drivers/STM32L4xx_HAL_Driver/Src/stm32l4xx_hal_rcc_ex.c ****     {
2203:Drivers/STM32L4xx_HAL_Driver/Src/stm32l4xx_hal_rcc_ex.c ****       status = HAL_TIMEOUT;
2204:Drivers/STM32L4xx_HAL_Driver/Src/stm32l4xx_hal_rcc_ex.c ****       break;
2205:Drivers/STM32L4xx_HAL_Driver/Src/stm32l4xx_hal_rcc_ex.c ****     }
2206:Drivers/STM32L4xx_HAL_Driver/Src/stm32l4xx_hal_rcc_ex.c ****   }
2207:Drivers/STM32L4xx_HAL_Driver/Src/stm32l4xx_hal_rcc_ex.c **** 
2208:Drivers/STM32L4xx_HAL_Driver/Src/stm32l4xx_hal_rcc_ex.c ****   if(status == HAL_OK)
2209:Drivers/STM32L4xx_HAL_Driver/Src/stm32l4xx_hal_rcc_ex.c ****   {
2210:Drivers/STM32L4xx_HAL_Driver/Src/stm32l4xx_hal_rcc_ex.c **** #if defined(RCC_PLLSAI2M_DIV_1_16_SUPPORT) && defined(RCC_PLLSAI2Q_DIV_SUPPORT)
2211:Drivers/STM32L4xx_HAL_Driver/Src/stm32l4xx_hal_rcc_ex.c ****     /* Configure the PLLSAI2 Multiplication factor N */
2212:Drivers/STM32L4xx_HAL_Driver/Src/stm32l4xx_hal_rcc_ex.c ****     /* Configure the PLLSAI2 Division factors M, P, Q and R */
2213:Drivers/STM32L4xx_HAL_Driver/Src/stm32l4xx_hal_rcc_ex.c ****     __HAL_RCC_PLLSAI2_CONFIG(PLLSAI2Init->PLLSAI2M, PLLSAI2Init->PLLSAI2N, PLLSAI2Init->PLLSAI2P, P
2214:Drivers/STM32L4xx_HAL_Driver/Src/stm32l4xx_hal_rcc_ex.c **** #elif defined(RCC_PLLSAI2M_DIV_1_16_SUPPORT)
2215:Drivers/STM32L4xx_HAL_Driver/Src/stm32l4xx_hal_rcc_ex.c ****     /* Configure the PLLSAI2 Multiplication factor N */
2216:Drivers/STM32L4xx_HAL_Driver/Src/stm32l4xx_hal_rcc_ex.c ****     /* Configure the PLLSAI2 Division factors M, P and R */
2217:Drivers/STM32L4xx_HAL_Driver/Src/stm32l4xx_hal_rcc_ex.c ****     __HAL_RCC_PLLSAI2_CONFIG(PLLSAI2Init->PLLSAI2M, PLLSAI2Init->PLLSAI2N, PLLSAI2Init->PLLSAI2P, P
2218:Drivers/STM32L4xx_HAL_Driver/Src/stm32l4xx_hal_rcc_ex.c **** #elif defined(RCC_PLLSAI2Q_DIV_SUPPORT)
2219:Drivers/STM32L4xx_HAL_Driver/Src/stm32l4xx_hal_rcc_ex.c ****     /* Configure the PLLSAI2 Multiplication factor N */
2220:Drivers/STM32L4xx_HAL_Driver/Src/stm32l4xx_hal_rcc_ex.c ****     /* Configure the PLLSAI2 Division factors P, Q and R */
2221:Drivers/STM32L4xx_HAL_Driver/Src/stm32l4xx_hal_rcc_ex.c ****     __HAL_RCC_PLLSAI2_CONFIG(PLLSAI2Init->PLLSAI2N, PLLSAI2Init->PLLSAI2P, PLLSAI2Init->PLLSAI2Q, P
2222:Drivers/STM32L4xx_HAL_Driver/Src/stm32l4xx_hal_rcc_ex.c **** #else
2223:Drivers/STM32L4xx_HAL_Driver/Src/stm32l4xx_hal_rcc_ex.c ****     /* Configure the PLLSAI2 Multiplication factor N */
2224:Drivers/STM32L4xx_HAL_Driver/Src/stm32l4xx_hal_rcc_ex.c ****     /* Configure the PLLSAI2 Division factors P and R */
2225:Drivers/STM32L4xx_HAL_Driver/Src/stm32l4xx_hal_rcc_ex.c ****     __HAL_RCC_PLLSAI2_CONFIG(PLLSAI2Init->PLLSAI2N, PLLSAI2Init->PLLSAI2P, PLLSAI2Init->PLLSAI2R);
2226:Drivers/STM32L4xx_HAL_Driver/Src/stm32l4xx_hal_rcc_ex.c **** #endif /* RCC_PLLSAI2M_DIV_1_16_SUPPORT && RCC_PLLSAI2Q_DIV_SUPPORT */
2227:Drivers/STM32L4xx_HAL_Driver/Src/stm32l4xx_hal_rcc_ex.c ****     /* Configure the PLLSAI2 Clock output(s) */
2228:Drivers/STM32L4xx_HAL_Driver/Src/stm32l4xx_hal_rcc_ex.c ****     __HAL_RCC_PLLSAI2CLKOUT_ENABLE(PLLSAI2Init->PLLSAI2ClockOut);
2229:Drivers/STM32L4xx_HAL_Driver/Src/stm32l4xx_hal_rcc_ex.c **** 
2230:Drivers/STM32L4xx_HAL_Driver/Src/stm32l4xx_hal_rcc_ex.c ****     /* Enable the PLLSAI2 again by setting PLLSAI2ON to 1*/
2231:Drivers/STM32L4xx_HAL_Driver/Src/stm32l4xx_hal_rcc_ex.c ****     __HAL_RCC_PLLSAI2_ENABLE();
2232:Drivers/STM32L4xx_HAL_Driver/Src/stm32l4xx_hal_rcc_ex.c **** 
2233:Drivers/STM32L4xx_HAL_Driver/Src/stm32l4xx_hal_rcc_ex.c ****     /* Get Start Tick*/
2234:Drivers/STM32L4xx_HAL_Driver/Src/stm32l4xx_hal_rcc_ex.c ****     tickstart = HAL_GetTick();
2235:Drivers/STM32L4xx_HAL_Driver/Src/stm32l4xx_hal_rcc_ex.c **** 
2236:Drivers/STM32L4xx_HAL_Driver/Src/stm32l4xx_hal_rcc_ex.c ****     /* Wait till PLLSAI2 is ready */
2237:Drivers/STM32L4xx_HAL_Driver/Src/stm32l4xx_hal_rcc_ex.c ****     while(READ_BIT(RCC->CR, RCC_CR_PLLSAI2RDY) == 0U)
2238:Drivers/STM32L4xx_HAL_Driver/Src/stm32l4xx_hal_rcc_ex.c ****     {
2239:Drivers/STM32L4xx_HAL_Driver/Src/stm32l4xx_hal_rcc_ex.c ****       if((HAL_GetTick() - tickstart) > PLLSAI2_TIMEOUT_VALUE)
2240:Drivers/STM32L4xx_HAL_Driver/Src/stm32l4xx_hal_rcc_ex.c ****       {
2241:Drivers/STM32L4xx_HAL_Driver/Src/stm32l4xx_hal_rcc_ex.c ****         status = HAL_TIMEOUT;
2242:Drivers/STM32L4xx_HAL_Driver/Src/stm32l4xx_hal_rcc_ex.c ****         break;
2243:Drivers/STM32L4xx_HAL_Driver/Src/stm32l4xx_hal_rcc_ex.c ****       }
2244:Drivers/STM32L4xx_HAL_Driver/Src/stm32l4xx_hal_rcc_ex.c ****     }
2245:Drivers/STM32L4xx_HAL_Driver/Src/stm32l4xx_hal_rcc_ex.c ****   }
2246:Drivers/STM32L4xx_HAL_Driver/Src/stm32l4xx_hal_rcc_ex.c **** 
2247:Drivers/STM32L4xx_HAL_Driver/Src/stm32l4xx_hal_rcc_ex.c ****   return status;
2248:Drivers/STM32L4xx_HAL_Driver/Src/stm32l4xx_hal_rcc_ex.c **** }
2249:Drivers/STM32L4xx_HAL_Driver/Src/stm32l4xx_hal_rcc_ex.c **** 
2250:Drivers/STM32L4xx_HAL_Driver/Src/stm32l4xx_hal_rcc_ex.c **** /**
2251:Drivers/STM32L4xx_HAL_Driver/Src/stm32l4xx_hal_rcc_ex.c ****   * @brief  Disable PLLISAI2.
2252:Drivers/STM32L4xx_HAL_Driver/Src/stm32l4xx_hal_rcc_ex.c ****   * @retval HAL status
2253:Drivers/STM32L4xx_HAL_Driver/Src/stm32l4xx_hal_rcc_ex.c ****   */
ARM GAS  /tmp/cc4nR4Y7.s 			page 41


2254:Drivers/STM32L4xx_HAL_Driver/Src/stm32l4xx_hal_rcc_ex.c **** HAL_StatusTypeDef HAL_RCCEx_DisablePLLSAI2(void)
2255:Drivers/STM32L4xx_HAL_Driver/Src/stm32l4xx_hal_rcc_ex.c **** {
2256:Drivers/STM32L4xx_HAL_Driver/Src/stm32l4xx_hal_rcc_ex.c ****   uint32_t tickstart;
2257:Drivers/STM32L4xx_HAL_Driver/Src/stm32l4xx_hal_rcc_ex.c ****   HAL_StatusTypeDef status = HAL_OK;
2258:Drivers/STM32L4xx_HAL_Driver/Src/stm32l4xx_hal_rcc_ex.c **** 
2259:Drivers/STM32L4xx_HAL_Driver/Src/stm32l4xx_hal_rcc_ex.c ****   /* Disable the PLLSAI2 */
2260:Drivers/STM32L4xx_HAL_Driver/Src/stm32l4xx_hal_rcc_ex.c ****   __HAL_RCC_PLLSAI2_DISABLE();
2261:Drivers/STM32L4xx_HAL_Driver/Src/stm32l4xx_hal_rcc_ex.c **** 
2262:Drivers/STM32L4xx_HAL_Driver/Src/stm32l4xx_hal_rcc_ex.c ****   /* Get Start Tick*/
2263:Drivers/STM32L4xx_HAL_Driver/Src/stm32l4xx_hal_rcc_ex.c ****   tickstart = HAL_GetTick();
2264:Drivers/STM32L4xx_HAL_Driver/Src/stm32l4xx_hal_rcc_ex.c **** 
2265:Drivers/STM32L4xx_HAL_Driver/Src/stm32l4xx_hal_rcc_ex.c ****   /* Wait till PLLSAI2 is ready */
2266:Drivers/STM32L4xx_HAL_Driver/Src/stm32l4xx_hal_rcc_ex.c ****   while(READ_BIT(RCC->CR, RCC_CR_PLLSAI2RDY) != 0U)
2267:Drivers/STM32L4xx_HAL_Driver/Src/stm32l4xx_hal_rcc_ex.c ****   {
2268:Drivers/STM32L4xx_HAL_Driver/Src/stm32l4xx_hal_rcc_ex.c ****     if((HAL_GetTick() - tickstart) > PLLSAI2_TIMEOUT_VALUE)
2269:Drivers/STM32L4xx_HAL_Driver/Src/stm32l4xx_hal_rcc_ex.c ****     {
2270:Drivers/STM32L4xx_HAL_Driver/Src/stm32l4xx_hal_rcc_ex.c ****       status = HAL_TIMEOUT;
2271:Drivers/STM32L4xx_HAL_Driver/Src/stm32l4xx_hal_rcc_ex.c ****       break;
2272:Drivers/STM32L4xx_HAL_Driver/Src/stm32l4xx_hal_rcc_ex.c ****     }
2273:Drivers/STM32L4xx_HAL_Driver/Src/stm32l4xx_hal_rcc_ex.c ****   }
2274:Drivers/STM32L4xx_HAL_Driver/Src/stm32l4xx_hal_rcc_ex.c **** 
2275:Drivers/STM32L4xx_HAL_Driver/Src/stm32l4xx_hal_rcc_ex.c ****   /* Disable the PLLSAI2 Clock outputs */
2276:Drivers/STM32L4xx_HAL_Driver/Src/stm32l4xx_hal_rcc_ex.c **** #if defined(RCC_PLLSAI2Q_DIV_SUPPORT)
2277:Drivers/STM32L4xx_HAL_Driver/Src/stm32l4xx_hal_rcc_ex.c ****   __HAL_RCC_PLLSAI2CLKOUT_DISABLE(RCC_PLLSAI2CFGR_PLLSAI2PEN|RCC_PLLSAI2CFGR_PLLSAI2QEN|RCC_PLLSAI2
2278:Drivers/STM32L4xx_HAL_Driver/Src/stm32l4xx_hal_rcc_ex.c **** #else
2279:Drivers/STM32L4xx_HAL_Driver/Src/stm32l4xx_hal_rcc_ex.c ****   __HAL_RCC_PLLSAI2CLKOUT_DISABLE(RCC_PLLSAI2CFGR_PLLSAI2PEN|RCC_PLLSAI2CFGR_PLLSAI2REN);
2280:Drivers/STM32L4xx_HAL_Driver/Src/stm32l4xx_hal_rcc_ex.c **** #endif /* RCC_PLLSAI2M_DIV_1_16_SUPPORT && RCC_PLLSAI2Q_DIV_SUPPORT */
2281:Drivers/STM32L4xx_HAL_Driver/Src/stm32l4xx_hal_rcc_ex.c **** 
2282:Drivers/STM32L4xx_HAL_Driver/Src/stm32l4xx_hal_rcc_ex.c ****   /* Reset PLL source to save power if no PLLs on */
2283:Drivers/STM32L4xx_HAL_Driver/Src/stm32l4xx_hal_rcc_ex.c ****   if(READ_BIT(RCC->CR, (RCC_CR_PLLRDY | RCC_CR_PLLSAI1RDY)) == 0U)
2284:Drivers/STM32L4xx_HAL_Driver/Src/stm32l4xx_hal_rcc_ex.c ****   {
2285:Drivers/STM32L4xx_HAL_Driver/Src/stm32l4xx_hal_rcc_ex.c ****     MODIFY_REG(RCC->PLLCFGR, RCC_PLLCFGR_PLLSRC, RCC_PLLSOURCE_NONE);
2286:Drivers/STM32L4xx_HAL_Driver/Src/stm32l4xx_hal_rcc_ex.c ****   }
2287:Drivers/STM32L4xx_HAL_Driver/Src/stm32l4xx_hal_rcc_ex.c **** 
2288:Drivers/STM32L4xx_HAL_Driver/Src/stm32l4xx_hal_rcc_ex.c ****   return status;
2289:Drivers/STM32L4xx_HAL_Driver/Src/stm32l4xx_hal_rcc_ex.c **** }
2290:Drivers/STM32L4xx_HAL_Driver/Src/stm32l4xx_hal_rcc_ex.c **** 
2291:Drivers/STM32L4xx_HAL_Driver/Src/stm32l4xx_hal_rcc_ex.c **** #endif /* RCC_PLLSAI2_SUPPORT */
2292:Drivers/STM32L4xx_HAL_Driver/Src/stm32l4xx_hal_rcc_ex.c **** 
2293:Drivers/STM32L4xx_HAL_Driver/Src/stm32l4xx_hal_rcc_ex.c **** /**
2294:Drivers/STM32L4xx_HAL_Driver/Src/stm32l4xx_hal_rcc_ex.c ****   * @brief  Configure the oscillator clock source for wakeup from Stop and CSS backup clock.
2295:Drivers/STM32L4xx_HAL_Driver/Src/stm32l4xx_hal_rcc_ex.c ****   * @param  WakeUpClk  Wakeup clock
2296:Drivers/STM32L4xx_HAL_Driver/Src/stm32l4xx_hal_rcc_ex.c ****   *         This parameter can be one of the following values:
2297:Drivers/STM32L4xx_HAL_Driver/Src/stm32l4xx_hal_rcc_ex.c ****   *            @arg @ref RCC_STOP_WAKEUPCLOCK_MSI  MSI oscillator selection
2298:Drivers/STM32L4xx_HAL_Driver/Src/stm32l4xx_hal_rcc_ex.c ****   *            @arg @ref RCC_STOP_WAKEUPCLOCK_HSI  HSI oscillator selection
2299:Drivers/STM32L4xx_HAL_Driver/Src/stm32l4xx_hal_rcc_ex.c ****   * @note   This function shall not be called after the Clock Security System on HSE has been
2300:Drivers/STM32L4xx_HAL_Driver/Src/stm32l4xx_hal_rcc_ex.c ****   *         enabled.
2301:Drivers/STM32L4xx_HAL_Driver/Src/stm32l4xx_hal_rcc_ex.c ****   * @retval None
2302:Drivers/STM32L4xx_HAL_Driver/Src/stm32l4xx_hal_rcc_ex.c ****   */
2303:Drivers/STM32L4xx_HAL_Driver/Src/stm32l4xx_hal_rcc_ex.c **** void HAL_RCCEx_WakeUpStopCLKConfig(uint32_t WakeUpClk)
2304:Drivers/STM32L4xx_HAL_Driver/Src/stm32l4xx_hal_rcc_ex.c **** {
2305:Drivers/STM32L4xx_HAL_Driver/Src/stm32l4xx_hal_rcc_ex.c ****   assert_param(IS_RCC_STOP_WAKEUPCLOCK(WakeUpClk));
2306:Drivers/STM32L4xx_HAL_Driver/Src/stm32l4xx_hal_rcc_ex.c **** 
2307:Drivers/STM32L4xx_HAL_Driver/Src/stm32l4xx_hal_rcc_ex.c ****   __HAL_RCC_WAKEUPSTOP_CLK_CONFIG(WakeUpClk);
2308:Drivers/STM32L4xx_HAL_Driver/Src/stm32l4xx_hal_rcc_ex.c **** }
2309:Drivers/STM32L4xx_HAL_Driver/Src/stm32l4xx_hal_rcc_ex.c **** 
2310:Drivers/STM32L4xx_HAL_Driver/Src/stm32l4xx_hal_rcc_ex.c **** /**
ARM GAS  /tmp/cc4nR4Y7.s 			page 42


2311:Drivers/STM32L4xx_HAL_Driver/Src/stm32l4xx_hal_rcc_ex.c ****   * @brief  Configure the MSI range after standby mode.
2312:Drivers/STM32L4xx_HAL_Driver/Src/stm32l4xx_hal_rcc_ex.c ****   * @note   After Standby its frequency can be selected between 4 possible values (1, 2, 4 or 8 MHz
2313:Drivers/STM32L4xx_HAL_Driver/Src/stm32l4xx_hal_rcc_ex.c ****   * @param  MSIRange  MSI range
2314:Drivers/STM32L4xx_HAL_Driver/Src/stm32l4xx_hal_rcc_ex.c ****   *         This parameter can be one of the following values:
2315:Drivers/STM32L4xx_HAL_Driver/Src/stm32l4xx_hal_rcc_ex.c ****   *            @arg @ref RCC_MSIRANGE_4  Range 4 around 1 MHz
2316:Drivers/STM32L4xx_HAL_Driver/Src/stm32l4xx_hal_rcc_ex.c ****   *            @arg @ref RCC_MSIRANGE_5  Range 5 around 2 MHz
2317:Drivers/STM32L4xx_HAL_Driver/Src/stm32l4xx_hal_rcc_ex.c ****   *            @arg @ref RCC_MSIRANGE_6  Range 6 around 4 MHz (reset value)
2318:Drivers/STM32L4xx_HAL_Driver/Src/stm32l4xx_hal_rcc_ex.c ****   *            @arg @ref RCC_MSIRANGE_7  Range 7 around 8 MHz
2319:Drivers/STM32L4xx_HAL_Driver/Src/stm32l4xx_hal_rcc_ex.c ****   * @retval None
2320:Drivers/STM32L4xx_HAL_Driver/Src/stm32l4xx_hal_rcc_ex.c ****   */
2321:Drivers/STM32L4xx_HAL_Driver/Src/stm32l4xx_hal_rcc_ex.c **** void HAL_RCCEx_StandbyMSIRangeConfig(uint32_t MSIRange)
2322:Drivers/STM32L4xx_HAL_Driver/Src/stm32l4xx_hal_rcc_ex.c **** {
2323:Drivers/STM32L4xx_HAL_Driver/Src/stm32l4xx_hal_rcc_ex.c ****   assert_param(IS_RCC_MSI_STANDBY_CLOCK_RANGE(MSIRange));
2324:Drivers/STM32L4xx_HAL_Driver/Src/stm32l4xx_hal_rcc_ex.c **** 
2325:Drivers/STM32L4xx_HAL_Driver/Src/stm32l4xx_hal_rcc_ex.c ****   __HAL_RCC_MSI_STANDBY_RANGE_CONFIG(MSIRange);
2326:Drivers/STM32L4xx_HAL_Driver/Src/stm32l4xx_hal_rcc_ex.c **** }
2327:Drivers/STM32L4xx_HAL_Driver/Src/stm32l4xx_hal_rcc_ex.c **** 
2328:Drivers/STM32L4xx_HAL_Driver/Src/stm32l4xx_hal_rcc_ex.c **** /**
2329:Drivers/STM32L4xx_HAL_Driver/Src/stm32l4xx_hal_rcc_ex.c ****   * @brief  Enable the LSE Clock Security System.
2330:Drivers/STM32L4xx_HAL_Driver/Src/stm32l4xx_hal_rcc_ex.c ****   * @note   Prior to enable the LSE Clock Security System, LSE oscillator is to be enabled
2331:Drivers/STM32L4xx_HAL_Driver/Src/stm32l4xx_hal_rcc_ex.c ****   *         with HAL_RCC_OscConfig() and the LSE oscillator clock is to be selected as RTC
2332:Drivers/STM32L4xx_HAL_Driver/Src/stm32l4xx_hal_rcc_ex.c ****   *         clock with HAL_RCCEx_PeriphCLKConfig().
2333:Drivers/STM32L4xx_HAL_Driver/Src/stm32l4xx_hal_rcc_ex.c ****   * @retval None
2334:Drivers/STM32L4xx_HAL_Driver/Src/stm32l4xx_hal_rcc_ex.c ****   */
2335:Drivers/STM32L4xx_HAL_Driver/Src/stm32l4xx_hal_rcc_ex.c **** void HAL_RCCEx_EnableLSECSS(void)
2336:Drivers/STM32L4xx_HAL_Driver/Src/stm32l4xx_hal_rcc_ex.c **** {
2337:Drivers/STM32L4xx_HAL_Driver/Src/stm32l4xx_hal_rcc_ex.c ****   SET_BIT(RCC->BDCR, RCC_BDCR_LSECSSON);
2338:Drivers/STM32L4xx_HAL_Driver/Src/stm32l4xx_hal_rcc_ex.c **** }
2339:Drivers/STM32L4xx_HAL_Driver/Src/stm32l4xx_hal_rcc_ex.c **** 
2340:Drivers/STM32L4xx_HAL_Driver/Src/stm32l4xx_hal_rcc_ex.c **** /**
2341:Drivers/STM32L4xx_HAL_Driver/Src/stm32l4xx_hal_rcc_ex.c ****   * @brief  Disable the LSE Clock Security System.
2342:Drivers/STM32L4xx_HAL_Driver/Src/stm32l4xx_hal_rcc_ex.c ****   * @note   LSE Clock Security System can only be disabled after a LSE failure detection.
2343:Drivers/STM32L4xx_HAL_Driver/Src/stm32l4xx_hal_rcc_ex.c ****   * @retval None
2344:Drivers/STM32L4xx_HAL_Driver/Src/stm32l4xx_hal_rcc_ex.c ****   */
2345:Drivers/STM32L4xx_HAL_Driver/Src/stm32l4xx_hal_rcc_ex.c **** void HAL_RCCEx_DisableLSECSS(void)
2346:Drivers/STM32L4xx_HAL_Driver/Src/stm32l4xx_hal_rcc_ex.c **** {
2347:Drivers/STM32L4xx_HAL_Driver/Src/stm32l4xx_hal_rcc_ex.c ****   CLEAR_BIT(RCC->BDCR, RCC_BDCR_LSECSSON) ;
2348:Drivers/STM32L4xx_HAL_Driver/Src/stm32l4xx_hal_rcc_ex.c **** 
2349:Drivers/STM32L4xx_HAL_Driver/Src/stm32l4xx_hal_rcc_ex.c ****   /* Disable LSE CSS IT if any */
2350:Drivers/STM32L4xx_HAL_Driver/Src/stm32l4xx_hal_rcc_ex.c ****   __HAL_RCC_DISABLE_IT(RCC_IT_LSECSS);
2351:Drivers/STM32L4xx_HAL_Driver/Src/stm32l4xx_hal_rcc_ex.c **** }
2352:Drivers/STM32L4xx_HAL_Driver/Src/stm32l4xx_hal_rcc_ex.c **** 
2353:Drivers/STM32L4xx_HAL_Driver/Src/stm32l4xx_hal_rcc_ex.c **** /**
2354:Drivers/STM32L4xx_HAL_Driver/Src/stm32l4xx_hal_rcc_ex.c ****   * @brief  Enable the LSE Clock Security System Interrupt & corresponding EXTI line.
2355:Drivers/STM32L4xx_HAL_Driver/Src/stm32l4xx_hal_rcc_ex.c ****   * @note   LSE Clock Security System Interrupt is mapped on RTC EXTI line 19
2356:Drivers/STM32L4xx_HAL_Driver/Src/stm32l4xx_hal_rcc_ex.c ****   * @retval None
2357:Drivers/STM32L4xx_HAL_Driver/Src/stm32l4xx_hal_rcc_ex.c ****   */
2358:Drivers/STM32L4xx_HAL_Driver/Src/stm32l4xx_hal_rcc_ex.c **** void HAL_RCCEx_EnableLSECSS_IT(void)
2359:Drivers/STM32L4xx_HAL_Driver/Src/stm32l4xx_hal_rcc_ex.c **** {
2360:Drivers/STM32L4xx_HAL_Driver/Src/stm32l4xx_hal_rcc_ex.c ****   /* Enable LSE CSS */
2361:Drivers/STM32L4xx_HAL_Driver/Src/stm32l4xx_hal_rcc_ex.c ****   SET_BIT(RCC->BDCR, RCC_BDCR_LSECSSON) ;
2362:Drivers/STM32L4xx_HAL_Driver/Src/stm32l4xx_hal_rcc_ex.c **** 
2363:Drivers/STM32L4xx_HAL_Driver/Src/stm32l4xx_hal_rcc_ex.c ****   /* Enable LSE CSS IT */
2364:Drivers/STM32L4xx_HAL_Driver/Src/stm32l4xx_hal_rcc_ex.c ****   __HAL_RCC_ENABLE_IT(RCC_IT_LSECSS);
2365:Drivers/STM32L4xx_HAL_Driver/Src/stm32l4xx_hal_rcc_ex.c **** 
2366:Drivers/STM32L4xx_HAL_Driver/Src/stm32l4xx_hal_rcc_ex.c ****   /* Enable IT on EXTI Line 19 */
2367:Drivers/STM32L4xx_HAL_Driver/Src/stm32l4xx_hal_rcc_ex.c ****   __HAL_RCC_LSECSS_EXTI_ENABLE_IT();
ARM GAS  /tmp/cc4nR4Y7.s 			page 43


2368:Drivers/STM32L4xx_HAL_Driver/Src/stm32l4xx_hal_rcc_ex.c ****   __HAL_RCC_LSECSS_EXTI_ENABLE_RISING_EDGE();
2369:Drivers/STM32L4xx_HAL_Driver/Src/stm32l4xx_hal_rcc_ex.c **** }
2370:Drivers/STM32L4xx_HAL_Driver/Src/stm32l4xx_hal_rcc_ex.c **** 
2371:Drivers/STM32L4xx_HAL_Driver/Src/stm32l4xx_hal_rcc_ex.c **** /**
2372:Drivers/STM32L4xx_HAL_Driver/Src/stm32l4xx_hal_rcc_ex.c ****   * @brief Handle the RCC LSE Clock Security System interrupt request.
2373:Drivers/STM32L4xx_HAL_Driver/Src/stm32l4xx_hal_rcc_ex.c ****   * @retval None
2374:Drivers/STM32L4xx_HAL_Driver/Src/stm32l4xx_hal_rcc_ex.c ****   */
2375:Drivers/STM32L4xx_HAL_Driver/Src/stm32l4xx_hal_rcc_ex.c **** void HAL_RCCEx_LSECSS_IRQHandler(void)
2376:Drivers/STM32L4xx_HAL_Driver/Src/stm32l4xx_hal_rcc_ex.c **** {
2377:Drivers/STM32L4xx_HAL_Driver/Src/stm32l4xx_hal_rcc_ex.c ****   /* Check RCC LSE CSSF flag  */
2378:Drivers/STM32L4xx_HAL_Driver/Src/stm32l4xx_hal_rcc_ex.c ****   if(__HAL_RCC_GET_IT(RCC_IT_LSECSS))
2379:Drivers/STM32L4xx_HAL_Driver/Src/stm32l4xx_hal_rcc_ex.c ****   {
2380:Drivers/STM32L4xx_HAL_Driver/Src/stm32l4xx_hal_rcc_ex.c ****     /* RCC LSE Clock Security System interrupt user callback */
2381:Drivers/STM32L4xx_HAL_Driver/Src/stm32l4xx_hal_rcc_ex.c ****     HAL_RCCEx_LSECSS_Callback();
2382:Drivers/STM32L4xx_HAL_Driver/Src/stm32l4xx_hal_rcc_ex.c **** 
2383:Drivers/STM32L4xx_HAL_Driver/Src/stm32l4xx_hal_rcc_ex.c ****     /* Clear RCC LSE CSS pending bit */
2384:Drivers/STM32L4xx_HAL_Driver/Src/stm32l4xx_hal_rcc_ex.c ****     __HAL_RCC_CLEAR_IT(RCC_IT_LSECSS);
2385:Drivers/STM32L4xx_HAL_Driver/Src/stm32l4xx_hal_rcc_ex.c ****   }
2386:Drivers/STM32L4xx_HAL_Driver/Src/stm32l4xx_hal_rcc_ex.c **** }
2387:Drivers/STM32L4xx_HAL_Driver/Src/stm32l4xx_hal_rcc_ex.c **** 
2388:Drivers/STM32L4xx_HAL_Driver/Src/stm32l4xx_hal_rcc_ex.c **** /**
2389:Drivers/STM32L4xx_HAL_Driver/Src/stm32l4xx_hal_rcc_ex.c ****   * @brief  RCCEx LSE Clock Security System interrupt callback.
2390:Drivers/STM32L4xx_HAL_Driver/Src/stm32l4xx_hal_rcc_ex.c ****   * @retval none
2391:Drivers/STM32L4xx_HAL_Driver/Src/stm32l4xx_hal_rcc_ex.c ****   */
2392:Drivers/STM32L4xx_HAL_Driver/Src/stm32l4xx_hal_rcc_ex.c **** __weak void HAL_RCCEx_LSECSS_Callback(void)
2393:Drivers/STM32L4xx_HAL_Driver/Src/stm32l4xx_hal_rcc_ex.c **** {
2394:Drivers/STM32L4xx_HAL_Driver/Src/stm32l4xx_hal_rcc_ex.c ****   /* NOTE : This function should not be modified, when the callback is needed,
2395:Drivers/STM32L4xx_HAL_Driver/Src/stm32l4xx_hal_rcc_ex.c ****             the @ref HAL_RCCEx_LSECSS_Callback should be implemented in the user file
2396:Drivers/STM32L4xx_HAL_Driver/Src/stm32l4xx_hal_rcc_ex.c ****    */
2397:Drivers/STM32L4xx_HAL_Driver/Src/stm32l4xx_hal_rcc_ex.c **** }
2398:Drivers/STM32L4xx_HAL_Driver/Src/stm32l4xx_hal_rcc_ex.c **** 
2399:Drivers/STM32L4xx_HAL_Driver/Src/stm32l4xx_hal_rcc_ex.c **** /**
2400:Drivers/STM32L4xx_HAL_Driver/Src/stm32l4xx_hal_rcc_ex.c ****   * @brief  Select the Low Speed clock source to output on LSCO pin (PA2).
2401:Drivers/STM32L4xx_HAL_Driver/Src/stm32l4xx_hal_rcc_ex.c ****   * @param  LSCOSource  specifies the Low Speed clock source to output.
2402:Drivers/STM32L4xx_HAL_Driver/Src/stm32l4xx_hal_rcc_ex.c ****   *          This parameter can be one of the following values:
2403:Drivers/STM32L4xx_HAL_Driver/Src/stm32l4xx_hal_rcc_ex.c ****   *            @arg @ref RCC_LSCOSOURCE_LSI  LSI clock selected as LSCO source
2404:Drivers/STM32L4xx_HAL_Driver/Src/stm32l4xx_hal_rcc_ex.c ****   *            @arg @ref RCC_LSCOSOURCE_LSE  LSE clock selected as LSCO source
2405:Drivers/STM32L4xx_HAL_Driver/Src/stm32l4xx_hal_rcc_ex.c ****   * @retval None
2406:Drivers/STM32L4xx_HAL_Driver/Src/stm32l4xx_hal_rcc_ex.c ****   */
2407:Drivers/STM32L4xx_HAL_Driver/Src/stm32l4xx_hal_rcc_ex.c **** void HAL_RCCEx_EnableLSCO(uint32_t LSCOSource)
2408:Drivers/STM32L4xx_HAL_Driver/Src/stm32l4xx_hal_rcc_ex.c **** {
2409:Drivers/STM32L4xx_HAL_Driver/Src/stm32l4xx_hal_rcc_ex.c ****   GPIO_InitTypeDef GPIO_InitStruct;
2410:Drivers/STM32L4xx_HAL_Driver/Src/stm32l4xx_hal_rcc_ex.c ****   FlagStatus       pwrclkchanged = RESET;
2411:Drivers/STM32L4xx_HAL_Driver/Src/stm32l4xx_hal_rcc_ex.c ****   FlagStatus       backupchanged = RESET;
2412:Drivers/STM32L4xx_HAL_Driver/Src/stm32l4xx_hal_rcc_ex.c **** 
2413:Drivers/STM32L4xx_HAL_Driver/Src/stm32l4xx_hal_rcc_ex.c ****   /* Check the parameters */
2414:Drivers/STM32L4xx_HAL_Driver/Src/stm32l4xx_hal_rcc_ex.c ****   assert_param(IS_RCC_LSCOSOURCE(LSCOSource));
2415:Drivers/STM32L4xx_HAL_Driver/Src/stm32l4xx_hal_rcc_ex.c **** 
2416:Drivers/STM32L4xx_HAL_Driver/Src/stm32l4xx_hal_rcc_ex.c ****   /* LSCO Pin Clock Enable */
2417:Drivers/STM32L4xx_HAL_Driver/Src/stm32l4xx_hal_rcc_ex.c ****   __LSCO_CLK_ENABLE();
2418:Drivers/STM32L4xx_HAL_Driver/Src/stm32l4xx_hal_rcc_ex.c **** 
2419:Drivers/STM32L4xx_HAL_Driver/Src/stm32l4xx_hal_rcc_ex.c ****   /* Configure the LSCO pin in analog mode */
2420:Drivers/STM32L4xx_HAL_Driver/Src/stm32l4xx_hal_rcc_ex.c ****   GPIO_InitStruct.Pin = LSCO_PIN;
2421:Drivers/STM32L4xx_HAL_Driver/Src/stm32l4xx_hal_rcc_ex.c ****   GPIO_InitStruct.Mode = GPIO_MODE_ANALOG;
2422:Drivers/STM32L4xx_HAL_Driver/Src/stm32l4xx_hal_rcc_ex.c ****   GPIO_InitStruct.Speed = GPIO_SPEED_FREQ_HIGH;
2423:Drivers/STM32L4xx_HAL_Driver/Src/stm32l4xx_hal_rcc_ex.c ****   GPIO_InitStruct.Pull = GPIO_NOPULL;
2424:Drivers/STM32L4xx_HAL_Driver/Src/stm32l4xx_hal_rcc_ex.c ****   HAL_GPIO_Init(LSCO_GPIO_PORT, &GPIO_InitStruct);
ARM GAS  /tmp/cc4nR4Y7.s 			page 44


2425:Drivers/STM32L4xx_HAL_Driver/Src/stm32l4xx_hal_rcc_ex.c **** 
2426:Drivers/STM32L4xx_HAL_Driver/Src/stm32l4xx_hal_rcc_ex.c ****   /* Update LSCOSEL clock source in Backup Domain control register */
2427:Drivers/STM32L4xx_HAL_Driver/Src/stm32l4xx_hal_rcc_ex.c ****   if(__HAL_RCC_PWR_IS_CLK_DISABLED())
2428:Drivers/STM32L4xx_HAL_Driver/Src/stm32l4xx_hal_rcc_ex.c ****   {
2429:Drivers/STM32L4xx_HAL_Driver/Src/stm32l4xx_hal_rcc_ex.c ****     __HAL_RCC_PWR_CLK_ENABLE();
2430:Drivers/STM32L4xx_HAL_Driver/Src/stm32l4xx_hal_rcc_ex.c ****     pwrclkchanged = SET;
2431:Drivers/STM32L4xx_HAL_Driver/Src/stm32l4xx_hal_rcc_ex.c ****   }
2432:Drivers/STM32L4xx_HAL_Driver/Src/stm32l4xx_hal_rcc_ex.c ****   if(HAL_IS_BIT_CLR(PWR->CR1, PWR_CR1_DBP))
2433:Drivers/STM32L4xx_HAL_Driver/Src/stm32l4xx_hal_rcc_ex.c ****   {
2434:Drivers/STM32L4xx_HAL_Driver/Src/stm32l4xx_hal_rcc_ex.c ****     HAL_PWR_EnableBkUpAccess();
2435:Drivers/STM32L4xx_HAL_Driver/Src/stm32l4xx_hal_rcc_ex.c ****     backupchanged = SET;
2436:Drivers/STM32L4xx_HAL_Driver/Src/stm32l4xx_hal_rcc_ex.c ****   }
2437:Drivers/STM32L4xx_HAL_Driver/Src/stm32l4xx_hal_rcc_ex.c **** 
2438:Drivers/STM32L4xx_HAL_Driver/Src/stm32l4xx_hal_rcc_ex.c ****   MODIFY_REG(RCC->BDCR, RCC_BDCR_LSCOSEL | RCC_BDCR_LSCOEN, LSCOSource | RCC_BDCR_LSCOEN);
2439:Drivers/STM32L4xx_HAL_Driver/Src/stm32l4xx_hal_rcc_ex.c **** 
2440:Drivers/STM32L4xx_HAL_Driver/Src/stm32l4xx_hal_rcc_ex.c ****   if(backupchanged == SET)
2441:Drivers/STM32L4xx_HAL_Driver/Src/stm32l4xx_hal_rcc_ex.c ****   {
2442:Drivers/STM32L4xx_HAL_Driver/Src/stm32l4xx_hal_rcc_ex.c ****     HAL_PWR_DisableBkUpAccess();
2443:Drivers/STM32L4xx_HAL_Driver/Src/stm32l4xx_hal_rcc_ex.c ****   }
2444:Drivers/STM32L4xx_HAL_Driver/Src/stm32l4xx_hal_rcc_ex.c ****   if(pwrclkchanged == SET)
2445:Drivers/STM32L4xx_HAL_Driver/Src/stm32l4xx_hal_rcc_ex.c ****   {
2446:Drivers/STM32L4xx_HAL_Driver/Src/stm32l4xx_hal_rcc_ex.c ****     __HAL_RCC_PWR_CLK_DISABLE();
2447:Drivers/STM32L4xx_HAL_Driver/Src/stm32l4xx_hal_rcc_ex.c ****   }
2448:Drivers/STM32L4xx_HAL_Driver/Src/stm32l4xx_hal_rcc_ex.c **** }
2449:Drivers/STM32L4xx_HAL_Driver/Src/stm32l4xx_hal_rcc_ex.c **** 
2450:Drivers/STM32L4xx_HAL_Driver/Src/stm32l4xx_hal_rcc_ex.c **** /**
2451:Drivers/STM32L4xx_HAL_Driver/Src/stm32l4xx_hal_rcc_ex.c ****   * @brief  Disable the Low Speed clock output.
2452:Drivers/STM32L4xx_HAL_Driver/Src/stm32l4xx_hal_rcc_ex.c ****   * @retval None
2453:Drivers/STM32L4xx_HAL_Driver/Src/stm32l4xx_hal_rcc_ex.c ****   */
2454:Drivers/STM32L4xx_HAL_Driver/Src/stm32l4xx_hal_rcc_ex.c **** void HAL_RCCEx_DisableLSCO(void)
2455:Drivers/STM32L4xx_HAL_Driver/Src/stm32l4xx_hal_rcc_ex.c **** {
2456:Drivers/STM32L4xx_HAL_Driver/Src/stm32l4xx_hal_rcc_ex.c ****   FlagStatus       pwrclkchanged = RESET;
2457:Drivers/STM32L4xx_HAL_Driver/Src/stm32l4xx_hal_rcc_ex.c ****   FlagStatus       backupchanged = RESET;
2458:Drivers/STM32L4xx_HAL_Driver/Src/stm32l4xx_hal_rcc_ex.c **** 
2459:Drivers/STM32L4xx_HAL_Driver/Src/stm32l4xx_hal_rcc_ex.c ****   /* Update LSCOEN bit in Backup Domain control register */
2460:Drivers/STM32L4xx_HAL_Driver/Src/stm32l4xx_hal_rcc_ex.c ****   if(__HAL_RCC_PWR_IS_CLK_DISABLED())
2461:Drivers/STM32L4xx_HAL_Driver/Src/stm32l4xx_hal_rcc_ex.c ****   {
2462:Drivers/STM32L4xx_HAL_Driver/Src/stm32l4xx_hal_rcc_ex.c ****     __HAL_RCC_PWR_CLK_ENABLE();
2463:Drivers/STM32L4xx_HAL_Driver/Src/stm32l4xx_hal_rcc_ex.c ****     pwrclkchanged = SET;
2464:Drivers/STM32L4xx_HAL_Driver/Src/stm32l4xx_hal_rcc_ex.c ****   }
2465:Drivers/STM32L4xx_HAL_Driver/Src/stm32l4xx_hal_rcc_ex.c ****   if(HAL_IS_BIT_CLR(PWR->CR1, PWR_CR1_DBP))
2466:Drivers/STM32L4xx_HAL_Driver/Src/stm32l4xx_hal_rcc_ex.c ****   {
2467:Drivers/STM32L4xx_HAL_Driver/Src/stm32l4xx_hal_rcc_ex.c ****     /* Enable access to the backup domain */
2468:Drivers/STM32L4xx_HAL_Driver/Src/stm32l4xx_hal_rcc_ex.c ****     HAL_PWR_EnableBkUpAccess();
2469:Drivers/STM32L4xx_HAL_Driver/Src/stm32l4xx_hal_rcc_ex.c ****     backupchanged = SET;
2470:Drivers/STM32L4xx_HAL_Driver/Src/stm32l4xx_hal_rcc_ex.c ****   }
2471:Drivers/STM32L4xx_HAL_Driver/Src/stm32l4xx_hal_rcc_ex.c **** 
2472:Drivers/STM32L4xx_HAL_Driver/Src/stm32l4xx_hal_rcc_ex.c ****   CLEAR_BIT(RCC->BDCR, RCC_BDCR_LSCOEN);
2473:Drivers/STM32L4xx_HAL_Driver/Src/stm32l4xx_hal_rcc_ex.c **** 
2474:Drivers/STM32L4xx_HAL_Driver/Src/stm32l4xx_hal_rcc_ex.c ****   /* Restore previous configuration */
2475:Drivers/STM32L4xx_HAL_Driver/Src/stm32l4xx_hal_rcc_ex.c ****   if(backupchanged == SET)
2476:Drivers/STM32L4xx_HAL_Driver/Src/stm32l4xx_hal_rcc_ex.c ****   {
2477:Drivers/STM32L4xx_HAL_Driver/Src/stm32l4xx_hal_rcc_ex.c ****     /* Disable access to the backup domain */
2478:Drivers/STM32L4xx_HAL_Driver/Src/stm32l4xx_hal_rcc_ex.c ****     HAL_PWR_DisableBkUpAccess();
2479:Drivers/STM32L4xx_HAL_Driver/Src/stm32l4xx_hal_rcc_ex.c ****   }
2480:Drivers/STM32L4xx_HAL_Driver/Src/stm32l4xx_hal_rcc_ex.c ****   if(pwrclkchanged == SET)
2481:Drivers/STM32L4xx_HAL_Driver/Src/stm32l4xx_hal_rcc_ex.c ****   {
ARM GAS  /tmp/cc4nR4Y7.s 			page 45


2482:Drivers/STM32L4xx_HAL_Driver/Src/stm32l4xx_hal_rcc_ex.c ****     __HAL_RCC_PWR_CLK_DISABLE();
2483:Drivers/STM32L4xx_HAL_Driver/Src/stm32l4xx_hal_rcc_ex.c ****   }
2484:Drivers/STM32L4xx_HAL_Driver/Src/stm32l4xx_hal_rcc_ex.c **** }
2485:Drivers/STM32L4xx_HAL_Driver/Src/stm32l4xx_hal_rcc_ex.c **** 
2486:Drivers/STM32L4xx_HAL_Driver/Src/stm32l4xx_hal_rcc_ex.c **** /**
2487:Drivers/STM32L4xx_HAL_Driver/Src/stm32l4xx_hal_rcc_ex.c ****   * @brief  Enable the PLL-mode of the MSI.
2488:Drivers/STM32L4xx_HAL_Driver/Src/stm32l4xx_hal_rcc_ex.c ****   * @note   Prior to enable the PLL-mode of the MSI for automatic hardware
2489:Drivers/STM32L4xx_HAL_Driver/Src/stm32l4xx_hal_rcc_ex.c ****   *         calibration LSE oscillator is to be enabled with HAL_RCC_OscConfig().
2490:Drivers/STM32L4xx_HAL_Driver/Src/stm32l4xx_hal_rcc_ex.c ****   * @retval None
2491:Drivers/STM32L4xx_HAL_Driver/Src/stm32l4xx_hal_rcc_ex.c ****   */
2492:Drivers/STM32L4xx_HAL_Driver/Src/stm32l4xx_hal_rcc_ex.c **** void HAL_RCCEx_EnableMSIPLLMode(void)
2493:Drivers/STM32L4xx_HAL_Driver/Src/stm32l4xx_hal_rcc_ex.c **** {
2494:Drivers/STM32L4xx_HAL_Driver/Src/stm32l4xx_hal_rcc_ex.c ****   SET_BIT(RCC->CR, RCC_CR_MSIPLLEN) ;
2495:Drivers/STM32L4xx_HAL_Driver/Src/stm32l4xx_hal_rcc_ex.c **** }
2496:Drivers/STM32L4xx_HAL_Driver/Src/stm32l4xx_hal_rcc_ex.c **** 
2497:Drivers/STM32L4xx_HAL_Driver/Src/stm32l4xx_hal_rcc_ex.c **** /**
2498:Drivers/STM32L4xx_HAL_Driver/Src/stm32l4xx_hal_rcc_ex.c ****   * @brief  Disable the PLL-mode of the MSI.
2499:Drivers/STM32L4xx_HAL_Driver/Src/stm32l4xx_hal_rcc_ex.c ****   * @note   PLL-mode of the MSI is automatically reset when LSE oscillator is disabled.
2500:Drivers/STM32L4xx_HAL_Driver/Src/stm32l4xx_hal_rcc_ex.c ****   * @retval None
2501:Drivers/STM32L4xx_HAL_Driver/Src/stm32l4xx_hal_rcc_ex.c ****   */
2502:Drivers/STM32L4xx_HAL_Driver/Src/stm32l4xx_hal_rcc_ex.c **** void HAL_RCCEx_DisableMSIPLLMode(void)
2503:Drivers/STM32L4xx_HAL_Driver/Src/stm32l4xx_hal_rcc_ex.c **** {
2504:Drivers/STM32L4xx_HAL_Driver/Src/stm32l4xx_hal_rcc_ex.c ****   CLEAR_BIT(RCC->CR, RCC_CR_MSIPLLEN) ;
2505:Drivers/STM32L4xx_HAL_Driver/Src/stm32l4xx_hal_rcc_ex.c **** }
2506:Drivers/STM32L4xx_HAL_Driver/Src/stm32l4xx_hal_rcc_ex.c **** 
2507:Drivers/STM32L4xx_HAL_Driver/Src/stm32l4xx_hal_rcc_ex.c **** #if defined (OCTOSPI1) && defined (OCTOSPI2)
2508:Drivers/STM32L4xx_HAL_Driver/Src/stm32l4xx_hal_rcc_ex.c **** /**
2509:Drivers/STM32L4xx_HAL_Driver/Src/stm32l4xx_hal_rcc_ex.c ****   * @brief  Configure OCTOSPI instances DQS delays.
2510:Drivers/STM32L4xx_HAL_Driver/Src/stm32l4xx_hal_rcc_ex.c ****   * @param  Delay1  OCTOSPI1 DQS delay
2511:Drivers/STM32L4xx_HAL_Driver/Src/stm32l4xx_hal_rcc_ex.c ****   * @param  Delay2  OCTOSPI2 DQS delay
2512:Drivers/STM32L4xx_HAL_Driver/Src/stm32l4xx_hal_rcc_ex.c ****   * @note   Delay parameters stand for unitary delays from 0 to 15. Actual delay is Delay1 or Delay
2513:Drivers/STM32L4xx_HAL_Driver/Src/stm32l4xx_hal_rcc_ex.c ****   * @retval None
2514:Drivers/STM32L4xx_HAL_Driver/Src/stm32l4xx_hal_rcc_ex.c ****   */
2515:Drivers/STM32L4xx_HAL_Driver/Src/stm32l4xx_hal_rcc_ex.c **** void HAL_RCCEx_OCTOSPIDelayConfig(uint32_t Delay1, uint32_t Delay2)
2516:Drivers/STM32L4xx_HAL_Driver/Src/stm32l4xx_hal_rcc_ex.c **** {
2517:Drivers/STM32L4xx_HAL_Driver/Src/stm32l4xx_hal_rcc_ex.c ****   assert_param(IS_RCC_OCTOSPIDELAY(Delay1));
2518:Drivers/STM32L4xx_HAL_Driver/Src/stm32l4xx_hal_rcc_ex.c ****   assert_param(IS_RCC_OCTOSPIDELAY(Delay2));
2519:Drivers/STM32L4xx_HAL_Driver/Src/stm32l4xx_hal_rcc_ex.c **** 
2520:Drivers/STM32L4xx_HAL_Driver/Src/stm32l4xx_hal_rcc_ex.c ****   MODIFY_REG(RCC->DLYCFGR, RCC_DLYCFGR_OCTOSPI1_DLY|RCC_DLYCFGR_OCTOSPI2_DLY, (Delay1 | (Delay2 << 
2521:Drivers/STM32L4xx_HAL_Driver/Src/stm32l4xx_hal_rcc_ex.c **** }
2522:Drivers/STM32L4xx_HAL_Driver/Src/stm32l4xx_hal_rcc_ex.c **** #endif /* OCTOSPI1 && OCTOSPI2 */
2523:Drivers/STM32L4xx_HAL_Driver/Src/stm32l4xx_hal_rcc_ex.c **** 
2524:Drivers/STM32L4xx_HAL_Driver/Src/stm32l4xx_hal_rcc_ex.c **** /**
2525:Drivers/STM32L4xx_HAL_Driver/Src/stm32l4xx_hal_rcc_ex.c ****   * @}
2526:Drivers/STM32L4xx_HAL_Driver/Src/stm32l4xx_hal_rcc_ex.c ****   */
2527:Drivers/STM32L4xx_HAL_Driver/Src/stm32l4xx_hal_rcc_ex.c **** 
2528:Drivers/STM32L4xx_HAL_Driver/Src/stm32l4xx_hal_rcc_ex.c **** #if defined(CRS)
2529:Drivers/STM32L4xx_HAL_Driver/Src/stm32l4xx_hal_rcc_ex.c **** 
2530:Drivers/STM32L4xx_HAL_Driver/Src/stm32l4xx_hal_rcc_ex.c **** /** @defgroup RCCEx_Exported_Functions_Group3 Extended Clock Recovery System Control functions
2531:Drivers/STM32L4xx_HAL_Driver/Src/stm32l4xx_hal_rcc_ex.c ****  *  @brief  Extended Clock Recovery System Control functions
2532:Drivers/STM32L4xx_HAL_Driver/Src/stm32l4xx_hal_rcc_ex.c ****  *
2533:Drivers/STM32L4xx_HAL_Driver/Src/stm32l4xx_hal_rcc_ex.c **** @verbatim
2534:Drivers/STM32L4xx_HAL_Driver/Src/stm32l4xx_hal_rcc_ex.c ****  ===============================================================================
2535:Drivers/STM32L4xx_HAL_Driver/Src/stm32l4xx_hal_rcc_ex.c ****                 ##### Extended Clock Recovery System Control functions  #####
2536:Drivers/STM32L4xx_HAL_Driver/Src/stm32l4xx_hal_rcc_ex.c ****  ===============================================================================
2537:Drivers/STM32L4xx_HAL_Driver/Src/stm32l4xx_hal_rcc_ex.c ****     [..]
2538:Drivers/STM32L4xx_HAL_Driver/Src/stm32l4xx_hal_rcc_ex.c ****       For devices with Clock Recovery System feature (CRS), RCC Extension HAL driver can be used as
ARM GAS  /tmp/cc4nR4Y7.s 			page 46


2539:Drivers/STM32L4xx_HAL_Driver/Src/stm32l4xx_hal_rcc_ex.c **** 
2540:Drivers/STM32L4xx_HAL_Driver/Src/stm32l4xx_hal_rcc_ex.c ****       (#) In System clock config, HSI48 needs to be enabled
2541:Drivers/STM32L4xx_HAL_Driver/Src/stm32l4xx_hal_rcc_ex.c **** 
2542:Drivers/STM32L4xx_HAL_Driver/Src/stm32l4xx_hal_rcc_ex.c ****       (#) Enable CRS clock in IP MSP init which will use CRS functions
2543:Drivers/STM32L4xx_HAL_Driver/Src/stm32l4xx_hal_rcc_ex.c **** 
2544:Drivers/STM32L4xx_HAL_Driver/Src/stm32l4xx_hal_rcc_ex.c ****       (#) Call CRS functions as follows:
2545:Drivers/STM32L4xx_HAL_Driver/Src/stm32l4xx_hal_rcc_ex.c ****           (##) Prepare synchronization configuration necessary for HSI48 calibration
2546:Drivers/STM32L4xx_HAL_Driver/Src/stm32l4xx_hal_rcc_ex.c ****               (+++) Default values can be set for frequency Error Measurement (reload and error lim
2547:Drivers/STM32L4xx_HAL_Driver/Src/stm32l4xx_hal_rcc_ex.c ****                         and also HSI48 oscillator smooth trimming.
2548:Drivers/STM32L4xx_HAL_Driver/Src/stm32l4xx_hal_rcc_ex.c ****               (+++) Macro __HAL_RCC_CRS_RELOADVALUE_CALCULATE can be also used to calculate
2549:Drivers/STM32L4xx_HAL_Driver/Src/stm32l4xx_hal_rcc_ex.c ****                         directly reload value with target and synchronization frequencies values
2550:Drivers/STM32L4xx_HAL_Driver/Src/stm32l4xx_hal_rcc_ex.c ****           (##) Call function HAL_RCCEx_CRSConfig which
2551:Drivers/STM32L4xx_HAL_Driver/Src/stm32l4xx_hal_rcc_ex.c ****               (+++) Resets CRS registers to their default values.
2552:Drivers/STM32L4xx_HAL_Driver/Src/stm32l4xx_hal_rcc_ex.c ****               (+++) Configures CRS registers with synchronization configuration
2553:Drivers/STM32L4xx_HAL_Driver/Src/stm32l4xx_hal_rcc_ex.c ****               (+++) Enables automatic calibration and frequency error counter feature
2554:Drivers/STM32L4xx_HAL_Driver/Src/stm32l4xx_hal_rcc_ex.c ****            Note: When using USB LPM (Link Power Management) and the device is in Sleep mode, the
2555:Drivers/STM32L4xx_HAL_Driver/Src/stm32l4xx_hal_rcc_ex.c ****            periodic USB SOF will not be generated by the host. No SYNC signal will therefore be
2556:Drivers/STM32L4xx_HAL_Driver/Src/stm32l4xx_hal_rcc_ex.c ****            provided to the CRS to calibrate the HSI48 on the run. To guarantee the required clock
2557:Drivers/STM32L4xx_HAL_Driver/Src/stm32l4xx_hal_rcc_ex.c ****            precision after waking up from Sleep mode, the LSE or reference clock on the GPIOs
2558:Drivers/STM32L4xx_HAL_Driver/Src/stm32l4xx_hal_rcc_ex.c ****            should be used as SYNC signal.
2559:Drivers/STM32L4xx_HAL_Driver/Src/stm32l4xx_hal_rcc_ex.c **** 
2560:Drivers/STM32L4xx_HAL_Driver/Src/stm32l4xx_hal_rcc_ex.c ****           (##) A polling function is provided to wait for complete synchronization
2561:Drivers/STM32L4xx_HAL_Driver/Src/stm32l4xx_hal_rcc_ex.c ****               (+++) Call function HAL_RCCEx_CRSWaitSynchronization()
2562:Drivers/STM32L4xx_HAL_Driver/Src/stm32l4xx_hal_rcc_ex.c ****               (+++) According to CRS status, user can decide to adjust again the calibration or con
2563:Drivers/STM32L4xx_HAL_Driver/Src/stm32l4xx_hal_rcc_ex.c ****                         application if synchronization is OK
2564:Drivers/STM32L4xx_HAL_Driver/Src/stm32l4xx_hal_rcc_ex.c **** 
2565:Drivers/STM32L4xx_HAL_Driver/Src/stm32l4xx_hal_rcc_ex.c ****       (#) User can retrieve information related to synchronization in calling function
2566:Drivers/STM32L4xx_HAL_Driver/Src/stm32l4xx_hal_rcc_ex.c ****             HAL_RCCEx_CRSGetSynchronizationInfo()
2567:Drivers/STM32L4xx_HAL_Driver/Src/stm32l4xx_hal_rcc_ex.c **** 
2568:Drivers/STM32L4xx_HAL_Driver/Src/stm32l4xx_hal_rcc_ex.c ****       (#) Regarding synchronization status and synchronization information, user can try a new cali
2569:Drivers/STM32L4xx_HAL_Driver/Src/stm32l4xx_hal_rcc_ex.c ****            in changing synchronization configuration and call again HAL_RCCEx_CRSConfig.
2570:Drivers/STM32L4xx_HAL_Driver/Src/stm32l4xx_hal_rcc_ex.c ****            Note: When the SYNC event is detected during the downcounting phase (before reaching the
2571:Drivers/STM32L4xx_HAL_Driver/Src/stm32l4xx_hal_rcc_ex.c ****            it means that the actual frequency is lower than the target (and so, that the TRIM value
2572:Drivers/STM32L4xx_HAL_Driver/Src/stm32l4xx_hal_rcc_ex.c ****            incremented), while when it is detected during the upcounting phase it means that the ac
2573:Drivers/STM32L4xx_HAL_Driver/Src/stm32l4xx_hal_rcc_ex.c ****            is higher (and that the TRIM value should be decremented).
2574:Drivers/STM32L4xx_HAL_Driver/Src/stm32l4xx_hal_rcc_ex.c **** 
2575:Drivers/STM32L4xx_HAL_Driver/Src/stm32l4xx_hal_rcc_ex.c ****       (#) In interrupt mode, user can resort to the available macros (__HAL_RCC_CRS_XXX_IT). Interr
2576:Drivers/STM32L4xx_HAL_Driver/Src/stm32l4xx_hal_rcc_ex.c ****           through CRS Handler (CRS_IRQn/CRS_IRQHandler)
2577:Drivers/STM32L4xx_HAL_Driver/Src/stm32l4xx_hal_rcc_ex.c ****               (++) Call function HAL_RCCEx_CRSConfig()
2578:Drivers/STM32L4xx_HAL_Driver/Src/stm32l4xx_hal_rcc_ex.c ****               (++) Enable CRS_IRQn (thanks to NVIC functions)
2579:Drivers/STM32L4xx_HAL_Driver/Src/stm32l4xx_hal_rcc_ex.c ****               (++) Enable CRS interrupt (__HAL_RCC_CRS_ENABLE_IT)
2580:Drivers/STM32L4xx_HAL_Driver/Src/stm32l4xx_hal_rcc_ex.c ****               (++) Implement CRS status management in the following user callbacks called from
2581:Drivers/STM32L4xx_HAL_Driver/Src/stm32l4xx_hal_rcc_ex.c ****                    HAL_RCCEx_CRS_IRQHandler():
2582:Drivers/STM32L4xx_HAL_Driver/Src/stm32l4xx_hal_rcc_ex.c ****                    (+++) HAL_RCCEx_CRS_SyncOkCallback()
2583:Drivers/STM32L4xx_HAL_Driver/Src/stm32l4xx_hal_rcc_ex.c ****                    (+++) HAL_RCCEx_CRS_SyncWarnCallback()
2584:Drivers/STM32L4xx_HAL_Driver/Src/stm32l4xx_hal_rcc_ex.c ****                    (+++) HAL_RCCEx_CRS_ExpectedSyncCallback()
2585:Drivers/STM32L4xx_HAL_Driver/Src/stm32l4xx_hal_rcc_ex.c ****                    (+++) HAL_RCCEx_CRS_ErrorCallback()
2586:Drivers/STM32L4xx_HAL_Driver/Src/stm32l4xx_hal_rcc_ex.c **** 
2587:Drivers/STM32L4xx_HAL_Driver/Src/stm32l4xx_hal_rcc_ex.c ****       (#) To force a SYNC EVENT, user can use the function HAL_RCCEx_CRSSoftwareSynchronizationGene
2588:Drivers/STM32L4xx_HAL_Driver/Src/stm32l4xx_hal_rcc_ex.c ****           This function can be called before calling HAL_RCCEx_CRSConfig (for instance in Systick h
2589:Drivers/STM32L4xx_HAL_Driver/Src/stm32l4xx_hal_rcc_ex.c **** 
2590:Drivers/STM32L4xx_HAL_Driver/Src/stm32l4xx_hal_rcc_ex.c **** @endverbatim
2591:Drivers/STM32L4xx_HAL_Driver/Src/stm32l4xx_hal_rcc_ex.c ****  * @{
2592:Drivers/STM32L4xx_HAL_Driver/Src/stm32l4xx_hal_rcc_ex.c ****  */
2593:Drivers/STM32L4xx_HAL_Driver/Src/stm32l4xx_hal_rcc_ex.c **** 
2594:Drivers/STM32L4xx_HAL_Driver/Src/stm32l4xx_hal_rcc_ex.c **** /**
2595:Drivers/STM32L4xx_HAL_Driver/Src/stm32l4xx_hal_rcc_ex.c ****   * @brief  Start automatic synchronization for polling mode
ARM GAS  /tmp/cc4nR4Y7.s 			page 47


2596:Drivers/STM32L4xx_HAL_Driver/Src/stm32l4xx_hal_rcc_ex.c ****   * @param  pInit Pointer on RCC_CRSInitTypeDef structure
2597:Drivers/STM32L4xx_HAL_Driver/Src/stm32l4xx_hal_rcc_ex.c ****   * @retval None
2598:Drivers/STM32L4xx_HAL_Driver/Src/stm32l4xx_hal_rcc_ex.c ****   */
2599:Drivers/STM32L4xx_HAL_Driver/Src/stm32l4xx_hal_rcc_ex.c **** void HAL_RCCEx_CRSConfig(RCC_CRSInitTypeDef *pInit)
2600:Drivers/STM32L4xx_HAL_Driver/Src/stm32l4xx_hal_rcc_ex.c **** {
2601:Drivers/STM32L4xx_HAL_Driver/Src/stm32l4xx_hal_rcc_ex.c ****   uint32_t value;  /* no init needed */
2602:Drivers/STM32L4xx_HAL_Driver/Src/stm32l4xx_hal_rcc_ex.c **** 
2603:Drivers/STM32L4xx_HAL_Driver/Src/stm32l4xx_hal_rcc_ex.c ****   /* Check the parameters */
2604:Drivers/STM32L4xx_HAL_Driver/Src/stm32l4xx_hal_rcc_ex.c ****   assert_param(IS_RCC_CRS_SYNC_DIV(pInit->Prescaler));
2605:Drivers/STM32L4xx_HAL_Driver/Src/stm32l4xx_hal_rcc_ex.c ****   assert_param(IS_RCC_CRS_SYNC_SOURCE(pInit->Source));
2606:Drivers/STM32L4xx_HAL_Driver/Src/stm32l4xx_hal_rcc_ex.c ****   assert_param(IS_RCC_CRS_SYNC_POLARITY(pInit->Polarity));
2607:Drivers/STM32L4xx_HAL_Driver/Src/stm32l4xx_hal_rcc_ex.c ****   assert_param(IS_RCC_CRS_RELOADVALUE(pInit->ReloadValue));
2608:Drivers/STM32L4xx_HAL_Driver/Src/stm32l4xx_hal_rcc_ex.c ****   assert_param(IS_RCC_CRS_ERRORLIMIT(pInit->ErrorLimitValue));
2609:Drivers/STM32L4xx_HAL_Driver/Src/stm32l4xx_hal_rcc_ex.c ****   assert_param(IS_RCC_CRS_HSI48CALIBRATION(pInit->HSI48CalibrationValue));
2610:Drivers/STM32L4xx_HAL_Driver/Src/stm32l4xx_hal_rcc_ex.c **** 
2611:Drivers/STM32L4xx_HAL_Driver/Src/stm32l4xx_hal_rcc_ex.c ****   /* CONFIGURATION */
2612:Drivers/STM32L4xx_HAL_Driver/Src/stm32l4xx_hal_rcc_ex.c **** 
2613:Drivers/STM32L4xx_HAL_Driver/Src/stm32l4xx_hal_rcc_ex.c ****   /* Before configuration, reset CRS registers to their default values*/
2614:Drivers/STM32L4xx_HAL_Driver/Src/stm32l4xx_hal_rcc_ex.c ****   __HAL_RCC_CRS_FORCE_RESET();
2615:Drivers/STM32L4xx_HAL_Driver/Src/stm32l4xx_hal_rcc_ex.c ****   __HAL_RCC_CRS_RELEASE_RESET();
2616:Drivers/STM32L4xx_HAL_Driver/Src/stm32l4xx_hal_rcc_ex.c **** 
2617:Drivers/STM32L4xx_HAL_Driver/Src/stm32l4xx_hal_rcc_ex.c ****   /* Set the SYNCDIV[2:0] bits according to Prescaler value */
2618:Drivers/STM32L4xx_HAL_Driver/Src/stm32l4xx_hal_rcc_ex.c ****   /* Set the SYNCSRC[1:0] bits according to Source value */
2619:Drivers/STM32L4xx_HAL_Driver/Src/stm32l4xx_hal_rcc_ex.c ****   /* Set the SYNCSPOL bit according to Polarity value */
2620:Drivers/STM32L4xx_HAL_Driver/Src/stm32l4xx_hal_rcc_ex.c ****   value = (pInit->Prescaler | pInit->Source | pInit->Polarity);
2621:Drivers/STM32L4xx_HAL_Driver/Src/stm32l4xx_hal_rcc_ex.c ****   /* Set the RELOAD[15:0] bits according to ReloadValue value */
2622:Drivers/STM32L4xx_HAL_Driver/Src/stm32l4xx_hal_rcc_ex.c ****   value |= pInit->ReloadValue;
2623:Drivers/STM32L4xx_HAL_Driver/Src/stm32l4xx_hal_rcc_ex.c ****   /* Set the FELIM[7:0] bits according to ErrorLimitValue value */
2624:Drivers/STM32L4xx_HAL_Driver/Src/stm32l4xx_hal_rcc_ex.c ****   value |= (pInit->ErrorLimitValue << CRS_CFGR_FELIM_Pos);
2625:Drivers/STM32L4xx_HAL_Driver/Src/stm32l4xx_hal_rcc_ex.c ****   WRITE_REG(CRS->CFGR, value);
2626:Drivers/STM32L4xx_HAL_Driver/Src/stm32l4xx_hal_rcc_ex.c **** 
2627:Drivers/STM32L4xx_HAL_Driver/Src/stm32l4xx_hal_rcc_ex.c ****   /* Adjust HSI48 oscillator smooth trimming */
2628:Drivers/STM32L4xx_HAL_Driver/Src/stm32l4xx_hal_rcc_ex.c ****   /* Set the TRIM[6:0] bits for STM32L412xx/L422xx or TRIM[5:0] bits otherwise
2629:Drivers/STM32L4xx_HAL_Driver/Src/stm32l4xx_hal_rcc_ex.c ****      according to RCC_CRS_HSI48CalibrationValue value */
2630:Drivers/STM32L4xx_HAL_Driver/Src/stm32l4xx_hal_rcc_ex.c ****   MODIFY_REG(CRS->CR, CRS_CR_TRIM, (pInit->HSI48CalibrationValue << CRS_CR_TRIM_Pos));
2631:Drivers/STM32L4xx_HAL_Driver/Src/stm32l4xx_hal_rcc_ex.c **** 
2632:Drivers/STM32L4xx_HAL_Driver/Src/stm32l4xx_hal_rcc_ex.c ****   /* START AUTOMATIC SYNCHRONIZATION*/
2633:Drivers/STM32L4xx_HAL_Driver/Src/stm32l4xx_hal_rcc_ex.c **** 
2634:Drivers/STM32L4xx_HAL_Driver/Src/stm32l4xx_hal_rcc_ex.c ****   /* Enable Automatic trimming & Frequency error counter */
2635:Drivers/STM32L4xx_HAL_Driver/Src/stm32l4xx_hal_rcc_ex.c ****   SET_BIT(CRS->CR, CRS_CR_AUTOTRIMEN | CRS_CR_CEN);
2636:Drivers/STM32L4xx_HAL_Driver/Src/stm32l4xx_hal_rcc_ex.c **** }
2637:Drivers/STM32L4xx_HAL_Driver/Src/stm32l4xx_hal_rcc_ex.c **** 
2638:Drivers/STM32L4xx_HAL_Driver/Src/stm32l4xx_hal_rcc_ex.c **** /**
2639:Drivers/STM32L4xx_HAL_Driver/Src/stm32l4xx_hal_rcc_ex.c ****   * @brief  Generate the software synchronization event
2640:Drivers/STM32L4xx_HAL_Driver/Src/stm32l4xx_hal_rcc_ex.c ****   * @retval None
2641:Drivers/STM32L4xx_HAL_Driver/Src/stm32l4xx_hal_rcc_ex.c ****   */
2642:Drivers/STM32L4xx_HAL_Driver/Src/stm32l4xx_hal_rcc_ex.c **** void HAL_RCCEx_CRSSoftwareSynchronizationGenerate(void)
2643:Drivers/STM32L4xx_HAL_Driver/Src/stm32l4xx_hal_rcc_ex.c **** {
2644:Drivers/STM32L4xx_HAL_Driver/Src/stm32l4xx_hal_rcc_ex.c ****   SET_BIT(CRS->CR, CRS_CR_SWSYNC);
2645:Drivers/STM32L4xx_HAL_Driver/Src/stm32l4xx_hal_rcc_ex.c **** }
2646:Drivers/STM32L4xx_HAL_Driver/Src/stm32l4xx_hal_rcc_ex.c **** 
2647:Drivers/STM32L4xx_HAL_Driver/Src/stm32l4xx_hal_rcc_ex.c **** /**
2648:Drivers/STM32L4xx_HAL_Driver/Src/stm32l4xx_hal_rcc_ex.c ****   * @brief  Return synchronization info
2649:Drivers/STM32L4xx_HAL_Driver/Src/stm32l4xx_hal_rcc_ex.c ****   * @param  pSynchroInfo Pointer on RCC_CRSSynchroInfoTypeDef structure
2650:Drivers/STM32L4xx_HAL_Driver/Src/stm32l4xx_hal_rcc_ex.c ****   * @retval None
2651:Drivers/STM32L4xx_HAL_Driver/Src/stm32l4xx_hal_rcc_ex.c ****   */
2652:Drivers/STM32L4xx_HAL_Driver/Src/stm32l4xx_hal_rcc_ex.c **** void HAL_RCCEx_CRSGetSynchronizationInfo(RCC_CRSSynchroInfoTypeDef *pSynchroInfo)
ARM GAS  /tmp/cc4nR4Y7.s 			page 48


2653:Drivers/STM32L4xx_HAL_Driver/Src/stm32l4xx_hal_rcc_ex.c **** {
2654:Drivers/STM32L4xx_HAL_Driver/Src/stm32l4xx_hal_rcc_ex.c ****   /* Check the parameter */
2655:Drivers/STM32L4xx_HAL_Driver/Src/stm32l4xx_hal_rcc_ex.c ****   assert_param(pSynchroInfo != (void *)NULL);
2656:Drivers/STM32L4xx_HAL_Driver/Src/stm32l4xx_hal_rcc_ex.c **** 
2657:Drivers/STM32L4xx_HAL_Driver/Src/stm32l4xx_hal_rcc_ex.c ****   /* Get the reload value */
2658:Drivers/STM32L4xx_HAL_Driver/Src/stm32l4xx_hal_rcc_ex.c ****   pSynchroInfo->ReloadValue = (READ_BIT(CRS->CFGR, CRS_CFGR_RELOAD));
2659:Drivers/STM32L4xx_HAL_Driver/Src/stm32l4xx_hal_rcc_ex.c **** 
2660:Drivers/STM32L4xx_HAL_Driver/Src/stm32l4xx_hal_rcc_ex.c ****   /* Get HSI48 oscillator smooth trimming */
2661:Drivers/STM32L4xx_HAL_Driver/Src/stm32l4xx_hal_rcc_ex.c ****   pSynchroInfo->HSI48CalibrationValue = (READ_BIT(CRS->CR, CRS_CR_TRIM) >> CRS_CR_TRIM_Pos);
2662:Drivers/STM32L4xx_HAL_Driver/Src/stm32l4xx_hal_rcc_ex.c **** 
2663:Drivers/STM32L4xx_HAL_Driver/Src/stm32l4xx_hal_rcc_ex.c ****   /* Get Frequency error capture */
2664:Drivers/STM32L4xx_HAL_Driver/Src/stm32l4xx_hal_rcc_ex.c ****   pSynchroInfo->FreqErrorCapture = (READ_BIT(CRS->ISR, CRS_ISR_FECAP) >> CRS_ISR_FECAP_Pos);
2665:Drivers/STM32L4xx_HAL_Driver/Src/stm32l4xx_hal_rcc_ex.c **** 
2666:Drivers/STM32L4xx_HAL_Driver/Src/stm32l4xx_hal_rcc_ex.c ****   /* Get Frequency error direction */
2667:Drivers/STM32L4xx_HAL_Driver/Src/stm32l4xx_hal_rcc_ex.c ****   pSynchroInfo->FreqErrorDirection = (READ_BIT(CRS->ISR, CRS_ISR_FEDIR));
2668:Drivers/STM32L4xx_HAL_Driver/Src/stm32l4xx_hal_rcc_ex.c **** }
2669:Drivers/STM32L4xx_HAL_Driver/Src/stm32l4xx_hal_rcc_ex.c **** 
2670:Drivers/STM32L4xx_HAL_Driver/Src/stm32l4xx_hal_rcc_ex.c **** /**
2671:Drivers/STM32L4xx_HAL_Driver/Src/stm32l4xx_hal_rcc_ex.c **** * @brief Wait for CRS Synchronization status.
2672:Drivers/STM32L4xx_HAL_Driver/Src/stm32l4xx_hal_rcc_ex.c **** * @param Timeout  Duration of the timeout
2673:Drivers/STM32L4xx_HAL_Driver/Src/stm32l4xx_hal_rcc_ex.c **** * @note  Timeout is based on the maximum time to receive a SYNC event based on synchronization
2674:Drivers/STM32L4xx_HAL_Driver/Src/stm32l4xx_hal_rcc_ex.c **** *        frequency.
2675:Drivers/STM32L4xx_HAL_Driver/Src/stm32l4xx_hal_rcc_ex.c **** * @note    If Timeout set to HAL_MAX_DELAY, HAL_TIMEOUT will be never returned.
2676:Drivers/STM32L4xx_HAL_Driver/Src/stm32l4xx_hal_rcc_ex.c **** * @retval Combination of Synchronization status
2677:Drivers/STM32L4xx_HAL_Driver/Src/stm32l4xx_hal_rcc_ex.c **** *          This parameter can be a combination of the following values:
2678:Drivers/STM32L4xx_HAL_Driver/Src/stm32l4xx_hal_rcc_ex.c **** *            @arg @ref RCC_CRS_TIMEOUT
2679:Drivers/STM32L4xx_HAL_Driver/Src/stm32l4xx_hal_rcc_ex.c **** *            @arg @ref RCC_CRS_SYNCOK
2680:Drivers/STM32L4xx_HAL_Driver/Src/stm32l4xx_hal_rcc_ex.c **** *            @arg @ref RCC_CRS_SYNCWARN
2681:Drivers/STM32L4xx_HAL_Driver/Src/stm32l4xx_hal_rcc_ex.c **** *            @arg @ref RCC_CRS_SYNCERR
2682:Drivers/STM32L4xx_HAL_Driver/Src/stm32l4xx_hal_rcc_ex.c **** *            @arg @ref RCC_CRS_SYNCMISS
2683:Drivers/STM32L4xx_HAL_Driver/Src/stm32l4xx_hal_rcc_ex.c **** *            @arg @ref RCC_CRS_TRIMOVF
2684:Drivers/STM32L4xx_HAL_Driver/Src/stm32l4xx_hal_rcc_ex.c **** */
2685:Drivers/STM32L4xx_HAL_Driver/Src/stm32l4xx_hal_rcc_ex.c **** uint32_t HAL_RCCEx_CRSWaitSynchronization(uint32_t Timeout)
2686:Drivers/STM32L4xx_HAL_Driver/Src/stm32l4xx_hal_rcc_ex.c **** {
2687:Drivers/STM32L4xx_HAL_Driver/Src/stm32l4xx_hal_rcc_ex.c ****   uint32_t crsstatus = RCC_CRS_NONE;
2688:Drivers/STM32L4xx_HAL_Driver/Src/stm32l4xx_hal_rcc_ex.c ****   uint32_t tickstart;
2689:Drivers/STM32L4xx_HAL_Driver/Src/stm32l4xx_hal_rcc_ex.c **** 
2690:Drivers/STM32L4xx_HAL_Driver/Src/stm32l4xx_hal_rcc_ex.c ****   /* Get timeout */
2691:Drivers/STM32L4xx_HAL_Driver/Src/stm32l4xx_hal_rcc_ex.c ****   tickstart = HAL_GetTick();
2692:Drivers/STM32L4xx_HAL_Driver/Src/stm32l4xx_hal_rcc_ex.c **** 
2693:Drivers/STM32L4xx_HAL_Driver/Src/stm32l4xx_hal_rcc_ex.c ****   /* Wait for CRS flag or timeout detection */
2694:Drivers/STM32L4xx_HAL_Driver/Src/stm32l4xx_hal_rcc_ex.c ****   do
2695:Drivers/STM32L4xx_HAL_Driver/Src/stm32l4xx_hal_rcc_ex.c ****   {
2696:Drivers/STM32L4xx_HAL_Driver/Src/stm32l4xx_hal_rcc_ex.c ****     if(Timeout != HAL_MAX_DELAY)
2697:Drivers/STM32L4xx_HAL_Driver/Src/stm32l4xx_hal_rcc_ex.c ****     {
2698:Drivers/STM32L4xx_HAL_Driver/Src/stm32l4xx_hal_rcc_ex.c ****       if(((HAL_GetTick() - tickstart) > Timeout) || (Timeout == 0U))
2699:Drivers/STM32L4xx_HAL_Driver/Src/stm32l4xx_hal_rcc_ex.c ****       {
2700:Drivers/STM32L4xx_HAL_Driver/Src/stm32l4xx_hal_rcc_ex.c ****         crsstatus = RCC_CRS_TIMEOUT;
2701:Drivers/STM32L4xx_HAL_Driver/Src/stm32l4xx_hal_rcc_ex.c ****       }
2702:Drivers/STM32L4xx_HAL_Driver/Src/stm32l4xx_hal_rcc_ex.c ****     }
2703:Drivers/STM32L4xx_HAL_Driver/Src/stm32l4xx_hal_rcc_ex.c ****     /* Check CRS SYNCOK flag  */
2704:Drivers/STM32L4xx_HAL_Driver/Src/stm32l4xx_hal_rcc_ex.c ****     if(__HAL_RCC_CRS_GET_FLAG(RCC_CRS_FLAG_SYNCOK))
2705:Drivers/STM32L4xx_HAL_Driver/Src/stm32l4xx_hal_rcc_ex.c ****     {
2706:Drivers/STM32L4xx_HAL_Driver/Src/stm32l4xx_hal_rcc_ex.c ****       /* CRS SYNC event OK */
2707:Drivers/STM32L4xx_HAL_Driver/Src/stm32l4xx_hal_rcc_ex.c ****       crsstatus |= RCC_CRS_SYNCOK;
2708:Drivers/STM32L4xx_HAL_Driver/Src/stm32l4xx_hal_rcc_ex.c **** 
2709:Drivers/STM32L4xx_HAL_Driver/Src/stm32l4xx_hal_rcc_ex.c ****       /* Clear CRS SYNC event OK bit */
ARM GAS  /tmp/cc4nR4Y7.s 			page 49


2710:Drivers/STM32L4xx_HAL_Driver/Src/stm32l4xx_hal_rcc_ex.c ****       __HAL_RCC_CRS_CLEAR_FLAG(RCC_CRS_FLAG_SYNCOK);
2711:Drivers/STM32L4xx_HAL_Driver/Src/stm32l4xx_hal_rcc_ex.c ****     }
2712:Drivers/STM32L4xx_HAL_Driver/Src/stm32l4xx_hal_rcc_ex.c **** 
2713:Drivers/STM32L4xx_HAL_Driver/Src/stm32l4xx_hal_rcc_ex.c ****     /* Check CRS SYNCWARN flag  */
2714:Drivers/STM32L4xx_HAL_Driver/Src/stm32l4xx_hal_rcc_ex.c ****     if(__HAL_RCC_CRS_GET_FLAG(RCC_CRS_FLAG_SYNCWARN))
2715:Drivers/STM32L4xx_HAL_Driver/Src/stm32l4xx_hal_rcc_ex.c ****     {
2716:Drivers/STM32L4xx_HAL_Driver/Src/stm32l4xx_hal_rcc_ex.c ****       /* CRS SYNC warning */
2717:Drivers/STM32L4xx_HAL_Driver/Src/stm32l4xx_hal_rcc_ex.c ****       crsstatus |= RCC_CRS_SYNCWARN;
2718:Drivers/STM32L4xx_HAL_Driver/Src/stm32l4xx_hal_rcc_ex.c **** 
2719:Drivers/STM32L4xx_HAL_Driver/Src/stm32l4xx_hal_rcc_ex.c ****       /* Clear CRS SYNCWARN bit */
2720:Drivers/STM32L4xx_HAL_Driver/Src/stm32l4xx_hal_rcc_ex.c ****       __HAL_RCC_CRS_CLEAR_FLAG(RCC_CRS_FLAG_SYNCWARN);
2721:Drivers/STM32L4xx_HAL_Driver/Src/stm32l4xx_hal_rcc_ex.c ****     }
2722:Drivers/STM32L4xx_HAL_Driver/Src/stm32l4xx_hal_rcc_ex.c **** 
2723:Drivers/STM32L4xx_HAL_Driver/Src/stm32l4xx_hal_rcc_ex.c ****     /* Check CRS TRIM overflow flag  */
2724:Drivers/STM32L4xx_HAL_Driver/Src/stm32l4xx_hal_rcc_ex.c ****     if(__HAL_RCC_CRS_GET_FLAG(RCC_CRS_FLAG_TRIMOVF))
2725:Drivers/STM32L4xx_HAL_Driver/Src/stm32l4xx_hal_rcc_ex.c ****     {
2726:Drivers/STM32L4xx_HAL_Driver/Src/stm32l4xx_hal_rcc_ex.c ****       /* CRS SYNC Error */
2727:Drivers/STM32L4xx_HAL_Driver/Src/stm32l4xx_hal_rcc_ex.c ****       crsstatus |= RCC_CRS_TRIMOVF;
2728:Drivers/STM32L4xx_HAL_Driver/Src/stm32l4xx_hal_rcc_ex.c **** 
2729:Drivers/STM32L4xx_HAL_Driver/Src/stm32l4xx_hal_rcc_ex.c ****       /* Clear CRS Error bit */
2730:Drivers/STM32L4xx_HAL_Driver/Src/stm32l4xx_hal_rcc_ex.c ****       __HAL_RCC_CRS_CLEAR_FLAG(RCC_CRS_FLAG_TRIMOVF);
2731:Drivers/STM32L4xx_HAL_Driver/Src/stm32l4xx_hal_rcc_ex.c ****     }
2732:Drivers/STM32L4xx_HAL_Driver/Src/stm32l4xx_hal_rcc_ex.c **** 
2733:Drivers/STM32L4xx_HAL_Driver/Src/stm32l4xx_hal_rcc_ex.c ****     /* Check CRS Error flag  */
2734:Drivers/STM32L4xx_HAL_Driver/Src/stm32l4xx_hal_rcc_ex.c ****     if(__HAL_RCC_CRS_GET_FLAG(RCC_CRS_FLAG_SYNCERR))
2735:Drivers/STM32L4xx_HAL_Driver/Src/stm32l4xx_hal_rcc_ex.c ****     {
2736:Drivers/STM32L4xx_HAL_Driver/Src/stm32l4xx_hal_rcc_ex.c ****       /* CRS SYNC Error */
2737:Drivers/STM32L4xx_HAL_Driver/Src/stm32l4xx_hal_rcc_ex.c ****       crsstatus |= RCC_CRS_SYNCERR;
2738:Drivers/STM32L4xx_HAL_Driver/Src/stm32l4xx_hal_rcc_ex.c **** 
2739:Drivers/STM32L4xx_HAL_Driver/Src/stm32l4xx_hal_rcc_ex.c ****       /* Clear CRS Error bit */
2740:Drivers/STM32L4xx_HAL_Driver/Src/stm32l4xx_hal_rcc_ex.c ****       __HAL_RCC_CRS_CLEAR_FLAG(RCC_CRS_FLAG_SYNCERR);
2741:Drivers/STM32L4xx_HAL_Driver/Src/stm32l4xx_hal_rcc_ex.c ****     }
2742:Drivers/STM32L4xx_HAL_Driver/Src/stm32l4xx_hal_rcc_ex.c **** 
2743:Drivers/STM32L4xx_HAL_Driver/Src/stm32l4xx_hal_rcc_ex.c ****     /* Check CRS SYNC Missed flag  */
2744:Drivers/STM32L4xx_HAL_Driver/Src/stm32l4xx_hal_rcc_ex.c ****     if(__HAL_RCC_CRS_GET_FLAG(RCC_CRS_FLAG_SYNCMISS))
2745:Drivers/STM32L4xx_HAL_Driver/Src/stm32l4xx_hal_rcc_ex.c ****     {
2746:Drivers/STM32L4xx_HAL_Driver/Src/stm32l4xx_hal_rcc_ex.c ****       /* CRS SYNC Missed */
2747:Drivers/STM32L4xx_HAL_Driver/Src/stm32l4xx_hal_rcc_ex.c ****       crsstatus |= RCC_CRS_SYNCMISS;
2748:Drivers/STM32L4xx_HAL_Driver/Src/stm32l4xx_hal_rcc_ex.c **** 
2749:Drivers/STM32L4xx_HAL_Driver/Src/stm32l4xx_hal_rcc_ex.c ****       /* Clear CRS SYNC Missed bit */
2750:Drivers/STM32L4xx_HAL_Driver/Src/stm32l4xx_hal_rcc_ex.c ****       __HAL_RCC_CRS_CLEAR_FLAG(RCC_CRS_FLAG_SYNCMISS);
2751:Drivers/STM32L4xx_HAL_Driver/Src/stm32l4xx_hal_rcc_ex.c ****     }
2752:Drivers/STM32L4xx_HAL_Driver/Src/stm32l4xx_hal_rcc_ex.c **** 
2753:Drivers/STM32L4xx_HAL_Driver/Src/stm32l4xx_hal_rcc_ex.c ****     /* Check CRS Expected SYNC flag  */
2754:Drivers/STM32L4xx_HAL_Driver/Src/stm32l4xx_hal_rcc_ex.c ****     if(__HAL_RCC_CRS_GET_FLAG(RCC_CRS_FLAG_ESYNC))
2755:Drivers/STM32L4xx_HAL_Driver/Src/stm32l4xx_hal_rcc_ex.c ****     {
2756:Drivers/STM32L4xx_HAL_Driver/Src/stm32l4xx_hal_rcc_ex.c ****       /* frequency error counter reached a zero value */
2757:Drivers/STM32L4xx_HAL_Driver/Src/stm32l4xx_hal_rcc_ex.c ****       __HAL_RCC_CRS_CLEAR_FLAG(RCC_CRS_FLAG_ESYNC);
2758:Drivers/STM32L4xx_HAL_Driver/Src/stm32l4xx_hal_rcc_ex.c ****     }
2759:Drivers/STM32L4xx_HAL_Driver/Src/stm32l4xx_hal_rcc_ex.c ****   } while(RCC_CRS_NONE == crsstatus);
2760:Drivers/STM32L4xx_HAL_Driver/Src/stm32l4xx_hal_rcc_ex.c **** 
2761:Drivers/STM32L4xx_HAL_Driver/Src/stm32l4xx_hal_rcc_ex.c ****   return crsstatus;
2762:Drivers/STM32L4xx_HAL_Driver/Src/stm32l4xx_hal_rcc_ex.c **** }
2763:Drivers/STM32L4xx_HAL_Driver/Src/stm32l4xx_hal_rcc_ex.c **** 
2764:Drivers/STM32L4xx_HAL_Driver/Src/stm32l4xx_hal_rcc_ex.c **** /**
2765:Drivers/STM32L4xx_HAL_Driver/Src/stm32l4xx_hal_rcc_ex.c ****   * @brief Handle the Clock Recovery System interrupt request.
2766:Drivers/STM32L4xx_HAL_Driver/Src/stm32l4xx_hal_rcc_ex.c ****   * @retval None
ARM GAS  /tmp/cc4nR4Y7.s 			page 50


2767:Drivers/STM32L4xx_HAL_Driver/Src/stm32l4xx_hal_rcc_ex.c ****   */
2768:Drivers/STM32L4xx_HAL_Driver/Src/stm32l4xx_hal_rcc_ex.c **** void HAL_RCCEx_CRS_IRQHandler(void)
2769:Drivers/STM32L4xx_HAL_Driver/Src/stm32l4xx_hal_rcc_ex.c **** {
2770:Drivers/STM32L4xx_HAL_Driver/Src/stm32l4xx_hal_rcc_ex.c ****   uint32_t crserror = RCC_CRS_NONE;
2771:Drivers/STM32L4xx_HAL_Driver/Src/stm32l4xx_hal_rcc_ex.c ****   /* Get current IT flags and IT sources values */
2772:Drivers/STM32L4xx_HAL_Driver/Src/stm32l4xx_hal_rcc_ex.c ****   uint32_t itflags = READ_REG(CRS->ISR);
2773:Drivers/STM32L4xx_HAL_Driver/Src/stm32l4xx_hal_rcc_ex.c ****   uint32_t itsources = READ_REG(CRS->CR);
2774:Drivers/STM32L4xx_HAL_Driver/Src/stm32l4xx_hal_rcc_ex.c **** 
2775:Drivers/STM32L4xx_HAL_Driver/Src/stm32l4xx_hal_rcc_ex.c ****   /* Check CRS SYNCOK flag  */
2776:Drivers/STM32L4xx_HAL_Driver/Src/stm32l4xx_hal_rcc_ex.c ****   if(((itflags & RCC_CRS_FLAG_SYNCOK) != 0U) && ((itsources & RCC_CRS_IT_SYNCOK) != 0U))
2777:Drivers/STM32L4xx_HAL_Driver/Src/stm32l4xx_hal_rcc_ex.c ****   {
2778:Drivers/STM32L4xx_HAL_Driver/Src/stm32l4xx_hal_rcc_ex.c ****     /* Clear CRS SYNC event OK flag */
2779:Drivers/STM32L4xx_HAL_Driver/Src/stm32l4xx_hal_rcc_ex.c ****     WRITE_REG(CRS->ICR, CRS_ICR_SYNCOKC);
2780:Drivers/STM32L4xx_HAL_Driver/Src/stm32l4xx_hal_rcc_ex.c **** 
2781:Drivers/STM32L4xx_HAL_Driver/Src/stm32l4xx_hal_rcc_ex.c ****     /* user callback */
2782:Drivers/STM32L4xx_HAL_Driver/Src/stm32l4xx_hal_rcc_ex.c ****     HAL_RCCEx_CRS_SyncOkCallback();
2783:Drivers/STM32L4xx_HAL_Driver/Src/stm32l4xx_hal_rcc_ex.c ****   }
2784:Drivers/STM32L4xx_HAL_Driver/Src/stm32l4xx_hal_rcc_ex.c ****   /* Check CRS SYNCWARN flag  */
2785:Drivers/STM32L4xx_HAL_Driver/Src/stm32l4xx_hal_rcc_ex.c ****   else if(((itflags & RCC_CRS_FLAG_SYNCWARN) != 0U) && ((itsources & RCC_CRS_IT_SYNCWARN) != 0U))
2786:Drivers/STM32L4xx_HAL_Driver/Src/stm32l4xx_hal_rcc_ex.c ****   {
2787:Drivers/STM32L4xx_HAL_Driver/Src/stm32l4xx_hal_rcc_ex.c ****     /* Clear CRS SYNCWARN flag */
2788:Drivers/STM32L4xx_HAL_Driver/Src/stm32l4xx_hal_rcc_ex.c ****     WRITE_REG(CRS->ICR, CRS_ICR_SYNCWARNC);
2789:Drivers/STM32L4xx_HAL_Driver/Src/stm32l4xx_hal_rcc_ex.c **** 
2790:Drivers/STM32L4xx_HAL_Driver/Src/stm32l4xx_hal_rcc_ex.c ****     /* user callback */
2791:Drivers/STM32L4xx_HAL_Driver/Src/stm32l4xx_hal_rcc_ex.c ****     HAL_RCCEx_CRS_SyncWarnCallback();
2792:Drivers/STM32L4xx_HAL_Driver/Src/stm32l4xx_hal_rcc_ex.c ****   }
2793:Drivers/STM32L4xx_HAL_Driver/Src/stm32l4xx_hal_rcc_ex.c ****   /* Check CRS Expected SYNC flag  */
2794:Drivers/STM32L4xx_HAL_Driver/Src/stm32l4xx_hal_rcc_ex.c ****   else if(((itflags & RCC_CRS_FLAG_ESYNC) != 0U) && ((itsources & RCC_CRS_IT_ESYNC) != 0U))
2795:Drivers/STM32L4xx_HAL_Driver/Src/stm32l4xx_hal_rcc_ex.c ****   {
2796:Drivers/STM32L4xx_HAL_Driver/Src/stm32l4xx_hal_rcc_ex.c ****     /* frequency error counter reached a zero value */
2797:Drivers/STM32L4xx_HAL_Driver/Src/stm32l4xx_hal_rcc_ex.c ****     WRITE_REG(CRS->ICR, CRS_ICR_ESYNCC);
2798:Drivers/STM32L4xx_HAL_Driver/Src/stm32l4xx_hal_rcc_ex.c **** 
2799:Drivers/STM32L4xx_HAL_Driver/Src/stm32l4xx_hal_rcc_ex.c ****     /* user callback */
2800:Drivers/STM32L4xx_HAL_Driver/Src/stm32l4xx_hal_rcc_ex.c ****     HAL_RCCEx_CRS_ExpectedSyncCallback();
2801:Drivers/STM32L4xx_HAL_Driver/Src/stm32l4xx_hal_rcc_ex.c ****   }
2802:Drivers/STM32L4xx_HAL_Driver/Src/stm32l4xx_hal_rcc_ex.c ****   /* Check CRS Error flags  */
2803:Drivers/STM32L4xx_HAL_Driver/Src/stm32l4xx_hal_rcc_ex.c ****   else
2804:Drivers/STM32L4xx_HAL_Driver/Src/stm32l4xx_hal_rcc_ex.c ****   {
2805:Drivers/STM32L4xx_HAL_Driver/Src/stm32l4xx_hal_rcc_ex.c ****     if(((itflags & RCC_CRS_FLAG_ERR) != 0U) && ((itsources & RCC_CRS_IT_ERR) != 0U))
2806:Drivers/STM32L4xx_HAL_Driver/Src/stm32l4xx_hal_rcc_ex.c ****     {
2807:Drivers/STM32L4xx_HAL_Driver/Src/stm32l4xx_hal_rcc_ex.c ****       if((itflags & RCC_CRS_FLAG_SYNCERR) != 0U)
2808:Drivers/STM32L4xx_HAL_Driver/Src/stm32l4xx_hal_rcc_ex.c ****       {
2809:Drivers/STM32L4xx_HAL_Driver/Src/stm32l4xx_hal_rcc_ex.c ****         crserror |= RCC_CRS_SYNCERR;
2810:Drivers/STM32L4xx_HAL_Driver/Src/stm32l4xx_hal_rcc_ex.c ****       }
2811:Drivers/STM32L4xx_HAL_Driver/Src/stm32l4xx_hal_rcc_ex.c ****       if((itflags & RCC_CRS_FLAG_SYNCMISS) != 0U)
2812:Drivers/STM32L4xx_HAL_Driver/Src/stm32l4xx_hal_rcc_ex.c ****       {
2813:Drivers/STM32L4xx_HAL_Driver/Src/stm32l4xx_hal_rcc_ex.c ****         crserror |= RCC_CRS_SYNCMISS;
2814:Drivers/STM32L4xx_HAL_Driver/Src/stm32l4xx_hal_rcc_ex.c ****       }
2815:Drivers/STM32L4xx_HAL_Driver/Src/stm32l4xx_hal_rcc_ex.c ****       if((itflags & RCC_CRS_FLAG_TRIMOVF) != 0U)
2816:Drivers/STM32L4xx_HAL_Driver/Src/stm32l4xx_hal_rcc_ex.c ****       {
2817:Drivers/STM32L4xx_HAL_Driver/Src/stm32l4xx_hal_rcc_ex.c ****         crserror |= RCC_CRS_TRIMOVF;
2818:Drivers/STM32L4xx_HAL_Driver/Src/stm32l4xx_hal_rcc_ex.c ****       }
2819:Drivers/STM32L4xx_HAL_Driver/Src/stm32l4xx_hal_rcc_ex.c **** 
2820:Drivers/STM32L4xx_HAL_Driver/Src/stm32l4xx_hal_rcc_ex.c ****       /* Clear CRS Error flags */
2821:Drivers/STM32L4xx_HAL_Driver/Src/stm32l4xx_hal_rcc_ex.c ****       WRITE_REG(CRS->ICR, CRS_ICR_ERRC);
2822:Drivers/STM32L4xx_HAL_Driver/Src/stm32l4xx_hal_rcc_ex.c **** 
2823:Drivers/STM32L4xx_HAL_Driver/Src/stm32l4xx_hal_rcc_ex.c ****       /* user error callback */
ARM GAS  /tmp/cc4nR4Y7.s 			page 51


2824:Drivers/STM32L4xx_HAL_Driver/Src/stm32l4xx_hal_rcc_ex.c ****       HAL_RCCEx_CRS_ErrorCallback(crserror);
2825:Drivers/STM32L4xx_HAL_Driver/Src/stm32l4xx_hal_rcc_ex.c ****     }
2826:Drivers/STM32L4xx_HAL_Driver/Src/stm32l4xx_hal_rcc_ex.c ****   }
2827:Drivers/STM32L4xx_HAL_Driver/Src/stm32l4xx_hal_rcc_ex.c **** }
2828:Drivers/STM32L4xx_HAL_Driver/Src/stm32l4xx_hal_rcc_ex.c **** 
2829:Drivers/STM32L4xx_HAL_Driver/Src/stm32l4xx_hal_rcc_ex.c **** /**
2830:Drivers/STM32L4xx_HAL_Driver/Src/stm32l4xx_hal_rcc_ex.c ****   * @brief  RCCEx Clock Recovery System SYNCOK interrupt callback.
2831:Drivers/STM32L4xx_HAL_Driver/Src/stm32l4xx_hal_rcc_ex.c ****   * @retval none
2832:Drivers/STM32L4xx_HAL_Driver/Src/stm32l4xx_hal_rcc_ex.c ****   */
2833:Drivers/STM32L4xx_HAL_Driver/Src/stm32l4xx_hal_rcc_ex.c **** __weak void HAL_RCCEx_CRS_SyncOkCallback(void)
2834:Drivers/STM32L4xx_HAL_Driver/Src/stm32l4xx_hal_rcc_ex.c **** {
2835:Drivers/STM32L4xx_HAL_Driver/Src/stm32l4xx_hal_rcc_ex.c ****   /* NOTE : This function should not be modified, when the callback is needed,
2836:Drivers/STM32L4xx_HAL_Driver/Src/stm32l4xx_hal_rcc_ex.c ****             the @ref HAL_RCCEx_CRS_SyncOkCallback should be implemented in the user file
2837:Drivers/STM32L4xx_HAL_Driver/Src/stm32l4xx_hal_rcc_ex.c ****    */
2838:Drivers/STM32L4xx_HAL_Driver/Src/stm32l4xx_hal_rcc_ex.c **** }
2839:Drivers/STM32L4xx_HAL_Driver/Src/stm32l4xx_hal_rcc_ex.c **** 
2840:Drivers/STM32L4xx_HAL_Driver/Src/stm32l4xx_hal_rcc_ex.c **** /**
2841:Drivers/STM32L4xx_HAL_Driver/Src/stm32l4xx_hal_rcc_ex.c ****   * @brief  RCCEx Clock Recovery System SYNCWARN interrupt callback.
2842:Drivers/STM32L4xx_HAL_Driver/Src/stm32l4xx_hal_rcc_ex.c ****   * @retval none
2843:Drivers/STM32L4xx_HAL_Driver/Src/stm32l4xx_hal_rcc_ex.c ****   */
2844:Drivers/STM32L4xx_HAL_Driver/Src/stm32l4xx_hal_rcc_ex.c **** __weak void HAL_RCCEx_CRS_SyncWarnCallback(void)
2845:Drivers/STM32L4xx_HAL_Driver/Src/stm32l4xx_hal_rcc_ex.c **** {
2846:Drivers/STM32L4xx_HAL_Driver/Src/stm32l4xx_hal_rcc_ex.c ****   /* NOTE : This function should not be modified, when the callback is needed,
2847:Drivers/STM32L4xx_HAL_Driver/Src/stm32l4xx_hal_rcc_ex.c ****             the @ref HAL_RCCEx_CRS_SyncWarnCallback should be implemented in the user file
2848:Drivers/STM32L4xx_HAL_Driver/Src/stm32l4xx_hal_rcc_ex.c ****    */
2849:Drivers/STM32L4xx_HAL_Driver/Src/stm32l4xx_hal_rcc_ex.c **** }
2850:Drivers/STM32L4xx_HAL_Driver/Src/stm32l4xx_hal_rcc_ex.c **** 
2851:Drivers/STM32L4xx_HAL_Driver/Src/stm32l4xx_hal_rcc_ex.c **** /**
2852:Drivers/STM32L4xx_HAL_Driver/Src/stm32l4xx_hal_rcc_ex.c ****   * @brief  RCCEx Clock Recovery System Expected SYNC interrupt callback.
2853:Drivers/STM32L4xx_HAL_Driver/Src/stm32l4xx_hal_rcc_ex.c ****   * @retval none
2854:Drivers/STM32L4xx_HAL_Driver/Src/stm32l4xx_hal_rcc_ex.c ****   */
2855:Drivers/STM32L4xx_HAL_Driver/Src/stm32l4xx_hal_rcc_ex.c **** __weak void HAL_RCCEx_CRS_ExpectedSyncCallback(void)
2856:Drivers/STM32L4xx_HAL_Driver/Src/stm32l4xx_hal_rcc_ex.c **** {
2857:Drivers/STM32L4xx_HAL_Driver/Src/stm32l4xx_hal_rcc_ex.c ****   /* NOTE : This function should not be modified, when the callback is needed,
2858:Drivers/STM32L4xx_HAL_Driver/Src/stm32l4xx_hal_rcc_ex.c ****             the @ref HAL_RCCEx_CRS_ExpectedSyncCallback should be implemented in the user file
2859:Drivers/STM32L4xx_HAL_Driver/Src/stm32l4xx_hal_rcc_ex.c ****    */
2860:Drivers/STM32L4xx_HAL_Driver/Src/stm32l4xx_hal_rcc_ex.c **** }
2861:Drivers/STM32L4xx_HAL_Driver/Src/stm32l4xx_hal_rcc_ex.c **** 
2862:Drivers/STM32L4xx_HAL_Driver/Src/stm32l4xx_hal_rcc_ex.c **** /**
2863:Drivers/STM32L4xx_HAL_Driver/Src/stm32l4xx_hal_rcc_ex.c ****   * @brief  RCCEx Clock Recovery System Error interrupt callback.
2864:Drivers/STM32L4xx_HAL_Driver/Src/stm32l4xx_hal_rcc_ex.c ****   * @param  Error Combination of Error status.
2865:Drivers/STM32L4xx_HAL_Driver/Src/stm32l4xx_hal_rcc_ex.c ****   *         This parameter can be a combination of the following values:
2866:Drivers/STM32L4xx_HAL_Driver/Src/stm32l4xx_hal_rcc_ex.c ****   *           @arg @ref RCC_CRS_SYNCERR
2867:Drivers/STM32L4xx_HAL_Driver/Src/stm32l4xx_hal_rcc_ex.c ****   *           @arg @ref RCC_CRS_SYNCMISS
2868:Drivers/STM32L4xx_HAL_Driver/Src/stm32l4xx_hal_rcc_ex.c ****   *           @arg @ref RCC_CRS_TRIMOVF
2869:Drivers/STM32L4xx_HAL_Driver/Src/stm32l4xx_hal_rcc_ex.c ****   * @retval none
2870:Drivers/STM32L4xx_HAL_Driver/Src/stm32l4xx_hal_rcc_ex.c ****   */
2871:Drivers/STM32L4xx_HAL_Driver/Src/stm32l4xx_hal_rcc_ex.c **** __weak void HAL_RCCEx_CRS_ErrorCallback(uint32_t Error)
2872:Drivers/STM32L4xx_HAL_Driver/Src/stm32l4xx_hal_rcc_ex.c **** {
2873:Drivers/STM32L4xx_HAL_Driver/Src/stm32l4xx_hal_rcc_ex.c ****   /* Prevent unused argument(s) compilation warning */
2874:Drivers/STM32L4xx_HAL_Driver/Src/stm32l4xx_hal_rcc_ex.c ****   UNUSED(Error);
2875:Drivers/STM32L4xx_HAL_Driver/Src/stm32l4xx_hal_rcc_ex.c **** 
2876:Drivers/STM32L4xx_HAL_Driver/Src/stm32l4xx_hal_rcc_ex.c ****   /* NOTE : This function should not be modified, when the callback is needed,
2877:Drivers/STM32L4xx_HAL_Driver/Src/stm32l4xx_hal_rcc_ex.c ****             the @ref HAL_RCCEx_CRS_ErrorCallback should be implemented in the user file
2878:Drivers/STM32L4xx_HAL_Driver/Src/stm32l4xx_hal_rcc_ex.c ****    */
2879:Drivers/STM32L4xx_HAL_Driver/Src/stm32l4xx_hal_rcc_ex.c **** }
2880:Drivers/STM32L4xx_HAL_Driver/Src/stm32l4xx_hal_rcc_ex.c **** 
ARM GAS  /tmp/cc4nR4Y7.s 			page 52


2881:Drivers/STM32L4xx_HAL_Driver/Src/stm32l4xx_hal_rcc_ex.c **** /**
2882:Drivers/STM32L4xx_HAL_Driver/Src/stm32l4xx_hal_rcc_ex.c ****   * @}
2883:Drivers/STM32L4xx_HAL_Driver/Src/stm32l4xx_hal_rcc_ex.c ****   */
2884:Drivers/STM32L4xx_HAL_Driver/Src/stm32l4xx_hal_rcc_ex.c **** 
2885:Drivers/STM32L4xx_HAL_Driver/Src/stm32l4xx_hal_rcc_ex.c **** #endif /* CRS */
2886:Drivers/STM32L4xx_HAL_Driver/Src/stm32l4xx_hal_rcc_ex.c **** 
2887:Drivers/STM32L4xx_HAL_Driver/Src/stm32l4xx_hal_rcc_ex.c **** /**
2888:Drivers/STM32L4xx_HAL_Driver/Src/stm32l4xx_hal_rcc_ex.c ****   * @}
2889:Drivers/STM32L4xx_HAL_Driver/Src/stm32l4xx_hal_rcc_ex.c ****   */
2890:Drivers/STM32L4xx_HAL_Driver/Src/stm32l4xx_hal_rcc_ex.c **** 
2891:Drivers/STM32L4xx_HAL_Driver/Src/stm32l4xx_hal_rcc_ex.c **** /** @addtogroup RCCEx_Private_Functions
2892:Drivers/STM32L4xx_HAL_Driver/Src/stm32l4xx_hal_rcc_ex.c ****  * @{
2893:Drivers/STM32L4xx_HAL_Driver/Src/stm32l4xx_hal_rcc_ex.c ****  */
2894:Drivers/STM32L4xx_HAL_Driver/Src/stm32l4xx_hal_rcc_ex.c **** 
2895:Drivers/STM32L4xx_HAL_Driver/Src/stm32l4xx_hal_rcc_ex.c **** #if defined(RCC_PLLSAI1_SUPPORT)
2896:Drivers/STM32L4xx_HAL_Driver/Src/stm32l4xx_hal_rcc_ex.c **** 
2897:Drivers/STM32L4xx_HAL_Driver/Src/stm32l4xx_hal_rcc_ex.c **** /**
2898:Drivers/STM32L4xx_HAL_Driver/Src/stm32l4xx_hal_rcc_ex.c ****   * @brief  Configure the parameters N & P & optionally M of PLLSAI1 and enable PLLSAI1 output cloc
2899:Drivers/STM32L4xx_HAL_Driver/Src/stm32l4xx_hal_rcc_ex.c ****   * @param  PllSai1  pointer to an RCC_PLLSAI1InitTypeDef structure that
2900:Drivers/STM32L4xx_HAL_Driver/Src/stm32l4xx_hal_rcc_ex.c ****   *         contains the configuration parameters N & P & optionally M as well as PLLSAI1 output cl
2901:Drivers/STM32L4xx_HAL_Driver/Src/stm32l4xx_hal_rcc_ex.c ****   * @param  Divider  divider parameter to be updated
2902:Drivers/STM32L4xx_HAL_Driver/Src/stm32l4xx_hal_rcc_ex.c ****   *
2903:Drivers/STM32L4xx_HAL_Driver/Src/stm32l4xx_hal_rcc_ex.c ****   * @note   PLLSAI1 is temporary disable to apply new parameters
2904:Drivers/STM32L4xx_HAL_Driver/Src/stm32l4xx_hal_rcc_ex.c ****   *
2905:Drivers/STM32L4xx_HAL_Driver/Src/stm32l4xx_hal_rcc_ex.c ****   * @retval HAL status
2906:Drivers/STM32L4xx_HAL_Driver/Src/stm32l4xx_hal_rcc_ex.c ****   */
2907:Drivers/STM32L4xx_HAL_Driver/Src/stm32l4xx_hal_rcc_ex.c **** static HAL_StatusTypeDef RCCEx_PLLSAI1_Config(RCC_PLLSAI1InitTypeDef *PllSai1, uint32_t Divider)
2908:Drivers/STM32L4xx_HAL_Driver/Src/stm32l4xx_hal_rcc_ex.c **** {
2909:Drivers/STM32L4xx_HAL_Driver/Src/stm32l4xx_hal_rcc_ex.c ****   uint32_t tickstart;
2910:Drivers/STM32L4xx_HAL_Driver/Src/stm32l4xx_hal_rcc_ex.c ****   HAL_StatusTypeDef status = HAL_OK;
2911:Drivers/STM32L4xx_HAL_Driver/Src/stm32l4xx_hal_rcc_ex.c **** 
2912:Drivers/STM32L4xx_HAL_Driver/Src/stm32l4xx_hal_rcc_ex.c ****   /* check for PLLSAI1 Parameters used to output PLLSAI1CLK */
2913:Drivers/STM32L4xx_HAL_Driver/Src/stm32l4xx_hal_rcc_ex.c ****   /* P, Q and R dividers are verified in each specific divider case below */
2914:Drivers/STM32L4xx_HAL_Driver/Src/stm32l4xx_hal_rcc_ex.c ****   assert_param(IS_RCC_PLLSAI1SOURCE(PllSai1->PLLSAI1Source));
2915:Drivers/STM32L4xx_HAL_Driver/Src/stm32l4xx_hal_rcc_ex.c ****   assert_param(IS_RCC_PLLSAI1M_VALUE(PllSai1->PLLSAI1M));
2916:Drivers/STM32L4xx_HAL_Driver/Src/stm32l4xx_hal_rcc_ex.c ****   assert_param(IS_RCC_PLLSAI1N_VALUE(PllSai1->PLLSAI1N));
2917:Drivers/STM32L4xx_HAL_Driver/Src/stm32l4xx_hal_rcc_ex.c ****   assert_param(IS_RCC_PLLSAI1CLOCKOUT_VALUE(PllSai1->PLLSAI1ClockOut));
2918:Drivers/STM32L4xx_HAL_Driver/Src/stm32l4xx_hal_rcc_ex.c **** 
2919:Drivers/STM32L4xx_HAL_Driver/Src/stm32l4xx_hal_rcc_ex.c ****   /* Check that PLLSAI1 clock source and divider M can be applied */
2920:Drivers/STM32L4xx_HAL_Driver/Src/stm32l4xx_hal_rcc_ex.c ****   if(__HAL_RCC_GET_PLL_OSCSOURCE() != RCC_PLLSOURCE_NONE)
2921:Drivers/STM32L4xx_HAL_Driver/Src/stm32l4xx_hal_rcc_ex.c ****   {
2922:Drivers/STM32L4xx_HAL_Driver/Src/stm32l4xx_hal_rcc_ex.c ****     /* PLL clock source and divider M already set, check that no request for change  */
2923:Drivers/STM32L4xx_HAL_Driver/Src/stm32l4xx_hal_rcc_ex.c ****     if((__HAL_RCC_GET_PLL_OSCSOURCE() != PllSai1->PLLSAI1Source)
2924:Drivers/STM32L4xx_HAL_Driver/Src/stm32l4xx_hal_rcc_ex.c ****        ||
2925:Drivers/STM32L4xx_HAL_Driver/Src/stm32l4xx_hal_rcc_ex.c ****        (PllSai1->PLLSAI1Source == RCC_PLLSOURCE_NONE)
2926:Drivers/STM32L4xx_HAL_Driver/Src/stm32l4xx_hal_rcc_ex.c **** #if !defined(RCC_PLLSAI1M_DIV_1_16_SUPPORT)
2927:Drivers/STM32L4xx_HAL_Driver/Src/stm32l4xx_hal_rcc_ex.c ****        ||
2928:Drivers/STM32L4xx_HAL_Driver/Src/stm32l4xx_hal_rcc_ex.c ****        (((READ_BIT(RCC->PLLCFGR, RCC_PLLCFGR_PLLM) >> RCC_PLLCFGR_PLLM_Pos) + 1U) != PllSai1->PLLSA
2929:Drivers/STM32L4xx_HAL_Driver/Src/stm32l4xx_hal_rcc_ex.c **** #endif
2930:Drivers/STM32L4xx_HAL_Driver/Src/stm32l4xx_hal_rcc_ex.c ****       )
2931:Drivers/STM32L4xx_HAL_Driver/Src/stm32l4xx_hal_rcc_ex.c ****     {
2932:Drivers/STM32L4xx_HAL_Driver/Src/stm32l4xx_hal_rcc_ex.c ****       status = HAL_ERROR;
2933:Drivers/STM32L4xx_HAL_Driver/Src/stm32l4xx_hal_rcc_ex.c ****     }
2934:Drivers/STM32L4xx_HAL_Driver/Src/stm32l4xx_hal_rcc_ex.c ****   }
2935:Drivers/STM32L4xx_HAL_Driver/Src/stm32l4xx_hal_rcc_ex.c ****   else
2936:Drivers/STM32L4xx_HAL_Driver/Src/stm32l4xx_hal_rcc_ex.c ****   {
2937:Drivers/STM32L4xx_HAL_Driver/Src/stm32l4xx_hal_rcc_ex.c ****     /* Check PLLSAI1 clock source availability */
ARM GAS  /tmp/cc4nR4Y7.s 			page 53


2938:Drivers/STM32L4xx_HAL_Driver/Src/stm32l4xx_hal_rcc_ex.c ****     switch(PllSai1->PLLSAI1Source)
2939:Drivers/STM32L4xx_HAL_Driver/Src/stm32l4xx_hal_rcc_ex.c ****     {
2940:Drivers/STM32L4xx_HAL_Driver/Src/stm32l4xx_hal_rcc_ex.c ****     case RCC_PLLSOURCE_MSI:
2941:Drivers/STM32L4xx_HAL_Driver/Src/stm32l4xx_hal_rcc_ex.c ****       if(HAL_IS_BIT_CLR(RCC->CR, RCC_CR_MSIRDY))
2942:Drivers/STM32L4xx_HAL_Driver/Src/stm32l4xx_hal_rcc_ex.c ****       {
2943:Drivers/STM32L4xx_HAL_Driver/Src/stm32l4xx_hal_rcc_ex.c ****         status = HAL_ERROR;
2944:Drivers/STM32L4xx_HAL_Driver/Src/stm32l4xx_hal_rcc_ex.c ****       }
2945:Drivers/STM32L4xx_HAL_Driver/Src/stm32l4xx_hal_rcc_ex.c ****       break;
2946:Drivers/STM32L4xx_HAL_Driver/Src/stm32l4xx_hal_rcc_ex.c ****     case RCC_PLLSOURCE_HSI:
2947:Drivers/STM32L4xx_HAL_Driver/Src/stm32l4xx_hal_rcc_ex.c ****       if(HAL_IS_BIT_CLR(RCC->CR, RCC_CR_HSIRDY))
2948:Drivers/STM32L4xx_HAL_Driver/Src/stm32l4xx_hal_rcc_ex.c ****       {
2949:Drivers/STM32L4xx_HAL_Driver/Src/stm32l4xx_hal_rcc_ex.c ****         status = HAL_ERROR;
2950:Drivers/STM32L4xx_HAL_Driver/Src/stm32l4xx_hal_rcc_ex.c ****       }
2951:Drivers/STM32L4xx_HAL_Driver/Src/stm32l4xx_hal_rcc_ex.c ****       break;
2952:Drivers/STM32L4xx_HAL_Driver/Src/stm32l4xx_hal_rcc_ex.c ****     case RCC_PLLSOURCE_HSE:
2953:Drivers/STM32L4xx_HAL_Driver/Src/stm32l4xx_hal_rcc_ex.c ****       if(HAL_IS_BIT_CLR(RCC->CR, RCC_CR_HSERDY))
2954:Drivers/STM32L4xx_HAL_Driver/Src/stm32l4xx_hal_rcc_ex.c ****       {
2955:Drivers/STM32L4xx_HAL_Driver/Src/stm32l4xx_hal_rcc_ex.c ****         if(HAL_IS_BIT_CLR(RCC->CR, RCC_CR_HSEBYP))
2956:Drivers/STM32L4xx_HAL_Driver/Src/stm32l4xx_hal_rcc_ex.c ****         {
2957:Drivers/STM32L4xx_HAL_Driver/Src/stm32l4xx_hal_rcc_ex.c ****           status = HAL_ERROR;
2958:Drivers/STM32L4xx_HAL_Driver/Src/stm32l4xx_hal_rcc_ex.c ****         }
2959:Drivers/STM32L4xx_HAL_Driver/Src/stm32l4xx_hal_rcc_ex.c ****       }
2960:Drivers/STM32L4xx_HAL_Driver/Src/stm32l4xx_hal_rcc_ex.c ****       break;
2961:Drivers/STM32L4xx_HAL_Driver/Src/stm32l4xx_hal_rcc_ex.c ****     default:
2962:Drivers/STM32L4xx_HAL_Driver/Src/stm32l4xx_hal_rcc_ex.c ****       status = HAL_ERROR;
2963:Drivers/STM32L4xx_HAL_Driver/Src/stm32l4xx_hal_rcc_ex.c ****       break;
2964:Drivers/STM32L4xx_HAL_Driver/Src/stm32l4xx_hal_rcc_ex.c ****     }
2965:Drivers/STM32L4xx_HAL_Driver/Src/stm32l4xx_hal_rcc_ex.c **** 
2966:Drivers/STM32L4xx_HAL_Driver/Src/stm32l4xx_hal_rcc_ex.c ****     if(status == HAL_OK)
2967:Drivers/STM32L4xx_HAL_Driver/Src/stm32l4xx_hal_rcc_ex.c ****     {
2968:Drivers/STM32L4xx_HAL_Driver/Src/stm32l4xx_hal_rcc_ex.c **** #if defined(RCC_PLLSAI1M_DIV_1_16_SUPPORT)
2969:Drivers/STM32L4xx_HAL_Driver/Src/stm32l4xx_hal_rcc_ex.c ****       /* Set PLLSAI1 clock source */
2970:Drivers/STM32L4xx_HAL_Driver/Src/stm32l4xx_hal_rcc_ex.c ****       MODIFY_REG(RCC->PLLCFGR, RCC_PLLCFGR_PLLSRC, PllSai1->PLLSAI1Source);
2971:Drivers/STM32L4xx_HAL_Driver/Src/stm32l4xx_hal_rcc_ex.c **** #else
2972:Drivers/STM32L4xx_HAL_Driver/Src/stm32l4xx_hal_rcc_ex.c ****       /* Set PLLSAI1 clock source and divider M */
2973:Drivers/STM32L4xx_HAL_Driver/Src/stm32l4xx_hal_rcc_ex.c ****       MODIFY_REG(RCC->PLLCFGR, RCC_PLLCFGR_PLLSRC | RCC_PLLCFGR_PLLM, PllSai1->PLLSAI1Source | (Pll
2974:Drivers/STM32L4xx_HAL_Driver/Src/stm32l4xx_hal_rcc_ex.c **** #endif
2975:Drivers/STM32L4xx_HAL_Driver/Src/stm32l4xx_hal_rcc_ex.c ****     }
2976:Drivers/STM32L4xx_HAL_Driver/Src/stm32l4xx_hal_rcc_ex.c ****   }
2977:Drivers/STM32L4xx_HAL_Driver/Src/stm32l4xx_hal_rcc_ex.c **** 
2978:Drivers/STM32L4xx_HAL_Driver/Src/stm32l4xx_hal_rcc_ex.c ****   if(status == HAL_OK)
2979:Drivers/STM32L4xx_HAL_Driver/Src/stm32l4xx_hal_rcc_ex.c ****   {
2980:Drivers/STM32L4xx_HAL_Driver/Src/stm32l4xx_hal_rcc_ex.c ****     /* Disable the PLLSAI1 */
2981:Drivers/STM32L4xx_HAL_Driver/Src/stm32l4xx_hal_rcc_ex.c ****     __HAL_RCC_PLLSAI1_DISABLE();
2982:Drivers/STM32L4xx_HAL_Driver/Src/stm32l4xx_hal_rcc_ex.c **** 
2983:Drivers/STM32L4xx_HAL_Driver/Src/stm32l4xx_hal_rcc_ex.c ****     /* Get Start Tick*/
2984:Drivers/STM32L4xx_HAL_Driver/Src/stm32l4xx_hal_rcc_ex.c ****     tickstart = HAL_GetTick();
2985:Drivers/STM32L4xx_HAL_Driver/Src/stm32l4xx_hal_rcc_ex.c **** 
2986:Drivers/STM32L4xx_HAL_Driver/Src/stm32l4xx_hal_rcc_ex.c ****     /* Wait till PLLSAI1 is ready to be updated */
2987:Drivers/STM32L4xx_HAL_Driver/Src/stm32l4xx_hal_rcc_ex.c ****     while(READ_BIT(RCC->CR, RCC_CR_PLLSAI1RDY) != 0U)
2988:Drivers/STM32L4xx_HAL_Driver/Src/stm32l4xx_hal_rcc_ex.c ****     {
2989:Drivers/STM32L4xx_HAL_Driver/Src/stm32l4xx_hal_rcc_ex.c ****       if((HAL_GetTick() - tickstart) > PLLSAI1_TIMEOUT_VALUE)
2990:Drivers/STM32L4xx_HAL_Driver/Src/stm32l4xx_hal_rcc_ex.c ****       {
2991:Drivers/STM32L4xx_HAL_Driver/Src/stm32l4xx_hal_rcc_ex.c ****         status = HAL_TIMEOUT;
2992:Drivers/STM32L4xx_HAL_Driver/Src/stm32l4xx_hal_rcc_ex.c ****         break;
2993:Drivers/STM32L4xx_HAL_Driver/Src/stm32l4xx_hal_rcc_ex.c ****       }
2994:Drivers/STM32L4xx_HAL_Driver/Src/stm32l4xx_hal_rcc_ex.c ****     }
ARM GAS  /tmp/cc4nR4Y7.s 			page 54


2995:Drivers/STM32L4xx_HAL_Driver/Src/stm32l4xx_hal_rcc_ex.c **** 
2996:Drivers/STM32L4xx_HAL_Driver/Src/stm32l4xx_hal_rcc_ex.c ****     if(status == HAL_OK)
2997:Drivers/STM32L4xx_HAL_Driver/Src/stm32l4xx_hal_rcc_ex.c ****     {
2998:Drivers/STM32L4xx_HAL_Driver/Src/stm32l4xx_hal_rcc_ex.c ****       if(Divider == DIVIDER_P_UPDATE)
2999:Drivers/STM32L4xx_HAL_Driver/Src/stm32l4xx_hal_rcc_ex.c ****       {
3000:Drivers/STM32L4xx_HAL_Driver/Src/stm32l4xx_hal_rcc_ex.c ****         assert_param(IS_RCC_PLLSAI1P_VALUE(PllSai1->PLLSAI1P));
3001:Drivers/STM32L4xx_HAL_Driver/Src/stm32l4xx_hal_rcc_ex.c **** #if defined(RCC_PLLSAI1M_DIV_1_16_SUPPORT)
3002:Drivers/STM32L4xx_HAL_Driver/Src/stm32l4xx_hal_rcc_ex.c **** 
3003:Drivers/STM32L4xx_HAL_Driver/Src/stm32l4xx_hal_rcc_ex.c ****         /* Configure the PLLSAI1 Division factor M, P and Multiplication factor N*/
3004:Drivers/STM32L4xx_HAL_Driver/Src/stm32l4xx_hal_rcc_ex.c **** #if defined(RCC_PLLSAI1P_DIV_2_31_SUPPORT)
3005:Drivers/STM32L4xx_HAL_Driver/Src/stm32l4xx_hal_rcc_ex.c ****         MODIFY_REG(RCC->PLLSAI1CFGR,
3006:Drivers/STM32L4xx_HAL_Driver/Src/stm32l4xx_hal_rcc_ex.c ****                    RCC_PLLSAI1CFGR_PLLSAI1N | RCC_PLLSAI1CFGR_PLLSAI1PDIV | RCC_PLLSAI1CFGR_PLLSAI1
3007:Drivers/STM32L4xx_HAL_Driver/Src/stm32l4xx_hal_rcc_ex.c ****                    (PllSai1->PLLSAI1N << RCC_PLLSAI1CFGR_PLLSAI1N_Pos) |
3008:Drivers/STM32L4xx_HAL_Driver/Src/stm32l4xx_hal_rcc_ex.c ****                    (PllSai1->PLLSAI1P << RCC_PLLSAI1CFGR_PLLSAI1PDIV_Pos) |
3009:Drivers/STM32L4xx_HAL_Driver/Src/stm32l4xx_hal_rcc_ex.c ****                    ((PllSai1->PLLSAI1M - 1U) << RCC_PLLSAI1CFGR_PLLSAI1M_Pos));
3010:Drivers/STM32L4xx_HAL_Driver/Src/stm32l4xx_hal_rcc_ex.c **** #else
3011:Drivers/STM32L4xx_HAL_Driver/Src/stm32l4xx_hal_rcc_ex.c ****         MODIFY_REG(RCC->PLLSAI1CFGR,
3012:Drivers/STM32L4xx_HAL_Driver/Src/stm32l4xx_hal_rcc_ex.c ****                    RCC_PLLSAI1CFGR_PLLSAI1N | RCC_PLLSAI1CFGR_PLLSAI1P | RCC_PLLSAI1CFGR_PLLSAI1M,
3013:Drivers/STM32L4xx_HAL_Driver/Src/stm32l4xx_hal_rcc_ex.c ****                    (PllSai1->PLLSAI1N << RCC_PLLSAI1CFGR_PLLSAI1N_Pos) |
3014:Drivers/STM32L4xx_HAL_Driver/Src/stm32l4xx_hal_rcc_ex.c ****                    ((PllSai1->PLLSAI1P >> 4U) << RCC_PLLSAI1CFGR_PLLSAI1P_Pos) |
3015:Drivers/STM32L4xx_HAL_Driver/Src/stm32l4xx_hal_rcc_ex.c ****                    ((PllSai1->PLLSAI1M - 1U) << RCC_PLLSAI1CFGR_PLLSAI1M_Pos));
3016:Drivers/STM32L4xx_HAL_Driver/Src/stm32l4xx_hal_rcc_ex.c **** #endif /* RCC_PLLSAI1P_DIV_2_31_SUPPORT */
3017:Drivers/STM32L4xx_HAL_Driver/Src/stm32l4xx_hal_rcc_ex.c **** 
3018:Drivers/STM32L4xx_HAL_Driver/Src/stm32l4xx_hal_rcc_ex.c **** #else
3019:Drivers/STM32L4xx_HAL_Driver/Src/stm32l4xx_hal_rcc_ex.c ****         /* Configure the PLLSAI1 Division factor P and Multiplication factor N*/
3020:Drivers/STM32L4xx_HAL_Driver/Src/stm32l4xx_hal_rcc_ex.c **** #if defined(RCC_PLLSAI1P_DIV_2_31_SUPPORT)
3021:Drivers/STM32L4xx_HAL_Driver/Src/stm32l4xx_hal_rcc_ex.c ****         MODIFY_REG(RCC->PLLSAI1CFGR,
3022:Drivers/STM32L4xx_HAL_Driver/Src/stm32l4xx_hal_rcc_ex.c ****                    RCC_PLLSAI1CFGR_PLLSAI1N | RCC_PLLSAI1CFGR_PLLSAI1PDIV,
3023:Drivers/STM32L4xx_HAL_Driver/Src/stm32l4xx_hal_rcc_ex.c ****                    (PllSai1->PLLSAI1N << RCC_PLLSAI1CFGR_PLLSAI1N_Pos) |
3024:Drivers/STM32L4xx_HAL_Driver/Src/stm32l4xx_hal_rcc_ex.c ****                    (PllSai1->PLLSAI1P << RCC_PLLSAI1CFGR_PLLSAI1PDIV_Pos));
3025:Drivers/STM32L4xx_HAL_Driver/Src/stm32l4xx_hal_rcc_ex.c **** #else
3026:Drivers/STM32L4xx_HAL_Driver/Src/stm32l4xx_hal_rcc_ex.c ****         MODIFY_REG(RCC->PLLSAI1CFGR,
3027:Drivers/STM32L4xx_HAL_Driver/Src/stm32l4xx_hal_rcc_ex.c ****                    RCC_PLLSAI1CFGR_PLLSAI1N | RCC_PLLSAI1CFGR_PLLSAI1P,
3028:Drivers/STM32L4xx_HAL_Driver/Src/stm32l4xx_hal_rcc_ex.c ****                    (PllSai1->PLLSAI1N << RCC_PLLSAI1CFGR_PLLSAI1N_Pos) |
3029:Drivers/STM32L4xx_HAL_Driver/Src/stm32l4xx_hal_rcc_ex.c ****                    ((PllSai1->PLLSAI1P >> 4U) << RCC_PLLSAI1CFGR_PLLSAI1P_Pos));
3030:Drivers/STM32L4xx_HAL_Driver/Src/stm32l4xx_hal_rcc_ex.c **** #endif /* RCC_PLLSAI1P_DIV_2_31_SUPPORT */
3031:Drivers/STM32L4xx_HAL_Driver/Src/stm32l4xx_hal_rcc_ex.c **** 
3032:Drivers/STM32L4xx_HAL_Driver/Src/stm32l4xx_hal_rcc_ex.c **** #endif /* RCC_PLLSAI1M_DIV_1_16_SUPPORT */
3033:Drivers/STM32L4xx_HAL_Driver/Src/stm32l4xx_hal_rcc_ex.c ****       }
3034:Drivers/STM32L4xx_HAL_Driver/Src/stm32l4xx_hal_rcc_ex.c ****       else if(Divider == DIVIDER_Q_UPDATE)
3035:Drivers/STM32L4xx_HAL_Driver/Src/stm32l4xx_hal_rcc_ex.c ****       {
3036:Drivers/STM32L4xx_HAL_Driver/Src/stm32l4xx_hal_rcc_ex.c ****         assert_param(IS_RCC_PLLSAI1Q_VALUE(PllSai1->PLLSAI1Q));
3037:Drivers/STM32L4xx_HAL_Driver/Src/stm32l4xx_hal_rcc_ex.c **** #if defined(RCC_PLLSAI1M_DIV_1_16_SUPPORT)
3038:Drivers/STM32L4xx_HAL_Driver/Src/stm32l4xx_hal_rcc_ex.c ****         /* Configure the PLLSAI1 Division factor M, Q and Multiplication factor N*/
3039:Drivers/STM32L4xx_HAL_Driver/Src/stm32l4xx_hal_rcc_ex.c ****         MODIFY_REG(RCC->PLLSAI1CFGR,
3040:Drivers/STM32L4xx_HAL_Driver/Src/stm32l4xx_hal_rcc_ex.c ****                    RCC_PLLSAI1CFGR_PLLSAI1N | RCC_PLLSAI1CFGR_PLLSAI1Q | RCC_PLLSAI1CFGR_PLLSAI1M,
3041:Drivers/STM32L4xx_HAL_Driver/Src/stm32l4xx_hal_rcc_ex.c ****                    (PllSai1->PLLSAI1N << RCC_PLLSAI1CFGR_PLLSAI1N_Pos) |
3042:Drivers/STM32L4xx_HAL_Driver/Src/stm32l4xx_hal_rcc_ex.c ****                    (((PllSai1->PLLSAI1Q >> 1U) - 1U) << RCC_PLLSAI1CFGR_PLLSAI1Q_Pos) |
3043:Drivers/STM32L4xx_HAL_Driver/Src/stm32l4xx_hal_rcc_ex.c ****                    ((PllSai1->PLLSAI1M - 1U) << RCC_PLLSAI1CFGR_PLLSAI1M_Pos));
3044:Drivers/STM32L4xx_HAL_Driver/Src/stm32l4xx_hal_rcc_ex.c **** #else
3045:Drivers/STM32L4xx_HAL_Driver/Src/stm32l4xx_hal_rcc_ex.c ****         /* Configure the PLLSAI1 Division factor Q and Multiplication factor N*/
3046:Drivers/STM32L4xx_HAL_Driver/Src/stm32l4xx_hal_rcc_ex.c ****         MODIFY_REG(RCC->PLLSAI1CFGR,
3047:Drivers/STM32L4xx_HAL_Driver/Src/stm32l4xx_hal_rcc_ex.c ****                    RCC_PLLSAI1CFGR_PLLSAI1N | RCC_PLLSAI1CFGR_PLLSAI1Q,
3048:Drivers/STM32L4xx_HAL_Driver/Src/stm32l4xx_hal_rcc_ex.c ****                    (PllSai1->PLLSAI1N << RCC_PLLSAI1CFGR_PLLSAI1N_Pos) |
3049:Drivers/STM32L4xx_HAL_Driver/Src/stm32l4xx_hal_rcc_ex.c ****                    (((PllSai1->PLLSAI1Q >> 1U) - 1U) << RCC_PLLSAI1CFGR_PLLSAI1Q_Pos));
3050:Drivers/STM32L4xx_HAL_Driver/Src/stm32l4xx_hal_rcc_ex.c **** #endif /* RCC_PLLSAI1M_DIV_1_16_SUPPORT */
3051:Drivers/STM32L4xx_HAL_Driver/Src/stm32l4xx_hal_rcc_ex.c ****       }
ARM GAS  /tmp/cc4nR4Y7.s 			page 55


3052:Drivers/STM32L4xx_HAL_Driver/Src/stm32l4xx_hal_rcc_ex.c ****       else
3053:Drivers/STM32L4xx_HAL_Driver/Src/stm32l4xx_hal_rcc_ex.c ****       {
3054:Drivers/STM32L4xx_HAL_Driver/Src/stm32l4xx_hal_rcc_ex.c ****         assert_param(IS_RCC_PLLSAI1R_VALUE(PllSai1->PLLSAI1R));
3055:Drivers/STM32L4xx_HAL_Driver/Src/stm32l4xx_hal_rcc_ex.c **** #if defined(RCC_PLLSAI1M_DIV_1_16_SUPPORT)
3056:Drivers/STM32L4xx_HAL_Driver/Src/stm32l4xx_hal_rcc_ex.c ****         /* Configure the PLLSAI1 Division factor M, R and Multiplication factor N*/
3057:Drivers/STM32L4xx_HAL_Driver/Src/stm32l4xx_hal_rcc_ex.c ****         MODIFY_REG(RCC->PLLSAI1CFGR,
3058:Drivers/STM32L4xx_HAL_Driver/Src/stm32l4xx_hal_rcc_ex.c ****                    RCC_PLLSAI1CFGR_PLLSAI1N | RCC_PLLSAI1CFGR_PLLSAI1R | RCC_PLLSAI1CFGR_PLLSAI1M,
3059:Drivers/STM32L4xx_HAL_Driver/Src/stm32l4xx_hal_rcc_ex.c ****                    (PllSai1->PLLSAI1N << RCC_PLLSAI1CFGR_PLLSAI1N_Pos) |
3060:Drivers/STM32L4xx_HAL_Driver/Src/stm32l4xx_hal_rcc_ex.c ****                    (((PllSai1->PLLSAI1R >> 1U) - 1U) << RCC_PLLSAI1CFGR_PLLSAI1R_Pos) |
3061:Drivers/STM32L4xx_HAL_Driver/Src/stm32l4xx_hal_rcc_ex.c ****                    ((PllSai1->PLLSAI1M - 1U) << RCC_PLLSAI1CFGR_PLLSAI1M_Pos));
3062:Drivers/STM32L4xx_HAL_Driver/Src/stm32l4xx_hal_rcc_ex.c **** #else
3063:Drivers/STM32L4xx_HAL_Driver/Src/stm32l4xx_hal_rcc_ex.c ****         /* Configure the PLLSAI1 Division factor R and Multiplication factor N*/
3064:Drivers/STM32L4xx_HAL_Driver/Src/stm32l4xx_hal_rcc_ex.c ****         MODIFY_REG(RCC->PLLSAI1CFGR,
3065:Drivers/STM32L4xx_HAL_Driver/Src/stm32l4xx_hal_rcc_ex.c ****                    RCC_PLLSAI1CFGR_PLLSAI1N | RCC_PLLSAI1CFGR_PLLSAI1R,
3066:Drivers/STM32L4xx_HAL_Driver/Src/stm32l4xx_hal_rcc_ex.c ****                    (PllSai1->PLLSAI1N << RCC_PLLSAI1CFGR_PLLSAI1N_Pos) |
3067:Drivers/STM32L4xx_HAL_Driver/Src/stm32l4xx_hal_rcc_ex.c ****                    (((PllSai1->PLLSAI1R >> 1U) - 1U) << RCC_PLLSAI1CFGR_PLLSAI1R_Pos));
3068:Drivers/STM32L4xx_HAL_Driver/Src/stm32l4xx_hal_rcc_ex.c **** #endif /* RCC_PLLSAI1M_DIV_1_16_SUPPORT */
3069:Drivers/STM32L4xx_HAL_Driver/Src/stm32l4xx_hal_rcc_ex.c ****       }
3070:Drivers/STM32L4xx_HAL_Driver/Src/stm32l4xx_hal_rcc_ex.c **** 
3071:Drivers/STM32L4xx_HAL_Driver/Src/stm32l4xx_hal_rcc_ex.c ****       /* Enable the PLLSAI1 again by setting PLLSAI1ON to 1*/
3072:Drivers/STM32L4xx_HAL_Driver/Src/stm32l4xx_hal_rcc_ex.c ****       __HAL_RCC_PLLSAI1_ENABLE();
3073:Drivers/STM32L4xx_HAL_Driver/Src/stm32l4xx_hal_rcc_ex.c **** 
3074:Drivers/STM32L4xx_HAL_Driver/Src/stm32l4xx_hal_rcc_ex.c ****       /* Get Start Tick*/
3075:Drivers/STM32L4xx_HAL_Driver/Src/stm32l4xx_hal_rcc_ex.c ****       tickstart = HAL_GetTick();
3076:Drivers/STM32L4xx_HAL_Driver/Src/stm32l4xx_hal_rcc_ex.c **** 
3077:Drivers/STM32L4xx_HAL_Driver/Src/stm32l4xx_hal_rcc_ex.c ****       /* Wait till PLLSAI1 is ready */
3078:Drivers/STM32L4xx_HAL_Driver/Src/stm32l4xx_hal_rcc_ex.c ****       while(READ_BIT(RCC->CR, RCC_CR_PLLSAI1RDY) == 0U)
3079:Drivers/STM32L4xx_HAL_Driver/Src/stm32l4xx_hal_rcc_ex.c ****       {
3080:Drivers/STM32L4xx_HAL_Driver/Src/stm32l4xx_hal_rcc_ex.c ****         if((HAL_GetTick() - tickstart) > PLLSAI1_TIMEOUT_VALUE)
3081:Drivers/STM32L4xx_HAL_Driver/Src/stm32l4xx_hal_rcc_ex.c ****         {
3082:Drivers/STM32L4xx_HAL_Driver/Src/stm32l4xx_hal_rcc_ex.c ****           status = HAL_TIMEOUT;
3083:Drivers/STM32L4xx_HAL_Driver/Src/stm32l4xx_hal_rcc_ex.c ****           break;
3084:Drivers/STM32L4xx_HAL_Driver/Src/stm32l4xx_hal_rcc_ex.c ****         }
3085:Drivers/STM32L4xx_HAL_Driver/Src/stm32l4xx_hal_rcc_ex.c ****       }
3086:Drivers/STM32L4xx_HAL_Driver/Src/stm32l4xx_hal_rcc_ex.c **** 
3087:Drivers/STM32L4xx_HAL_Driver/Src/stm32l4xx_hal_rcc_ex.c ****       if(status == HAL_OK)
3088:Drivers/STM32L4xx_HAL_Driver/Src/stm32l4xx_hal_rcc_ex.c ****       {
3089:Drivers/STM32L4xx_HAL_Driver/Src/stm32l4xx_hal_rcc_ex.c ****         /* Configure the PLLSAI1 Clock output(s) */
3090:Drivers/STM32L4xx_HAL_Driver/Src/stm32l4xx_hal_rcc_ex.c ****         __HAL_RCC_PLLSAI1CLKOUT_ENABLE(PllSai1->PLLSAI1ClockOut);
3091:Drivers/STM32L4xx_HAL_Driver/Src/stm32l4xx_hal_rcc_ex.c ****       }
3092:Drivers/STM32L4xx_HAL_Driver/Src/stm32l4xx_hal_rcc_ex.c ****     }
3093:Drivers/STM32L4xx_HAL_Driver/Src/stm32l4xx_hal_rcc_ex.c ****   }
3094:Drivers/STM32L4xx_HAL_Driver/Src/stm32l4xx_hal_rcc_ex.c **** 
3095:Drivers/STM32L4xx_HAL_Driver/Src/stm32l4xx_hal_rcc_ex.c ****   return status;
3096:Drivers/STM32L4xx_HAL_Driver/Src/stm32l4xx_hal_rcc_ex.c **** }
3097:Drivers/STM32L4xx_HAL_Driver/Src/stm32l4xx_hal_rcc_ex.c **** 
3098:Drivers/STM32L4xx_HAL_Driver/Src/stm32l4xx_hal_rcc_ex.c **** #endif /* RCC_PLLSAI1_SUPPORT */
3099:Drivers/STM32L4xx_HAL_Driver/Src/stm32l4xx_hal_rcc_ex.c **** 
3100:Drivers/STM32L4xx_HAL_Driver/Src/stm32l4xx_hal_rcc_ex.c **** #if defined(RCC_PLLSAI2_SUPPORT)
3101:Drivers/STM32L4xx_HAL_Driver/Src/stm32l4xx_hal_rcc_ex.c **** 
3102:Drivers/STM32L4xx_HAL_Driver/Src/stm32l4xx_hal_rcc_ex.c **** /**
3103:Drivers/STM32L4xx_HAL_Driver/Src/stm32l4xx_hal_rcc_ex.c ****   * @brief  Configure the parameters N & P & optionally M of PLLSAI2 and enable PLLSAI2 output cloc
3104:Drivers/STM32L4xx_HAL_Driver/Src/stm32l4xx_hal_rcc_ex.c ****   * @param  PllSai2  pointer to an RCC_PLLSAI2InitTypeDef structure that
3105:Drivers/STM32L4xx_HAL_Driver/Src/stm32l4xx_hal_rcc_ex.c ****   *         contains the configuration parameters N & P & optionally M as well as PLLSAI2 output cl
3106:Drivers/STM32L4xx_HAL_Driver/Src/stm32l4xx_hal_rcc_ex.c ****   * @param  Divider  divider parameter to be updated
3107:Drivers/STM32L4xx_HAL_Driver/Src/stm32l4xx_hal_rcc_ex.c ****   *
3108:Drivers/STM32L4xx_HAL_Driver/Src/stm32l4xx_hal_rcc_ex.c ****   * @note   PLLSAI2 is temporary disable to apply new parameters
ARM GAS  /tmp/cc4nR4Y7.s 			page 56


3109:Drivers/STM32L4xx_HAL_Driver/Src/stm32l4xx_hal_rcc_ex.c ****   *
3110:Drivers/STM32L4xx_HAL_Driver/Src/stm32l4xx_hal_rcc_ex.c ****   * @retval HAL status
3111:Drivers/STM32L4xx_HAL_Driver/Src/stm32l4xx_hal_rcc_ex.c ****   */
3112:Drivers/STM32L4xx_HAL_Driver/Src/stm32l4xx_hal_rcc_ex.c **** static HAL_StatusTypeDef RCCEx_PLLSAI2_Config(RCC_PLLSAI2InitTypeDef *PllSai2, uint32_t Divider)
3113:Drivers/STM32L4xx_HAL_Driver/Src/stm32l4xx_hal_rcc_ex.c **** {
3114:Drivers/STM32L4xx_HAL_Driver/Src/stm32l4xx_hal_rcc_ex.c ****   uint32_t tickstart;
3115:Drivers/STM32L4xx_HAL_Driver/Src/stm32l4xx_hal_rcc_ex.c ****   HAL_StatusTypeDef status = HAL_OK;
3116:Drivers/STM32L4xx_HAL_Driver/Src/stm32l4xx_hal_rcc_ex.c **** 
3117:Drivers/STM32L4xx_HAL_Driver/Src/stm32l4xx_hal_rcc_ex.c ****   /* check for PLLSAI2 Parameters used to output PLLSAI2CLK */
3118:Drivers/STM32L4xx_HAL_Driver/Src/stm32l4xx_hal_rcc_ex.c ****   /* P, Q and R dividers are verified in each specific divider case below */
3119:Drivers/STM32L4xx_HAL_Driver/Src/stm32l4xx_hal_rcc_ex.c ****   assert_param(IS_RCC_PLLSAI2SOURCE(PllSai2->PLLSAI2Source));
3120:Drivers/STM32L4xx_HAL_Driver/Src/stm32l4xx_hal_rcc_ex.c ****   assert_param(IS_RCC_PLLSAI2M_VALUE(PllSai2->PLLSAI2M));
3121:Drivers/STM32L4xx_HAL_Driver/Src/stm32l4xx_hal_rcc_ex.c ****   assert_param(IS_RCC_PLLSAI2N_VALUE(PllSai2->PLLSAI2N));
3122:Drivers/STM32L4xx_HAL_Driver/Src/stm32l4xx_hal_rcc_ex.c ****   assert_param(IS_RCC_PLLSAI2CLOCKOUT_VALUE(PllSai2->PLLSAI2ClockOut));
3123:Drivers/STM32L4xx_HAL_Driver/Src/stm32l4xx_hal_rcc_ex.c **** 
3124:Drivers/STM32L4xx_HAL_Driver/Src/stm32l4xx_hal_rcc_ex.c ****   /* Check that PLLSAI2 clock source and divider M can be applied */
3125:Drivers/STM32L4xx_HAL_Driver/Src/stm32l4xx_hal_rcc_ex.c ****   if(__HAL_RCC_GET_PLL_OSCSOURCE() != RCC_PLLSOURCE_NONE)
3126:Drivers/STM32L4xx_HAL_Driver/Src/stm32l4xx_hal_rcc_ex.c ****   {
3127:Drivers/STM32L4xx_HAL_Driver/Src/stm32l4xx_hal_rcc_ex.c ****     /* PLL clock source and divider M already set, check that no request for change  */
3128:Drivers/STM32L4xx_HAL_Driver/Src/stm32l4xx_hal_rcc_ex.c ****     if((__HAL_RCC_GET_PLL_OSCSOURCE() != PllSai2->PLLSAI2Source)
3129:Drivers/STM32L4xx_HAL_Driver/Src/stm32l4xx_hal_rcc_ex.c ****        ||
3130:Drivers/STM32L4xx_HAL_Driver/Src/stm32l4xx_hal_rcc_ex.c ****        (PllSai2->PLLSAI2Source == RCC_PLLSOURCE_NONE)
3131:Drivers/STM32L4xx_HAL_Driver/Src/stm32l4xx_hal_rcc_ex.c **** #if !defined(RCC_PLLSAI2M_DIV_1_16_SUPPORT)
3132:Drivers/STM32L4xx_HAL_Driver/Src/stm32l4xx_hal_rcc_ex.c ****        ||
3133:Drivers/STM32L4xx_HAL_Driver/Src/stm32l4xx_hal_rcc_ex.c ****        (((READ_BIT(RCC->PLLCFGR, RCC_PLLCFGR_PLLM) >> RCC_PLLCFGR_PLLM_Pos) + 1U) != PllSai2->PLLSA
3134:Drivers/STM32L4xx_HAL_Driver/Src/stm32l4xx_hal_rcc_ex.c **** #endif
3135:Drivers/STM32L4xx_HAL_Driver/Src/stm32l4xx_hal_rcc_ex.c ****       )
3136:Drivers/STM32L4xx_HAL_Driver/Src/stm32l4xx_hal_rcc_ex.c ****     {
3137:Drivers/STM32L4xx_HAL_Driver/Src/stm32l4xx_hal_rcc_ex.c ****       status = HAL_ERROR;
3138:Drivers/STM32L4xx_HAL_Driver/Src/stm32l4xx_hal_rcc_ex.c ****     }
3139:Drivers/STM32L4xx_HAL_Driver/Src/stm32l4xx_hal_rcc_ex.c ****   }
3140:Drivers/STM32L4xx_HAL_Driver/Src/stm32l4xx_hal_rcc_ex.c ****   else
3141:Drivers/STM32L4xx_HAL_Driver/Src/stm32l4xx_hal_rcc_ex.c ****   {
3142:Drivers/STM32L4xx_HAL_Driver/Src/stm32l4xx_hal_rcc_ex.c ****     /* Check PLLSAI2 clock source availability */
3143:Drivers/STM32L4xx_HAL_Driver/Src/stm32l4xx_hal_rcc_ex.c ****     switch(PllSai2->PLLSAI2Source)
3144:Drivers/STM32L4xx_HAL_Driver/Src/stm32l4xx_hal_rcc_ex.c ****     {
3145:Drivers/STM32L4xx_HAL_Driver/Src/stm32l4xx_hal_rcc_ex.c ****     case RCC_PLLSOURCE_MSI:
3146:Drivers/STM32L4xx_HAL_Driver/Src/stm32l4xx_hal_rcc_ex.c ****       if(HAL_IS_BIT_CLR(RCC->CR, RCC_CR_MSIRDY))
3147:Drivers/STM32L4xx_HAL_Driver/Src/stm32l4xx_hal_rcc_ex.c ****       {
3148:Drivers/STM32L4xx_HAL_Driver/Src/stm32l4xx_hal_rcc_ex.c ****         status = HAL_ERROR;
3149:Drivers/STM32L4xx_HAL_Driver/Src/stm32l4xx_hal_rcc_ex.c ****       }
3150:Drivers/STM32L4xx_HAL_Driver/Src/stm32l4xx_hal_rcc_ex.c ****       break;
3151:Drivers/STM32L4xx_HAL_Driver/Src/stm32l4xx_hal_rcc_ex.c ****     case RCC_PLLSOURCE_HSI:
3152:Drivers/STM32L4xx_HAL_Driver/Src/stm32l4xx_hal_rcc_ex.c ****       if(HAL_IS_BIT_CLR(RCC->CR, RCC_CR_HSIRDY))
3153:Drivers/STM32L4xx_HAL_Driver/Src/stm32l4xx_hal_rcc_ex.c ****       {
3154:Drivers/STM32L4xx_HAL_Driver/Src/stm32l4xx_hal_rcc_ex.c ****         status = HAL_ERROR;
3155:Drivers/STM32L4xx_HAL_Driver/Src/stm32l4xx_hal_rcc_ex.c ****       }
3156:Drivers/STM32L4xx_HAL_Driver/Src/stm32l4xx_hal_rcc_ex.c ****       break;
3157:Drivers/STM32L4xx_HAL_Driver/Src/stm32l4xx_hal_rcc_ex.c ****     case RCC_PLLSOURCE_HSE:
3158:Drivers/STM32L4xx_HAL_Driver/Src/stm32l4xx_hal_rcc_ex.c ****       if(HAL_IS_BIT_CLR(RCC->CR, RCC_CR_HSERDY))
3159:Drivers/STM32L4xx_HAL_Driver/Src/stm32l4xx_hal_rcc_ex.c ****       {
3160:Drivers/STM32L4xx_HAL_Driver/Src/stm32l4xx_hal_rcc_ex.c ****         if(HAL_IS_BIT_CLR(RCC->CR, RCC_CR_HSEBYP))
3161:Drivers/STM32L4xx_HAL_Driver/Src/stm32l4xx_hal_rcc_ex.c ****         {
3162:Drivers/STM32L4xx_HAL_Driver/Src/stm32l4xx_hal_rcc_ex.c ****           status = HAL_ERROR;
3163:Drivers/STM32L4xx_HAL_Driver/Src/stm32l4xx_hal_rcc_ex.c ****         }
3164:Drivers/STM32L4xx_HAL_Driver/Src/stm32l4xx_hal_rcc_ex.c ****       }
3165:Drivers/STM32L4xx_HAL_Driver/Src/stm32l4xx_hal_rcc_ex.c ****       break;
ARM GAS  /tmp/cc4nR4Y7.s 			page 57


3166:Drivers/STM32L4xx_HAL_Driver/Src/stm32l4xx_hal_rcc_ex.c ****     default:
3167:Drivers/STM32L4xx_HAL_Driver/Src/stm32l4xx_hal_rcc_ex.c ****       status = HAL_ERROR;
3168:Drivers/STM32L4xx_HAL_Driver/Src/stm32l4xx_hal_rcc_ex.c ****       break;
3169:Drivers/STM32L4xx_HAL_Driver/Src/stm32l4xx_hal_rcc_ex.c ****     }
3170:Drivers/STM32L4xx_HAL_Driver/Src/stm32l4xx_hal_rcc_ex.c **** 
3171:Drivers/STM32L4xx_HAL_Driver/Src/stm32l4xx_hal_rcc_ex.c ****     if(status == HAL_OK)
3172:Drivers/STM32L4xx_HAL_Driver/Src/stm32l4xx_hal_rcc_ex.c ****     {
3173:Drivers/STM32L4xx_HAL_Driver/Src/stm32l4xx_hal_rcc_ex.c **** #if defined(RCC_PLLSAI2M_DIV_1_16_SUPPORT)
3174:Drivers/STM32L4xx_HAL_Driver/Src/stm32l4xx_hal_rcc_ex.c ****       /* Set PLLSAI2 clock source */
3175:Drivers/STM32L4xx_HAL_Driver/Src/stm32l4xx_hal_rcc_ex.c ****       MODIFY_REG(RCC->PLLCFGR, RCC_PLLCFGR_PLLSRC, PllSai2->PLLSAI2Source);
3176:Drivers/STM32L4xx_HAL_Driver/Src/stm32l4xx_hal_rcc_ex.c **** #else
3177:Drivers/STM32L4xx_HAL_Driver/Src/stm32l4xx_hal_rcc_ex.c ****       /* Set PLLSAI2 clock source and divider M */
3178:Drivers/STM32L4xx_HAL_Driver/Src/stm32l4xx_hal_rcc_ex.c ****       MODIFY_REG(RCC->PLLCFGR, RCC_PLLCFGR_PLLSRC | RCC_PLLCFGR_PLLM, PllSai2->PLLSAI2Source | (Pll
3179:Drivers/STM32L4xx_HAL_Driver/Src/stm32l4xx_hal_rcc_ex.c **** #endif
3180:Drivers/STM32L4xx_HAL_Driver/Src/stm32l4xx_hal_rcc_ex.c ****     }
3181:Drivers/STM32L4xx_HAL_Driver/Src/stm32l4xx_hal_rcc_ex.c ****   }
3182:Drivers/STM32L4xx_HAL_Driver/Src/stm32l4xx_hal_rcc_ex.c **** 
3183:Drivers/STM32L4xx_HAL_Driver/Src/stm32l4xx_hal_rcc_ex.c ****   if(status == HAL_OK)
3184:Drivers/STM32L4xx_HAL_Driver/Src/stm32l4xx_hal_rcc_ex.c ****   {
3185:Drivers/STM32L4xx_HAL_Driver/Src/stm32l4xx_hal_rcc_ex.c ****     /* Disable the PLLSAI2 */
3186:Drivers/STM32L4xx_HAL_Driver/Src/stm32l4xx_hal_rcc_ex.c ****     __HAL_RCC_PLLSAI2_DISABLE();
3187:Drivers/STM32L4xx_HAL_Driver/Src/stm32l4xx_hal_rcc_ex.c **** 
3188:Drivers/STM32L4xx_HAL_Driver/Src/stm32l4xx_hal_rcc_ex.c ****     /* Get Start Tick*/
3189:Drivers/STM32L4xx_HAL_Driver/Src/stm32l4xx_hal_rcc_ex.c ****     tickstart = HAL_GetTick();
3190:Drivers/STM32L4xx_HAL_Driver/Src/stm32l4xx_hal_rcc_ex.c **** 
3191:Drivers/STM32L4xx_HAL_Driver/Src/stm32l4xx_hal_rcc_ex.c ****     /* Wait till PLLSAI2 is ready to be updated */
3192:Drivers/STM32L4xx_HAL_Driver/Src/stm32l4xx_hal_rcc_ex.c ****     while(READ_BIT(RCC->CR, RCC_CR_PLLSAI2RDY) != 0U)
3193:Drivers/STM32L4xx_HAL_Driver/Src/stm32l4xx_hal_rcc_ex.c ****     {
3194:Drivers/STM32L4xx_HAL_Driver/Src/stm32l4xx_hal_rcc_ex.c ****       if((HAL_GetTick() - tickstart) > PLLSAI2_TIMEOUT_VALUE)
3195:Drivers/STM32L4xx_HAL_Driver/Src/stm32l4xx_hal_rcc_ex.c ****       {
3196:Drivers/STM32L4xx_HAL_Driver/Src/stm32l4xx_hal_rcc_ex.c ****         status = HAL_TIMEOUT;
3197:Drivers/STM32L4xx_HAL_Driver/Src/stm32l4xx_hal_rcc_ex.c ****         break;
3198:Drivers/STM32L4xx_HAL_Driver/Src/stm32l4xx_hal_rcc_ex.c ****       }
3199:Drivers/STM32L4xx_HAL_Driver/Src/stm32l4xx_hal_rcc_ex.c ****     }
3200:Drivers/STM32L4xx_HAL_Driver/Src/stm32l4xx_hal_rcc_ex.c **** 
3201:Drivers/STM32L4xx_HAL_Driver/Src/stm32l4xx_hal_rcc_ex.c ****     if(status == HAL_OK)
3202:Drivers/STM32L4xx_HAL_Driver/Src/stm32l4xx_hal_rcc_ex.c ****     {
3203:Drivers/STM32L4xx_HAL_Driver/Src/stm32l4xx_hal_rcc_ex.c ****       if(Divider == DIVIDER_P_UPDATE)
3204:Drivers/STM32L4xx_HAL_Driver/Src/stm32l4xx_hal_rcc_ex.c ****       {
3205:Drivers/STM32L4xx_HAL_Driver/Src/stm32l4xx_hal_rcc_ex.c ****         assert_param(IS_RCC_PLLSAI2P_VALUE(PllSai2->PLLSAI2P));
3206:Drivers/STM32L4xx_HAL_Driver/Src/stm32l4xx_hal_rcc_ex.c **** #if defined(RCC_PLLSAI2M_DIV_1_16_SUPPORT)
3207:Drivers/STM32L4xx_HAL_Driver/Src/stm32l4xx_hal_rcc_ex.c **** 
3208:Drivers/STM32L4xx_HAL_Driver/Src/stm32l4xx_hal_rcc_ex.c ****         /* Configure the PLLSAI2 Division factor M, P and Multiplication factor N*/
3209:Drivers/STM32L4xx_HAL_Driver/Src/stm32l4xx_hal_rcc_ex.c **** #if defined(RCC_PLLSAI2P_DIV_2_31_SUPPORT)
3210:Drivers/STM32L4xx_HAL_Driver/Src/stm32l4xx_hal_rcc_ex.c ****         MODIFY_REG(RCC->PLLSAI2CFGR,
3211:Drivers/STM32L4xx_HAL_Driver/Src/stm32l4xx_hal_rcc_ex.c ****                    RCC_PLLSAI2CFGR_PLLSAI2N | RCC_PLLSAI2CFGR_PLLSAI2PDIV | RCC_PLLSAI2CFGR_PLLSAI2
3212:Drivers/STM32L4xx_HAL_Driver/Src/stm32l4xx_hal_rcc_ex.c ****                    (PllSai2->PLLSAI2N << RCC_PLLSAI2CFGR_PLLSAI2N_Pos) |
3213:Drivers/STM32L4xx_HAL_Driver/Src/stm32l4xx_hal_rcc_ex.c ****                    (PllSai2->PLLSAI2P << RCC_PLLSAI2CFGR_PLLSAI2PDIV_Pos) |
3214:Drivers/STM32L4xx_HAL_Driver/Src/stm32l4xx_hal_rcc_ex.c ****                    ((PllSai2->PLLSAI2M - 1U) << RCC_PLLSAI2CFGR_PLLSAI2M_Pos));
3215:Drivers/STM32L4xx_HAL_Driver/Src/stm32l4xx_hal_rcc_ex.c **** #else
3216:Drivers/STM32L4xx_HAL_Driver/Src/stm32l4xx_hal_rcc_ex.c ****         MODIFY_REG(RCC->PLLSAI2CFGR,
3217:Drivers/STM32L4xx_HAL_Driver/Src/stm32l4xx_hal_rcc_ex.c ****                    RCC_PLLSAI2CFGR_PLLSAI2N | RCC_PLLSAI2CFGR_PLLSAI2P | RCC_PLLSAI2CFGR_PLLSAI2M,
3218:Drivers/STM32L4xx_HAL_Driver/Src/stm32l4xx_hal_rcc_ex.c ****                    (PllSai2->PLLSAI2N << RCC_PLLSAI2CFGR_PLLSAI2N_Pos) |
3219:Drivers/STM32L4xx_HAL_Driver/Src/stm32l4xx_hal_rcc_ex.c ****                    ((PllSai2->PLLSAI2P >> 4U) << RCC_PLLSAI2CFGR_PLLSAI2P_Pos) |
3220:Drivers/STM32L4xx_HAL_Driver/Src/stm32l4xx_hal_rcc_ex.c ****                    ((PllSai2->PLLSAI2M - 1U) << RCC_PLLSAI2CFGR_PLLSAI2M_Pos));
3221:Drivers/STM32L4xx_HAL_Driver/Src/stm32l4xx_hal_rcc_ex.c **** #endif /* RCC_PLLSAI2P_DIV_2_31_SUPPORT */
3222:Drivers/STM32L4xx_HAL_Driver/Src/stm32l4xx_hal_rcc_ex.c **** 
ARM GAS  /tmp/cc4nR4Y7.s 			page 58


3223:Drivers/STM32L4xx_HAL_Driver/Src/stm32l4xx_hal_rcc_ex.c **** #else
3224:Drivers/STM32L4xx_HAL_Driver/Src/stm32l4xx_hal_rcc_ex.c ****         /* Configure the PLLSAI2 Division factor P and Multiplication factor N*/
3225:Drivers/STM32L4xx_HAL_Driver/Src/stm32l4xx_hal_rcc_ex.c **** #if defined(RCC_PLLSAI2P_DIV_2_31_SUPPORT)
3226:Drivers/STM32L4xx_HAL_Driver/Src/stm32l4xx_hal_rcc_ex.c ****         MODIFY_REG(RCC->PLLSAI2CFGR,
3227:Drivers/STM32L4xx_HAL_Driver/Src/stm32l4xx_hal_rcc_ex.c ****                    RCC_PLLSAI2CFGR_PLLSAI2N | RCC_PLLSAI2CFGR_PLLSAI2PDIV,
3228:Drivers/STM32L4xx_HAL_Driver/Src/stm32l4xx_hal_rcc_ex.c ****                    (PllSai2->PLLSAI2N << RCC_PLLSAI2CFGR_PLLSAI2N_Pos) |
3229:Drivers/STM32L4xx_HAL_Driver/Src/stm32l4xx_hal_rcc_ex.c ****                    (PllSai2->PLLSAI2P << RCC_PLLSAI2CFGR_PLLSAI2PDIV_Pos));
3230:Drivers/STM32L4xx_HAL_Driver/Src/stm32l4xx_hal_rcc_ex.c **** #else
3231:Drivers/STM32L4xx_HAL_Driver/Src/stm32l4xx_hal_rcc_ex.c ****         MODIFY_REG(RCC->PLLSAI2CFGR,
3232:Drivers/STM32L4xx_HAL_Driver/Src/stm32l4xx_hal_rcc_ex.c ****                    RCC_PLLSAI2CFGR_PLLSAI2N | RCC_PLLSAI2CFGR_PLLSAI2P,
3233:Drivers/STM32L4xx_HAL_Driver/Src/stm32l4xx_hal_rcc_ex.c ****                    (PllSai2->PLLSAI2N << RCC_PLLSAI2CFGR_PLLSAI2N_Pos) |
3234:Drivers/STM32L4xx_HAL_Driver/Src/stm32l4xx_hal_rcc_ex.c ****                    ((PllSai2->PLLSAI2P >> 4U) << RCC_PLLSAI2CFGR_PLLSAI2P_Pos));
3235:Drivers/STM32L4xx_HAL_Driver/Src/stm32l4xx_hal_rcc_ex.c **** #endif /* RCC_PLLSAI2P_DIV_2_31_SUPPORT */
3236:Drivers/STM32L4xx_HAL_Driver/Src/stm32l4xx_hal_rcc_ex.c **** 
3237:Drivers/STM32L4xx_HAL_Driver/Src/stm32l4xx_hal_rcc_ex.c **** #endif /* RCC_PLLSAI2M_DIV_1_16_SUPPORT */
3238:Drivers/STM32L4xx_HAL_Driver/Src/stm32l4xx_hal_rcc_ex.c ****       }
3239:Drivers/STM32L4xx_HAL_Driver/Src/stm32l4xx_hal_rcc_ex.c **** #if defined(RCC_PLLSAI2Q_DIV_SUPPORT)
3240:Drivers/STM32L4xx_HAL_Driver/Src/stm32l4xx_hal_rcc_ex.c ****       else if(Divider == DIVIDER_Q_UPDATE)
3241:Drivers/STM32L4xx_HAL_Driver/Src/stm32l4xx_hal_rcc_ex.c ****       {
3242:Drivers/STM32L4xx_HAL_Driver/Src/stm32l4xx_hal_rcc_ex.c ****         assert_param(IS_RCC_PLLSAI2Q_VALUE(PllSai2->PLLSAI2Q));
3243:Drivers/STM32L4xx_HAL_Driver/Src/stm32l4xx_hal_rcc_ex.c **** #if defined(RCC_PLLSAI2M_DIV_1_16_SUPPORT)
3244:Drivers/STM32L4xx_HAL_Driver/Src/stm32l4xx_hal_rcc_ex.c ****         /* Configure the PLLSAI2 Division factor M, Q and Multiplication factor N*/
3245:Drivers/STM32L4xx_HAL_Driver/Src/stm32l4xx_hal_rcc_ex.c ****         MODIFY_REG(RCC->PLLSAI2CFGR,
3246:Drivers/STM32L4xx_HAL_Driver/Src/stm32l4xx_hal_rcc_ex.c ****                    RCC_PLLSAI2CFGR_PLLSAI2N | RCC_PLLSAI2CFGR_PLLSAI2Q | RCC_PLLSAI2CFGR_PLLSAI2M,
3247:Drivers/STM32L4xx_HAL_Driver/Src/stm32l4xx_hal_rcc_ex.c ****                    (PllSai2->PLLSAI2N << RCC_PLLSAI2CFGR_PLLSAI2N_Pos) |
3248:Drivers/STM32L4xx_HAL_Driver/Src/stm32l4xx_hal_rcc_ex.c ****                    (((PllSai2->PLLSAI2Q >> 1U) - 1U) << RCC_PLLSAI2CFGR_PLLSAI2Q_Pos) |
3249:Drivers/STM32L4xx_HAL_Driver/Src/stm32l4xx_hal_rcc_ex.c ****                    ((PllSai2->PLLSAI2M - 1U) << RCC_PLLSAI2CFGR_PLLSAI2M_Pos));
3250:Drivers/STM32L4xx_HAL_Driver/Src/stm32l4xx_hal_rcc_ex.c **** #else
3251:Drivers/STM32L4xx_HAL_Driver/Src/stm32l4xx_hal_rcc_ex.c ****         /* Configure the PLLSAI2 Division factor Q and Multiplication factor N*/
3252:Drivers/STM32L4xx_HAL_Driver/Src/stm32l4xx_hal_rcc_ex.c ****         MODIFY_REG(RCC->PLLSAI2CFGR,
3253:Drivers/STM32L4xx_HAL_Driver/Src/stm32l4xx_hal_rcc_ex.c ****                    RCC_PLLSAI2CFGR_PLLSAI2N | RCC_PLLSAI2CFGR_PLLSAI2Q,
3254:Drivers/STM32L4xx_HAL_Driver/Src/stm32l4xx_hal_rcc_ex.c ****                    (PllSai2->PLLSAI2N << RCC_PLLSAI2CFGR_PLLSAI2N_Pos) |
3255:Drivers/STM32L4xx_HAL_Driver/Src/stm32l4xx_hal_rcc_ex.c ****                    (((PllSai2->PLLSAI2Q >> 1U) - 1U) << RCC_PLLSAI2CFGR_PLLSAI2Q_Pos));
3256:Drivers/STM32L4xx_HAL_Driver/Src/stm32l4xx_hal_rcc_ex.c **** #endif /* RCC_PLLSAI2M_DIV_1_16_SUPPORT */
3257:Drivers/STM32L4xx_HAL_Driver/Src/stm32l4xx_hal_rcc_ex.c ****       }
3258:Drivers/STM32L4xx_HAL_Driver/Src/stm32l4xx_hal_rcc_ex.c **** #endif /* RCC_PLLSAI2Q_DIV_SUPPORT */
3259:Drivers/STM32L4xx_HAL_Driver/Src/stm32l4xx_hal_rcc_ex.c ****       else
3260:Drivers/STM32L4xx_HAL_Driver/Src/stm32l4xx_hal_rcc_ex.c ****       {
3261:Drivers/STM32L4xx_HAL_Driver/Src/stm32l4xx_hal_rcc_ex.c ****         assert_param(IS_RCC_PLLSAI2R_VALUE(PllSai2->PLLSAI2R));
3262:Drivers/STM32L4xx_HAL_Driver/Src/stm32l4xx_hal_rcc_ex.c **** #if defined(RCC_PLLSAI2M_DIV_1_16_SUPPORT)
3263:Drivers/STM32L4xx_HAL_Driver/Src/stm32l4xx_hal_rcc_ex.c ****         /* Configure the PLLSAI2 Division factor M, R and Multiplication factor N*/
3264:Drivers/STM32L4xx_HAL_Driver/Src/stm32l4xx_hal_rcc_ex.c ****         MODIFY_REG(RCC->PLLSAI2CFGR,
3265:Drivers/STM32L4xx_HAL_Driver/Src/stm32l4xx_hal_rcc_ex.c ****                    RCC_PLLSAI2CFGR_PLLSAI2N | RCC_PLLSAI2CFGR_PLLSAI2R | RCC_PLLSAI2CFGR_PLLSAI2M,
3266:Drivers/STM32L4xx_HAL_Driver/Src/stm32l4xx_hal_rcc_ex.c ****                    (PllSai2->PLLSAI2N << RCC_PLLSAI2CFGR_PLLSAI2N_Pos) |
3267:Drivers/STM32L4xx_HAL_Driver/Src/stm32l4xx_hal_rcc_ex.c ****                    (((PllSai2->PLLSAI2R >> 1U) - 1U) << RCC_PLLSAI2CFGR_PLLSAI2R_Pos) |
3268:Drivers/STM32L4xx_HAL_Driver/Src/stm32l4xx_hal_rcc_ex.c ****                    ((PllSai2->PLLSAI2M - 1U) << RCC_PLLSAI2CFGR_PLLSAI2M_Pos));
3269:Drivers/STM32L4xx_HAL_Driver/Src/stm32l4xx_hal_rcc_ex.c **** #else
3270:Drivers/STM32L4xx_HAL_Driver/Src/stm32l4xx_hal_rcc_ex.c ****         /* Configure the PLLSAI2 Division factor R and Multiplication factor N*/
3271:Drivers/STM32L4xx_HAL_Driver/Src/stm32l4xx_hal_rcc_ex.c ****         MODIFY_REG(RCC->PLLSAI2CFGR,
3272:Drivers/STM32L4xx_HAL_Driver/Src/stm32l4xx_hal_rcc_ex.c ****                    RCC_PLLSAI2CFGR_PLLSAI2N | RCC_PLLSAI2CFGR_PLLSAI2R,
3273:Drivers/STM32L4xx_HAL_Driver/Src/stm32l4xx_hal_rcc_ex.c ****                    (PllSai2->PLLSAI2N << RCC_PLLSAI2CFGR_PLLSAI2N_Pos) |
3274:Drivers/STM32L4xx_HAL_Driver/Src/stm32l4xx_hal_rcc_ex.c ****                    (((PllSai2->PLLSAI2R >> 1U) - 1U) << RCC_PLLSAI2CFGR_PLLSAI2R_Pos));
3275:Drivers/STM32L4xx_HAL_Driver/Src/stm32l4xx_hal_rcc_ex.c **** #endif /* RCC_PLLSAI2M_DIV_1_16_SUPPORT */
3276:Drivers/STM32L4xx_HAL_Driver/Src/stm32l4xx_hal_rcc_ex.c ****       }
3277:Drivers/STM32L4xx_HAL_Driver/Src/stm32l4xx_hal_rcc_ex.c **** 
3278:Drivers/STM32L4xx_HAL_Driver/Src/stm32l4xx_hal_rcc_ex.c ****       /* Enable the PLLSAI2 again by setting PLLSAI2ON to 1*/
3279:Drivers/STM32L4xx_HAL_Driver/Src/stm32l4xx_hal_rcc_ex.c ****       __HAL_RCC_PLLSAI2_ENABLE();
ARM GAS  /tmp/cc4nR4Y7.s 			page 59


3280:Drivers/STM32L4xx_HAL_Driver/Src/stm32l4xx_hal_rcc_ex.c **** 
3281:Drivers/STM32L4xx_HAL_Driver/Src/stm32l4xx_hal_rcc_ex.c ****       /* Get Start Tick*/
3282:Drivers/STM32L4xx_HAL_Driver/Src/stm32l4xx_hal_rcc_ex.c ****       tickstart = HAL_GetTick();
3283:Drivers/STM32L4xx_HAL_Driver/Src/stm32l4xx_hal_rcc_ex.c **** 
3284:Drivers/STM32L4xx_HAL_Driver/Src/stm32l4xx_hal_rcc_ex.c ****       /* Wait till PLLSAI2 is ready */
3285:Drivers/STM32L4xx_HAL_Driver/Src/stm32l4xx_hal_rcc_ex.c ****       while(READ_BIT(RCC->CR, RCC_CR_PLLSAI2RDY) == 0U)
3286:Drivers/STM32L4xx_HAL_Driver/Src/stm32l4xx_hal_rcc_ex.c ****       {
3287:Drivers/STM32L4xx_HAL_Driver/Src/stm32l4xx_hal_rcc_ex.c ****         if((HAL_GetTick() - tickstart) > PLLSAI2_TIMEOUT_VALUE)
3288:Drivers/STM32L4xx_HAL_Driver/Src/stm32l4xx_hal_rcc_ex.c ****         {
3289:Drivers/STM32L4xx_HAL_Driver/Src/stm32l4xx_hal_rcc_ex.c ****           status = HAL_TIMEOUT;
3290:Drivers/STM32L4xx_HAL_Driver/Src/stm32l4xx_hal_rcc_ex.c ****           break;
3291:Drivers/STM32L4xx_HAL_Driver/Src/stm32l4xx_hal_rcc_ex.c ****         }
3292:Drivers/STM32L4xx_HAL_Driver/Src/stm32l4xx_hal_rcc_ex.c ****       }
3293:Drivers/STM32L4xx_HAL_Driver/Src/stm32l4xx_hal_rcc_ex.c **** 
3294:Drivers/STM32L4xx_HAL_Driver/Src/stm32l4xx_hal_rcc_ex.c ****       if(status == HAL_OK)
3295:Drivers/STM32L4xx_HAL_Driver/Src/stm32l4xx_hal_rcc_ex.c ****       {
3296:Drivers/STM32L4xx_HAL_Driver/Src/stm32l4xx_hal_rcc_ex.c ****         /* Configure the PLLSAI2 Clock output(s) */
3297:Drivers/STM32L4xx_HAL_Driver/Src/stm32l4xx_hal_rcc_ex.c ****         __HAL_RCC_PLLSAI2CLKOUT_ENABLE(PllSai2->PLLSAI2ClockOut);
3298:Drivers/STM32L4xx_HAL_Driver/Src/stm32l4xx_hal_rcc_ex.c ****       }
3299:Drivers/STM32L4xx_HAL_Driver/Src/stm32l4xx_hal_rcc_ex.c ****     }
3300:Drivers/STM32L4xx_HAL_Driver/Src/stm32l4xx_hal_rcc_ex.c ****   }
3301:Drivers/STM32L4xx_HAL_Driver/Src/stm32l4xx_hal_rcc_ex.c **** 
3302:Drivers/STM32L4xx_HAL_Driver/Src/stm32l4xx_hal_rcc_ex.c ****   return status;
3303:Drivers/STM32L4xx_HAL_Driver/Src/stm32l4xx_hal_rcc_ex.c **** }
3304:Drivers/STM32L4xx_HAL_Driver/Src/stm32l4xx_hal_rcc_ex.c **** 
3305:Drivers/STM32L4xx_HAL_Driver/Src/stm32l4xx_hal_rcc_ex.c **** #endif /* RCC_PLLSAI2_SUPPORT */
3306:Drivers/STM32L4xx_HAL_Driver/Src/stm32l4xx_hal_rcc_ex.c **** 
3307:Drivers/STM32L4xx_HAL_Driver/Src/stm32l4xx_hal_rcc_ex.c **** #if defined(SAI1)
3308:Drivers/STM32L4xx_HAL_Driver/Src/stm32l4xx_hal_rcc_ex.c **** 
3309:Drivers/STM32L4xx_HAL_Driver/Src/stm32l4xx_hal_rcc_ex.c **** static uint32_t RCCEx_GetSAIxPeriphCLKFreq(uint32_t PeriphClk, uint32_t InputFrequency)
3310:Drivers/STM32L4xx_HAL_Driver/Src/stm32l4xx_hal_rcc_ex.c **** {
  29              		.loc 1 3310 1 view -0
  30              		.cfi_startproc
  31              		@ args = 0, pretend = 0, frame = 0
  32              		@ frame_needed = 0, uses_anonymous_args = 0
  33              		@ link register save eliminated.
3311:Drivers/STM32L4xx_HAL_Driver/Src/stm32l4xx_hal_rcc_ex.c ****   uint32_t frequency = 0U;
  34              		.loc 1 3311 3 view .LVU1
3312:Drivers/STM32L4xx_HAL_Driver/Src/stm32l4xx_hal_rcc_ex.c ****   uint32_t srcclk = 0U;
  35              		.loc 1 3312 3 view .LVU2
3313:Drivers/STM32L4xx_HAL_Driver/Src/stm32l4xx_hal_rcc_ex.c ****   uint32_t pllvco, plln;    /* no init needed */
  36              		.loc 1 3313 3 view .LVU3
3314:Drivers/STM32L4xx_HAL_Driver/Src/stm32l4xx_hal_rcc_ex.c **** #if defined(RCC_PLLP_SUPPORT)
3315:Drivers/STM32L4xx_HAL_Driver/Src/stm32l4xx_hal_rcc_ex.c ****   uint32_t pllp = 0U;
  37              		.loc 1 3315 3 view .LVU4
3316:Drivers/STM32L4xx_HAL_Driver/Src/stm32l4xx_hal_rcc_ex.c **** #endif /* RCC_PLLP_SUPPORT */
3317:Drivers/STM32L4xx_HAL_Driver/Src/stm32l4xx_hal_rcc_ex.c **** 
3318:Drivers/STM32L4xx_HAL_Driver/Src/stm32l4xx_hal_rcc_ex.c ****   /* Handle SAIs */
3319:Drivers/STM32L4xx_HAL_Driver/Src/stm32l4xx_hal_rcc_ex.c ****   if(PeriphClk == RCC_PERIPHCLK_SAI1)
  38              		.loc 1 3319 3 view .LVU5
  39              		.loc 1 3319 5 is_stmt 0 view .LVU6
  40 0000 B0F5006F 		cmp	r0, #2048
  41 0004 2BD0     		beq	.L19
3320:Drivers/STM32L4xx_HAL_Driver/Src/stm32l4xx_hal_rcc_ex.c ****   {
3321:Drivers/STM32L4xx_HAL_Driver/Src/stm32l4xx_hal_rcc_ex.c ****     srcclk = __HAL_RCC_GET_SAI1_SOURCE();
3322:Drivers/STM32L4xx_HAL_Driver/Src/stm32l4xx_hal_rcc_ex.c ****     if(srcclk == RCC_SAI1CLKSOURCE_PIN)
3323:Drivers/STM32L4xx_HAL_Driver/Src/stm32l4xx_hal_rcc_ex.c ****     {
ARM GAS  /tmp/cc4nR4Y7.s 			page 60


3324:Drivers/STM32L4xx_HAL_Driver/Src/stm32l4xx_hal_rcc_ex.c ****       frequency = EXTERNAL_SAI1_CLOCK_VALUE;
3325:Drivers/STM32L4xx_HAL_Driver/Src/stm32l4xx_hal_rcc_ex.c ****     }
3326:Drivers/STM32L4xx_HAL_Driver/Src/stm32l4xx_hal_rcc_ex.c ****     /* Else, PLL clock output to check below */
3327:Drivers/STM32L4xx_HAL_Driver/Src/stm32l4xx_hal_rcc_ex.c ****   }
3328:Drivers/STM32L4xx_HAL_Driver/Src/stm32l4xx_hal_rcc_ex.c **** #if defined(SAI2)
3329:Drivers/STM32L4xx_HAL_Driver/Src/stm32l4xx_hal_rcc_ex.c ****   else
3330:Drivers/STM32L4xx_HAL_Driver/Src/stm32l4xx_hal_rcc_ex.c ****   {
3331:Drivers/STM32L4xx_HAL_Driver/Src/stm32l4xx_hal_rcc_ex.c ****     if(PeriphClk == RCC_PERIPHCLK_SAI2)
  42              		.loc 1 3331 5 is_stmt 1 view .LVU7
  43              		.loc 1 3331 7 is_stmt 0 view .LVU8
  44 0006 B0F5805F 		cmp	r0, #4096
  45 000a 32D0     		beq	.L20
3312:Drivers/STM32L4xx_HAL_Driver/Src/stm32l4xx_hal_rcc_ex.c ****   uint32_t pllvco, plln;    /* no init needed */
  46              		.loc 1 3312 12 view .LVU9
  47 000c 0023     		movs	r3, #0
  48              	.LVL1:
  49              	.L4:
3332:Drivers/STM32L4xx_HAL_Driver/Src/stm32l4xx_hal_rcc_ex.c ****     {
3333:Drivers/STM32L4xx_HAL_Driver/Src/stm32l4xx_hal_rcc_ex.c ****       srcclk = __HAL_RCC_GET_SAI2_SOURCE();
3334:Drivers/STM32L4xx_HAL_Driver/Src/stm32l4xx_hal_rcc_ex.c ****       if(srcclk == RCC_SAI2CLKSOURCE_PIN)
3335:Drivers/STM32L4xx_HAL_Driver/Src/stm32l4xx_hal_rcc_ex.c ****       {
3336:Drivers/STM32L4xx_HAL_Driver/Src/stm32l4xx_hal_rcc_ex.c ****         frequency = EXTERNAL_SAI2_CLOCK_VALUE;
3337:Drivers/STM32L4xx_HAL_Driver/Src/stm32l4xx_hal_rcc_ex.c ****       }
3338:Drivers/STM32L4xx_HAL_Driver/Src/stm32l4xx_hal_rcc_ex.c ****       /* Else, PLL clock output to check below */
3339:Drivers/STM32L4xx_HAL_Driver/Src/stm32l4xx_hal_rcc_ex.c ****     }
3340:Drivers/STM32L4xx_HAL_Driver/Src/stm32l4xx_hal_rcc_ex.c ****   }
3341:Drivers/STM32L4xx_HAL_Driver/Src/stm32l4xx_hal_rcc_ex.c **** #endif /* SAI2 */
3342:Drivers/STM32L4xx_HAL_Driver/Src/stm32l4xx_hal_rcc_ex.c **** 
3343:Drivers/STM32L4xx_HAL_Driver/Src/stm32l4xx_hal_rcc_ex.c ****   if(frequency == 0U)
3344:Drivers/STM32L4xx_HAL_Driver/Src/stm32l4xx_hal_rcc_ex.c ****   {
3345:Drivers/STM32L4xx_HAL_Driver/Src/stm32l4xx_hal_rcc_ex.c ****     pllvco = InputFrequency;
  50              		.loc 1 3345 5 is_stmt 1 view .LVU10
3346:Drivers/STM32L4xx_HAL_Driver/Src/stm32l4xx_hal_rcc_ex.c **** 
3347:Drivers/STM32L4xx_HAL_Driver/Src/stm32l4xx_hal_rcc_ex.c **** #if defined(SAI2)
3348:Drivers/STM32L4xx_HAL_Driver/Src/stm32l4xx_hal_rcc_ex.c ****     if((srcclk == RCC_SAI1CLKSOURCE_PLL) || (srcclk == RCC_SAI2CLKSOURCE_PLL))
  51              		.loc 1 3348 5 view .LVU11
  52              		.loc 1 3348 7 is_stmt 0 view .LVU12
  53 000e B3F5000F 		cmp	r3, #8388608
  54 0012 38D0     		beq	.L5
  55              		.loc 1 3348 42 discriminator 1 view .LVU13
  56 0014 B3F1007F 		cmp	r3, #33554432
  57 0018 35D0     		beq	.L5
3349:Drivers/STM32L4xx_HAL_Driver/Src/stm32l4xx_hal_rcc_ex.c ****     {
3350:Drivers/STM32L4xx_HAL_Driver/Src/stm32l4xx_hal_rcc_ex.c ****       if(HAL_IS_BIT_SET(RCC->CR, RCC_CR_PLLRDY) && (__HAL_RCC_GET_PLLCLKOUT_CONFIG(RCC_PLL_SAI3CLK)
3351:Drivers/STM32L4xx_HAL_Driver/Src/stm32l4xx_hal_rcc_ex.c ****       {
3352:Drivers/STM32L4xx_HAL_Driver/Src/stm32l4xx_hal_rcc_ex.c ****         /* f(PLL Source) / PLLM */
3353:Drivers/STM32L4xx_HAL_Driver/Src/stm32l4xx_hal_rcc_ex.c ****         pllvco = (pllvco / ((READ_BIT(RCC->PLLCFGR, RCC_PLLCFGR_PLLM) >> RCC_PLLCFGR_PLLM_Pos) + 1U
3354:Drivers/STM32L4xx_HAL_Driver/Src/stm32l4xx_hal_rcc_ex.c ****         /* f(PLLSAI3CLK) = f(VCO input) * PLLN / PLLP */
3355:Drivers/STM32L4xx_HAL_Driver/Src/stm32l4xx_hal_rcc_ex.c ****         plln = READ_BIT(RCC->PLLCFGR, RCC_PLLCFGR_PLLN) >> RCC_PLLCFGR_PLLN_Pos;
3356:Drivers/STM32L4xx_HAL_Driver/Src/stm32l4xx_hal_rcc_ex.c **** #if defined(RCC_PLLP_DIV_2_31_SUPPORT)
3357:Drivers/STM32L4xx_HAL_Driver/Src/stm32l4xx_hal_rcc_ex.c ****         pllp = READ_BIT(RCC->PLLCFGR, RCC_PLLCFGR_PLLPDIV) >> RCC_PLLCFGR_PLLPDIV_Pos;
3358:Drivers/STM32L4xx_HAL_Driver/Src/stm32l4xx_hal_rcc_ex.c **** #endif
3359:Drivers/STM32L4xx_HAL_Driver/Src/stm32l4xx_hal_rcc_ex.c ****         if(pllp == 0U)
3360:Drivers/STM32L4xx_HAL_Driver/Src/stm32l4xx_hal_rcc_ex.c ****         {
3361:Drivers/STM32L4xx_HAL_Driver/Src/stm32l4xx_hal_rcc_ex.c ****           if(READ_BIT(RCC->PLLCFGR, RCC_PLLCFGR_PLLP) != 0U)
3362:Drivers/STM32L4xx_HAL_Driver/Src/stm32l4xx_hal_rcc_ex.c ****           {
3363:Drivers/STM32L4xx_HAL_Driver/Src/stm32l4xx_hal_rcc_ex.c ****             pllp = 17U;
ARM GAS  /tmp/cc4nR4Y7.s 			page 61


3364:Drivers/STM32L4xx_HAL_Driver/Src/stm32l4xx_hal_rcc_ex.c ****           }
3365:Drivers/STM32L4xx_HAL_Driver/Src/stm32l4xx_hal_rcc_ex.c ****           else
3366:Drivers/STM32L4xx_HAL_Driver/Src/stm32l4xx_hal_rcc_ex.c ****           {
3367:Drivers/STM32L4xx_HAL_Driver/Src/stm32l4xx_hal_rcc_ex.c ****             pllp = 7U;
3368:Drivers/STM32L4xx_HAL_Driver/Src/stm32l4xx_hal_rcc_ex.c ****           }
3369:Drivers/STM32L4xx_HAL_Driver/Src/stm32l4xx_hal_rcc_ex.c ****         }
3370:Drivers/STM32L4xx_HAL_Driver/Src/stm32l4xx_hal_rcc_ex.c ****         frequency = (pllvco * plln) / pllp;
3371:Drivers/STM32L4xx_HAL_Driver/Src/stm32l4xx_hal_rcc_ex.c ****       }
3372:Drivers/STM32L4xx_HAL_Driver/Src/stm32l4xx_hal_rcc_ex.c ****     }
3373:Drivers/STM32L4xx_HAL_Driver/Src/stm32l4xx_hal_rcc_ex.c ****     else if(srcclk == 0U)  /* RCC_SAI1CLKSOURCE_PLLSAI1 || RCC_SAI2CLKSOURCE_PLLSAI1 */
  58              		.loc 1 3373 10 is_stmt 1 view .LVU14
  59              		.loc 1 3373 12 is_stmt 0 view .LVU15
  60 001a 002B     		cmp	r3, #0
  61 001c 54D1     		bne	.L8
3374:Drivers/STM32L4xx_HAL_Driver/Src/stm32l4xx_hal_rcc_ex.c ****     {
3375:Drivers/STM32L4xx_HAL_Driver/Src/stm32l4xx_hal_rcc_ex.c ****       if(HAL_IS_BIT_SET(RCC->CR, RCC_CR_PLLSAI1RDY) && (__HAL_RCC_GET_PLLSAI1CLKOUT_CONFIG(RCC_PLLS
  62              		.loc 1 3375 7 is_stmt 1 view .LVU16
  63              		.loc 1 3375 10 is_stmt 0 view .LVU17
  64 001e 03F18043 		add	r3, r3, #1073741824
  65 0022 03F50433 		add	r3, r3, #135168
  66 0026 1868     		ldr	r0, [r3]
  67              	.LVL2:
  68              		.loc 1 3375 9 view .LVU18
  69 0028 10F00060 		ands	r0, r0, #134217728
  70 002c 53D0     		beq	.L1
  71              		.loc 1 3375 57 discriminator 1 view .LVU19
  72 002e 1869     		ldr	r0, [r3, #16]
  73              		.loc 1 3375 53 discriminator 1 view .LVU20
  74 0030 10F48030 		ands	r0, r0, #65536
  75 0034 4FD0     		beq	.L1
3376:Drivers/STM32L4xx_HAL_Driver/Src/stm32l4xx_hal_rcc_ex.c ****       {
3377:Drivers/STM32L4xx_HAL_Driver/Src/stm32l4xx_hal_rcc_ex.c **** #if defined(RCC_PLLSAI1M_DIV_1_16_SUPPORT)
3378:Drivers/STM32L4xx_HAL_Driver/Src/stm32l4xx_hal_rcc_ex.c ****         /* PLLSAI1M exists: apply PLLSAI1M divider for PLLSAI1 output computation */
3379:Drivers/STM32L4xx_HAL_Driver/Src/stm32l4xx_hal_rcc_ex.c ****         /* f(PLLSAI1 Source) / PLLSAI1M */
3380:Drivers/STM32L4xx_HAL_Driver/Src/stm32l4xx_hal_rcc_ex.c ****         pllvco = (pllvco / ((READ_BIT(RCC->PLLSAI1CFGR, RCC_PLLSAI1CFGR_PLLSAI1M) >> RCC_PLLSAI1CFG
3381:Drivers/STM32L4xx_HAL_Driver/Src/stm32l4xx_hal_rcc_ex.c **** #else
3382:Drivers/STM32L4xx_HAL_Driver/Src/stm32l4xx_hal_rcc_ex.c ****         /* f(PLL Source) / PLLM */
3383:Drivers/STM32L4xx_HAL_Driver/Src/stm32l4xx_hal_rcc_ex.c ****         pllvco = (pllvco / ((READ_BIT(RCC->PLLCFGR, RCC_PLLCFGR_PLLM) >> RCC_PLLCFGR_PLLM_Pos) + 1U
  76              		.loc 1 3383 9 is_stmt 1 view .LVU21
  77              		.loc 1 3383 30 is_stmt 0 view .LVU22
  78 0036 1A46     		mov	r2, r3
  79 0038 D868     		ldr	r0, [r3, #12]
  80              		.loc 1 3383 71 view .LVU23
  81 003a C0F30210 		ubfx	r0, r0, #4, #3
  82              		.loc 1 3383 96 view .LVU24
  83 003e 0130     		adds	r0, r0, #1
  84              		.loc 1 3383 16 view .LVU25
  85 0040 B1FBF0F1 		udiv	r1, r1, r0
  86              	.LVL3:
3384:Drivers/STM32L4xx_HAL_Driver/Src/stm32l4xx_hal_rcc_ex.c **** #endif
3385:Drivers/STM32L4xx_HAL_Driver/Src/stm32l4xx_hal_rcc_ex.c ****         /* f(PLLSAI1CLK) = f(VCOSAI1 input) * PLLSAI1N / PLLSAI1P */
3386:Drivers/STM32L4xx_HAL_Driver/Src/stm32l4xx_hal_rcc_ex.c ****         plln = READ_BIT(RCC->PLLSAI1CFGR, RCC_PLLSAI1CFGR_PLLSAI1N) >> RCC_PLLSAI1CFGR_PLLSAI1N_Pos
  87              		.loc 1 3386 9 is_stmt 1 view .LVU26
  88              		.loc 1 3386 16 is_stmt 0 view .LVU27
  89 0044 1B69     		ldr	r3, [r3, #16]
  90              		.loc 1 3386 14 view .LVU28
  91 0046 C3F30623 		ubfx	r3, r3, #8, #7
ARM GAS  /tmp/cc4nR4Y7.s 			page 62


  92              	.LVL4:
3387:Drivers/STM32L4xx_HAL_Driver/Src/stm32l4xx_hal_rcc_ex.c **** #if defined(RCC_PLLSAI1P_DIV_2_31_SUPPORT)
3388:Drivers/STM32L4xx_HAL_Driver/Src/stm32l4xx_hal_rcc_ex.c ****         pllp = READ_BIT(RCC->PLLSAI1CFGR, RCC_PLLSAI1CFGR_PLLSAI1PDIV) >> RCC_PLLSAI1CFGR_PLLSAI1PD
3389:Drivers/STM32L4xx_HAL_Driver/Src/stm32l4xx_hal_rcc_ex.c **** #endif
3390:Drivers/STM32L4xx_HAL_Driver/Src/stm32l4xx_hal_rcc_ex.c ****         if(pllp == 0U)
  93              		.loc 1 3390 9 is_stmt 1 view .LVU29
3391:Drivers/STM32L4xx_HAL_Driver/Src/stm32l4xx_hal_rcc_ex.c ****         {
3392:Drivers/STM32L4xx_HAL_Driver/Src/stm32l4xx_hal_rcc_ex.c ****           if(READ_BIT(RCC->PLLSAI1CFGR, RCC_PLLSAI1CFGR_PLLSAI1P) != 0U)
  94              		.loc 1 3392 11 view .LVU30
  95              		.loc 1 3392 14 is_stmt 0 view .LVU31
  96 004a 1269     		ldr	r2, [r2, #16]
  97              		.loc 1 3392 13 view .LVU32
  98 004c 12F4003F 		tst	r2, #131072
  99 0050 38D0     		beq	.L16
3393:Drivers/STM32L4xx_HAL_Driver/Src/stm32l4xx_hal_rcc_ex.c ****           {
3394:Drivers/STM32L4xx_HAL_Driver/Src/stm32l4xx_hal_rcc_ex.c ****             pllp = 17U;
 100              		.loc 1 3394 18 view .LVU33
 101 0052 1122     		movs	r2, #17
 102              	.L9:
 103              	.LVL5:
3395:Drivers/STM32L4xx_HAL_Driver/Src/stm32l4xx_hal_rcc_ex.c ****           }
3396:Drivers/STM32L4xx_HAL_Driver/Src/stm32l4xx_hal_rcc_ex.c ****           else
3397:Drivers/STM32L4xx_HAL_Driver/Src/stm32l4xx_hal_rcc_ex.c ****           {
3398:Drivers/STM32L4xx_HAL_Driver/Src/stm32l4xx_hal_rcc_ex.c ****             pllp = 7U;
3399:Drivers/STM32L4xx_HAL_Driver/Src/stm32l4xx_hal_rcc_ex.c ****           }
3400:Drivers/STM32L4xx_HAL_Driver/Src/stm32l4xx_hal_rcc_ex.c ****         }
3401:Drivers/STM32L4xx_HAL_Driver/Src/stm32l4xx_hal_rcc_ex.c ****         frequency = (pllvco * plln) / pllp;
 104              		.loc 1 3401 9 is_stmt 1 view .LVU34
 105              		.loc 1 3401 29 is_stmt 0 view .LVU35
 106 0054 03FB01F0 		mul	r0, r3, r1
 107              		.loc 1 3401 19 view .LVU36
 108 0058 B0FBF2F0 		udiv	r0, r0, r2
 109              	.LVL6:
 110              		.loc 1 3401 19 view .LVU37
 111 005c 7047     		bx	lr
 112              	.LVL7:
 113              	.L19:
3321:Drivers/STM32L4xx_HAL_Driver/Src/stm32l4xx_hal_rcc_ex.c ****     if(srcclk == RCC_SAI1CLKSOURCE_PIN)
 114              		.loc 1 3321 5 is_stmt 1 view .LVU38
3321:Drivers/STM32L4xx_HAL_Driver/Src/stm32l4xx_hal_rcc_ex.c ****     if(srcclk == RCC_SAI1CLKSOURCE_PIN)
 115              		.loc 1 3321 14 is_stmt 0 view .LVU39
 116 005e 2E4B     		ldr	r3, .L21
 117 0060 D3F88830 		ldr	r3, [r3, #136]
3321:Drivers/STM32L4xx_HAL_Driver/Src/stm32l4xx_hal_rcc_ex.c ****     if(srcclk == RCC_SAI1CLKSOURCE_PIN)
 118              		.loc 1 3321 12 view .LVU40
 119 0064 03F44003 		and	r3, r3, #12582912
 120              	.LVL8:
3322:Drivers/STM32L4xx_HAL_Driver/Src/stm32l4xx_hal_rcc_ex.c ****     {
 121              		.loc 1 3322 5 is_stmt 1 view .LVU41
3322:Drivers/STM32L4xx_HAL_Driver/Src/stm32l4xx_hal_rcc_ex.c ****     {
 122              		.loc 1 3322 7 is_stmt 0 view .LVU42
 123 0068 B3F5400F 		cmp	r3, #12582912
 124 006c CFD1     		bne	.L4
3324:Drivers/STM32L4xx_HAL_Driver/Src/stm32l4xx_hal_rcc_ex.c ****     }
 125              		.loc 1 3324 17 view .LVU43
 126 006e 2B48     		ldr	r0, .L21+4
 127              	.LVL9:
ARM GAS  /tmp/cc4nR4Y7.s 			page 63


3324:Drivers/STM32L4xx_HAL_Driver/Src/stm32l4xx_hal_rcc_ex.c ****     }
 128              		.loc 1 3324 17 view .LVU44
 129 0070 7047     		bx	lr
 130              	.LVL10:
 131              	.L20:
3333:Drivers/STM32L4xx_HAL_Driver/Src/stm32l4xx_hal_rcc_ex.c ****       if(srcclk == RCC_SAI2CLKSOURCE_PIN)
 132              		.loc 1 3333 7 is_stmt 1 view .LVU45
3333:Drivers/STM32L4xx_HAL_Driver/Src/stm32l4xx_hal_rcc_ex.c ****       if(srcclk == RCC_SAI2CLKSOURCE_PIN)
 133              		.loc 1 3333 16 is_stmt 0 view .LVU46
 134 0072 294B     		ldr	r3, .L21
 135 0074 D3F88830 		ldr	r3, [r3, #136]
3333:Drivers/STM32L4xx_HAL_Driver/Src/stm32l4xx_hal_rcc_ex.c ****       if(srcclk == RCC_SAI2CLKSOURCE_PIN)
 136              		.loc 1 3333 14 view .LVU47
 137 0078 03F04073 		and	r3, r3, #50331648
 138              	.LVL11:
3334:Drivers/STM32L4xx_HAL_Driver/Src/stm32l4xx_hal_rcc_ex.c ****       {
 139              		.loc 1 3334 7 is_stmt 1 view .LVU48
3334:Drivers/STM32L4xx_HAL_Driver/Src/stm32l4xx_hal_rcc_ex.c ****       {
 140              		.loc 1 3334 9 is_stmt 0 view .LVU49
 141 007c B3F1407F 		cmp	r3, #50331648
 142 0080 C5D1     		bne	.L4
3336:Drivers/STM32L4xx_HAL_Driver/Src/stm32l4xx_hal_rcc_ex.c ****       }
 143              		.loc 1 3336 19 view .LVU50
 144 0082 2648     		ldr	r0, .L21+4
 145              	.LVL12:
3336:Drivers/STM32L4xx_HAL_Driver/Src/stm32l4xx_hal_rcc_ex.c ****       }
 146              		.loc 1 3336 19 view .LVU51
 147 0084 7047     		bx	lr
 148              	.LVL13:
 149              	.L5:
3350:Drivers/STM32L4xx_HAL_Driver/Src/stm32l4xx_hal_rcc_ex.c ****       {
 150              		.loc 1 3350 7 is_stmt 1 view .LVU52
3350:Drivers/STM32L4xx_HAL_Driver/Src/stm32l4xx_hal_rcc_ex.c ****       {
 151              		.loc 1 3350 10 is_stmt 0 view .LVU53
 152 0086 244B     		ldr	r3, .L21
 153 0088 1868     		ldr	r0, [r3]
 154              	.LVL14:
3350:Drivers/STM32L4xx_HAL_Driver/Src/stm32l4xx_hal_rcc_ex.c ****       {
 155              		.loc 1 3350 9 view .LVU54
 156 008a 10F00070 		ands	r0, r0, #33554432
 157 008e 22D0     		beq	.L1
3350:Drivers/STM32L4xx_HAL_Driver/Src/stm32l4xx_hal_rcc_ex.c ****       {
 158              		.loc 1 3350 53 discriminator 1 view .LVU55
 159 0090 D868     		ldr	r0, [r3, #12]
3350:Drivers/STM32L4xx_HAL_Driver/Src/stm32l4xx_hal_rcc_ex.c ****       {
 160              		.loc 1 3350 49 discriminator 1 view .LVU56
 161 0092 10F48030 		ands	r0, r0, #65536
 162 0096 1ED0     		beq	.L1
3353:Drivers/STM32L4xx_HAL_Driver/Src/stm32l4xx_hal_rcc_ex.c ****         /* f(PLLSAI3CLK) = f(VCO input) * PLLN / PLLP */
 163              		.loc 1 3353 9 is_stmt 1 view .LVU57
3353:Drivers/STM32L4xx_HAL_Driver/Src/stm32l4xx_hal_rcc_ex.c ****         /* f(PLLSAI3CLK) = f(VCO input) * PLLN / PLLP */
 164              		.loc 1 3353 30 is_stmt 0 view .LVU58
 165 0098 1A46     		mov	r2, r3
 166 009a D868     		ldr	r0, [r3, #12]
3353:Drivers/STM32L4xx_HAL_Driver/Src/stm32l4xx_hal_rcc_ex.c ****         /* f(PLLSAI3CLK) = f(VCO input) * PLLN / PLLP */
 167              		.loc 1 3353 71 view .LVU59
 168 009c C0F30210 		ubfx	r0, r0, #4, #3
ARM GAS  /tmp/cc4nR4Y7.s 			page 64


3353:Drivers/STM32L4xx_HAL_Driver/Src/stm32l4xx_hal_rcc_ex.c ****         /* f(PLLSAI3CLK) = f(VCO input) * PLLN / PLLP */
 169              		.loc 1 3353 96 view .LVU60
 170 00a0 0130     		adds	r0, r0, #1
3353:Drivers/STM32L4xx_HAL_Driver/Src/stm32l4xx_hal_rcc_ex.c ****         /* f(PLLSAI3CLK) = f(VCO input) * PLLN / PLLP */
 171              		.loc 1 3353 16 view .LVU61
 172 00a2 B1FBF0F1 		udiv	r1, r1, r0
 173              	.LVL15:
3355:Drivers/STM32L4xx_HAL_Driver/Src/stm32l4xx_hal_rcc_ex.c **** #if defined(RCC_PLLP_DIV_2_31_SUPPORT)
 174              		.loc 1 3355 9 is_stmt 1 view .LVU62
3355:Drivers/STM32L4xx_HAL_Driver/Src/stm32l4xx_hal_rcc_ex.c **** #if defined(RCC_PLLP_DIV_2_31_SUPPORT)
 175              		.loc 1 3355 16 is_stmt 0 view .LVU63
 176 00a6 DB68     		ldr	r3, [r3, #12]
3355:Drivers/STM32L4xx_HAL_Driver/Src/stm32l4xx_hal_rcc_ex.c **** #if defined(RCC_PLLP_DIV_2_31_SUPPORT)
 177              		.loc 1 3355 14 view .LVU64
 178 00a8 C3F30623 		ubfx	r3, r3, #8, #7
 179              	.LVL16:
3359:Drivers/STM32L4xx_HAL_Driver/Src/stm32l4xx_hal_rcc_ex.c ****         {
 180              		.loc 1 3359 9 is_stmt 1 view .LVU65
3361:Drivers/STM32L4xx_HAL_Driver/Src/stm32l4xx_hal_rcc_ex.c ****           {
 181              		.loc 1 3361 11 view .LVU66
3361:Drivers/STM32L4xx_HAL_Driver/Src/stm32l4xx_hal_rcc_ex.c ****           {
 182              		.loc 1 3361 14 is_stmt 0 view .LVU67
 183 00ac D268     		ldr	r2, [r2, #12]
3361:Drivers/STM32L4xx_HAL_Driver/Src/stm32l4xx_hal_rcc_ex.c ****           {
 184              		.loc 1 3361 13 view .LVU68
 185 00ae 12F4003F 		tst	r2, #131072
 186 00b2 05D0     		beq	.L15
3363:Drivers/STM32L4xx_HAL_Driver/Src/stm32l4xx_hal_rcc_ex.c ****           }
 187              		.loc 1 3363 18 view .LVU69
 188 00b4 1122     		movs	r2, #17
 189              	.L7:
 190              	.LVL17:
3370:Drivers/STM32L4xx_HAL_Driver/Src/stm32l4xx_hal_rcc_ex.c ****       }
 191              		.loc 1 3370 9 is_stmt 1 view .LVU70
3370:Drivers/STM32L4xx_HAL_Driver/Src/stm32l4xx_hal_rcc_ex.c ****       }
 192              		.loc 1 3370 29 is_stmt 0 view .LVU71
 193 00b6 03FB01F0 		mul	r0, r3, r1
3370:Drivers/STM32L4xx_HAL_Driver/Src/stm32l4xx_hal_rcc_ex.c ****       }
 194              		.loc 1 3370 19 view .LVU72
 195 00ba B0FBF2F0 		udiv	r0, r0, r2
 196              	.LVL18:
3370:Drivers/STM32L4xx_HAL_Driver/Src/stm32l4xx_hal_rcc_ex.c ****       }
 197              		.loc 1 3370 19 view .LVU73
 198 00be 7047     		bx	lr
 199              	.LVL19:
 200              	.L15:
3367:Drivers/STM32L4xx_HAL_Driver/Src/stm32l4xx_hal_rcc_ex.c ****           }
 201              		.loc 1 3367 18 view .LVU74
 202 00c0 0722     		movs	r2, #7
 203 00c2 F8E7     		b	.L7
 204              	.L16:
3398:Drivers/STM32L4xx_HAL_Driver/Src/stm32l4xx_hal_rcc_ex.c ****           }
 205              		.loc 1 3398 18 view .LVU75
 206 00c4 0722     		movs	r2, #7
 207 00c6 C5E7     		b	.L9
 208              	.LVL20:
 209              	.L8:
ARM GAS  /tmp/cc4nR4Y7.s 			page 65


3402:Drivers/STM32L4xx_HAL_Driver/Src/stm32l4xx_hal_rcc_ex.c ****       }
3403:Drivers/STM32L4xx_HAL_Driver/Src/stm32l4xx_hal_rcc_ex.c ****     }
3404:Drivers/STM32L4xx_HAL_Driver/Src/stm32l4xx_hal_rcc_ex.c **** #if defined(STM32L4P5xx) || defined(STM32L4Q5xx) || defined(STM32L4R5xx) || defined(STM32L4R7xx) ||
3405:Drivers/STM32L4xx_HAL_Driver/Src/stm32l4xx_hal_rcc_ex.c ****     else if((srcclk == RCC_SAI1CLKSOURCE_HSI) || (srcclk == RCC_SAI2CLKSOURCE_HSI))
3406:Drivers/STM32L4xx_HAL_Driver/Src/stm32l4xx_hal_rcc_ex.c ****     {
3407:Drivers/STM32L4xx_HAL_Driver/Src/stm32l4xx_hal_rcc_ex.c ****       if(HAL_IS_BIT_SET(RCC->CR, RCC_CR_HSIRDY))
3408:Drivers/STM32L4xx_HAL_Driver/Src/stm32l4xx_hal_rcc_ex.c ****       {
3409:Drivers/STM32L4xx_HAL_Driver/Src/stm32l4xx_hal_rcc_ex.c ****         frequency = HSI_VALUE;
3410:Drivers/STM32L4xx_HAL_Driver/Src/stm32l4xx_hal_rcc_ex.c ****       }
3411:Drivers/STM32L4xx_HAL_Driver/Src/stm32l4xx_hal_rcc_ex.c ****     }
3412:Drivers/STM32L4xx_HAL_Driver/Src/stm32l4xx_hal_rcc_ex.c **** #endif /* STM32L4P5xx || STM32L4Q5xx || STM32L4R5xx || STM32L4R7xx || STM32L4R9xx || STM32L4S5xx ||
3413:Drivers/STM32L4xx_HAL_Driver/Src/stm32l4xx_hal_rcc_ex.c **** 
3414:Drivers/STM32L4xx_HAL_Driver/Src/stm32l4xx_hal_rcc_ex.c **** #else
3415:Drivers/STM32L4xx_HAL_Driver/Src/stm32l4xx_hal_rcc_ex.c ****     if(srcclk == RCC_SAI1CLKSOURCE_PLL)
3416:Drivers/STM32L4xx_HAL_Driver/Src/stm32l4xx_hal_rcc_ex.c ****     {
3417:Drivers/STM32L4xx_HAL_Driver/Src/stm32l4xx_hal_rcc_ex.c ****       if(HAL_IS_BIT_SET(RCC->CR, RCC_CR_PLLRDY) && (__HAL_RCC_GET_PLLCLKOUT_CONFIG(RCC_PLL_SAI2CLK)
3418:Drivers/STM32L4xx_HAL_Driver/Src/stm32l4xx_hal_rcc_ex.c ****       {
3419:Drivers/STM32L4xx_HAL_Driver/Src/stm32l4xx_hal_rcc_ex.c ****         /* f(PLL Source) / PLLM */
3420:Drivers/STM32L4xx_HAL_Driver/Src/stm32l4xx_hal_rcc_ex.c ****         pllvco = (pllvco / ((READ_BIT(RCC->PLLCFGR, RCC_PLLCFGR_PLLM) >> RCC_PLLCFGR_PLLM_Pos) + 1U
3421:Drivers/STM32L4xx_HAL_Driver/Src/stm32l4xx_hal_rcc_ex.c ****         /* f(PLLSAI2CLK) = f(VCO input) * PLLN / PLLP */
3422:Drivers/STM32L4xx_HAL_Driver/Src/stm32l4xx_hal_rcc_ex.c ****         plln = READ_BIT(RCC->PLLCFGR, RCC_PLLCFGR_PLLN) >> RCC_PLLCFGR_PLLN_Pos;
3423:Drivers/STM32L4xx_HAL_Driver/Src/stm32l4xx_hal_rcc_ex.c **** #if defined(RCC_PLLP_DIV_2_31_SUPPORT)
3424:Drivers/STM32L4xx_HAL_Driver/Src/stm32l4xx_hal_rcc_ex.c ****         pllp = READ_BIT(RCC->PLLCFGR, RCC_PLLCFGR_PLLPDIV) >> RCC_PLLCFGR_PLLPDIV_Pos;
3425:Drivers/STM32L4xx_HAL_Driver/Src/stm32l4xx_hal_rcc_ex.c **** #endif
3426:Drivers/STM32L4xx_HAL_Driver/Src/stm32l4xx_hal_rcc_ex.c ****         if(pllp == 0U)
3427:Drivers/STM32L4xx_HAL_Driver/Src/stm32l4xx_hal_rcc_ex.c ****         {
3428:Drivers/STM32L4xx_HAL_Driver/Src/stm32l4xx_hal_rcc_ex.c ****           if(READ_BIT(RCC->PLLCFGR, RCC_PLLCFGR_PLLP) != 0U)
3429:Drivers/STM32L4xx_HAL_Driver/Src/stm32l4xx_hal_rcc_ex.c ****           {
3430:Drivers/STM32L4xx_HAL_Driver/Src/stm32l4xx_hal_rcc_ex.c ****             pllp = 17U;
3431:Drivers/STM32L4xx_HAL_Driver/Src/stm32l4xx_hal_rcc_ex.c ****           }
3432:Drivers/STM32L4xx_HAL_Driver/Src/stm32l4xx_hal_rcc_ex.c ****           else
3433:Drivers/STM32L4xx_HAL_Driver/Src/stm32l4xx_hal_rcc_ex.c ****           {
3434:Drivers/STM32L4xx_HAL_Driver/Src/stm32l4xx_hal_rcc_ex.c ****             pllp = 7U;
3435:Drivers/STM32L4xx_HAL_Driver/Src/stm32l4xx_hal_rcc_ex.c ****           }
3436:Drivers/STM32L4xx_HAL_Driver/Src/stm32l4xx_hal_rcc_ex.c ****         }
3437:Drivers/STM32L4xx_HAL_Driver/Src/stm32l4xx_hal_rcc_ex.c ****         frequency = (pllvco * plln) / pllp;
3438:Drivers/STM32L4xx_HAL_Driver/Src/stm32l4xx_hal_rcc_ex.c ****       }
3439:Drivers/STM32L4xx_HAL_Driver/Src/stm32l4xx_hal_rcc_ex.c ****       else if(HAL_IS_BIT_SET(RCC->CR, RCC_CR_HSIRDY))
3440:Drivers/STM32L4xx_HAL_Driver/Src/stm32l4xx_hal_rcc_ex.c ****       {
3441:Drivers/STM32L4xx_HAL_Driver/Src/stm32l4xx_hal_rcc_ex.c ****         /* HSI automatically selected as clock source if PLLs not enabled */
3442:Drivers/STM32L4xx_HAL_Driver/Src/stm32l4xx_hal_rcc_ex.c ****         frequency = HSI_VALUE;
3443:Drivers/STM32L4xx_HAL_Driver/Src/stm32l4xx_hal_rcc_ex.c ****       }
3444:Drivers/STM32L4xx_HAL_Driver/Src/stm32l4xx_hal_rcc_ex.c ****       else
3445:Drivers/STM32L4xx_HAL_Driver/Src/stm32l4xx_hal_rcc_ex.c ****       {
3446:Drivers/STM32L4xx_HAL_Driver/Src/stm32l4xx_hal_rcc_ex.c ****         /* No clock source, frequency default init at 0 */
3447:Drivers/STM32L4xx_HAL_Driver/Src/stm32l4xx_hal_rcc_ex.c ****       }
3448:Drivers/STM32L4xx_HAL_Driver/Src/stm32l4xx_hal_rcc_ex.c ****     }
3449:Drivers/STM32L4xx_HAL_Driver/Src/stm32l4xx_hal_rcc_ex.c ****     else if(srcclk == RCC_SAI1CLKSOURCE_PLLSAI1)
3450:Drivers/STM32L4xx_HAL_Driver/Src/stm32l4xx_hal_rcc_ex.c ****     {
3451:Drivers/STM32L4xx_HAL_Driver/Src/stm32l4xx_hal_rcc_ex.c ****       if(HAL_IS_BIT_SET(RCC->CR, RCC_CR_PLLSAI1RDY) && (__HAL_RCC_GET_PLLSAI1CLKOUT_CONFIG(RCC_PLLS
3452:Drivers/STM32L4xx_HAL_Driver/Src/stm32l4xx_hal_rcc_ex.c ****       {
3453:Drivers/STM32L4xx_HAL_Driver/Src/stm32l4xx_hal_rcc_ex.c **** #if defined(RCC_PLLSAI1M_DIV_1_16_SUPPORT)
3454:Drivers/STM32L4xx_HAL_Driver/Src/stm32l4xx_hal_rcc_ex.c ****         /* PLLSAI1M exists: apply PLLSAI1M divider for PLLSAI1 output computation */
3455:Drivers/STM32L4xx_HAL_Driver/Src/stm32l4xx_hal_rcc_ex.c ****         /* f(PLLSAI1 Source) / PLLSAI1M */
3456:Drivers/STM32L4xx_HAL_Driver/Src/stm32l4xx_hal_rcc_ex.c ****         pllvco = (pllvco / ((READ_BIT(RCC->PLLSAI1CFGR, RCC_PLLSAI1CFGR_PLLSAI1M) >> RCC_PLLSAI1CFG
3457:Drivers/STM32L4xx_HAL_Driver/Src/stm32l4xx_hal_rcc_ex.c **** #else
3458:Drivers/STM32L4xx_HAL_Driver/Src/stm32l4xx_hal_rcc_ex.c ****         /* f(PLL Source) / PLLM */
ARM GAS  /tmp/cc4nR4Y7.s 			page 66


3459:Drivers/STM32L4xx_HAL_Driver/Src/stm32l4xx_hal_rcc_ex.c ****         pllvco = (pllvco / ((READ_BIT(RCC->PLLCFGR, RCC_PLLCFGR_PLLM) >> RCC_PLLCFGR_PLLM_Pos) + 1U
3460:Drivers/STM32L4xx_HAL_Driver/Src/stm32l4xx_hal_rcc_ex.c **** #endif
3461:Drivers/STM32L4xx_HAL_Driver/Src/stm32l4xx_hal_rcc_ex.c ****         /* f(PLLSAI1CLK) = f(VCOSAI1 input) * PLLSAI1N / PLLSAI1P */
3462:Drivers/STM32L4xx_HAL_Driver/Src/stm32l4xx_hal_rcc_ex.c ****         plln = READ_BIT(RCC->PLLSAI1CFGR, RCC_PLLSAI1CFGR_PLLSAI1N) >> RCC_PLLSAI1CFGR_PLLSAI1N_Pos
3463:Drivers/STM32L4xx_HAL_Driver/Src/stm32l4xx_hal_rcc_ex.c **** #if defined(RCC_PLLSAI1P_DIV_2_31_SUPPORT)
3464:Drivers/STM32L4xx_HAL_Driver/Src/stm32l4xx_hal_rcc_ex.c ****         pllp = READ_BIT(RCC->PLLSAI1CFGR, RCC_PLLSAI1CFGR_PLLSAI1PDIV) >> RCC_PLLSAI1CFGR_PLLSAI1PD
3465:Drivers/STM32L4xx_HAL_Driver/Src/stm32l4xx_hal_rcc_ex.c **** #endif
3466:Drivers/STM32L4xx_HAL_Driver/Src/stm32l4xx_hal_rcc_ex.c ****         if(pllp == 0U)
3467:Drivers/STM32L4xx_HAL_Driver/Src/stm32l4xx_hal_rcc_ex.c ****         {
3468:Drivers/STM32L4xx_HAL_Driver/Src/stm32l4xx_hal_rcc_ex.c ****           if(READ_BIT(RCC->PLLSAI1CFGR, RCC_PLLSAI1CFGR_PLLSAI1P) != 0U)
3469:Drivers/STM32L4xx_HAL_Driver/Src/stm32l4xx_hal_rcc_ex.c ****           {
3470:Drivers/STM32L4xx_HAL_Driver/Src/stm32l4xx_hal_rcc_ex.c ****             pllp = 17U;
3471:Drivers/STM32L4xx_HAL_Driver/Src/stm32l4xx_hal_rcc_ex.c ****           }
3472:Drivers/STM32L4xx_HAL_Driver/Src/stm32l4xx_hal_rcc_ex.c ****           else
3473:Drivers/STM32L4xx_HAL_Driver/Src/stm32l4xx_hal_rcc_ex.c ****           {
3474:Drivers/STM32L4xx_HAL_Driver/Src/stm32l4xx_hal_rcc_ex.c ****             pllp = 7U;
3475:Drivers/STM32L4xx_HAL_Driver/Src/stm32l4xx_hal_rcc_ex.c ****           }
3476:Drivers/STM32L4xx_HAL_Driver/Src/stm32l4xx_hal_rcc_ex.c ****         }
3477:Drivers/STM32L4xx_HAL_Driver/Src/stm32l4xx_hal_rcc_ex.c ****         frequency = (pllvco * plln) / pllp;
3478:Drivers/STM32L4xx_HAL_Driver/Src/stm32l4xx_hal_rcc_ex.c ****       }
3479:Drivers/STM32L4xx_HAL_Driver/Src/stm32l4xx_hal_rcc_ex.c ****       else if(HAL_IS_BIT_SET(RCC->CR, RCC_CR_HSIRDY))
3480:Drivers/STM32L4xx_HAL_Driver/Src/stm32l4xx_hal_rcc_ex.c ****       {
3481:Drivers/STM32L4xx_HAL_Driver/Src/stm32l4xx_hal_rcc_ex.c ****         /* HSI automatically selected as clock source if PLLs not enabled */
3482:Drivers/STM32L4xx_HAL_Driver/Src/stm32l4xx_hal_rcc_ex.c ****         frequency = HSI_VALUE;
3483:Drivers/STM32L4xx_HAL_Driver/Src/stm32l4xx_hal_rcc_ex.c ****       }
3484:Drivers/STM32L4xx_HAL_Driver/Src/stm32l4xx_hal_rcc_ex.c ****       else
3485:Drivers/STM32L4xx_HAL_Driver/Src/stm32l4xx_hal_rcc_ex.c ****       {
3486:Drivers/STM32L4xx_HAL_Driver/Src/stm32l4xx_hal_rcc_ex.c ****         /* No clock source, frequency default init at 0 */
3487:Drivers/STM32L4xx_HAL_Driver/Src/stm32l4xx_hal_rcc_ex.c ****       }
3488:Drivers/STM32L4xx_HAL_Driver/Src/stm32l4xx_hal_rcc_ex.c ****     }
3489:Drivers/STM32L4xx_HAL_Driver/Src/stm32l4xx_hal_rcc_ex.c **** #endif /* SAI2 */
3490:Drivers/STM32L4xx_HAL_Driver/Src/stm32l4xx_hal_rcc_ex.c **** 
3491:Drivers/STM32L4xx_HAL_Driver/Src/stm32l4xx_hal_rcc_ex.c **** #if defined(RCC_PLLSAI2_SUPPORT)
3492:Drivers/STM32L4xx_HAL_Driver/Src/stm32l4xx_hal_rcc_ex.c **** 
3493:Drivers/STM32L4xx_HAL_Driver/Src/stm32l4xx_hal_rcc_ex.c ****     else if((srcclk == RCC_SAI1CLKSOURCE_PLLSAI2) || (srcclk == RCC_SAI2CLKSOURCE_PLLSAI2))
 210              		.loc 1 3493 10 is_stmt 1 view .LVU76
 211              		.loc 1 3493 12 is_stmt 0 view .LVU77
 212 00c8 B3F5800F 		cmp	r3, #4194304
 213 00cc 04D0     		beq	.L10
 214              		.loc 1 3493 51 discriminator 1 view .LVU78
 215 00ce B3F1807F 		cmp	r3, #16777216
 216 00d2 01D0     		beq	.L10
 217 00d4 0020     		movs	r0, #0
 218              	.LVL21:
3494:Drivers/STM32L4xx_HAL_Driver/Src/stm32l4xx_hal_rcc_ex.c ****     {
3495:Drivers/STM32L4xx_HAL_Driver/Src/stm32l4xx_hal_rcc_ex.c ****       if(HAL_IS_BIT_SET(RCC->CR, RCC_CR_PLLSAI2RDY) && (__HAL_RCC_GET_PLLSAI2CLKOUT_CONFIG(RCC_PLLS
3496:Drivers/STM32L4xx_HAL_Driver/Src/stm32l4xx_hal_rcc_ex.c ****       {
3497:Drivers/STM32L4xx_HAL_Driver/Src/stm32l4xx_hal_rcc_ex.c **** #if defined(RCC_PLLSAI2M_DIV_1_16_SUPPORT)
3498:Drivers/STM32L4xx_HAL_Driver/Src/stm32l4xx_hal_rcc_ex.c ****         /* PLLSAI2M exists: apply PLLSAI2M divider for PLLSAI2 output computation */
3499:Drivers/STM32L4xx_HAL_Driver/Src/stm32l4xx_hal_rcc_ex.c ****         /* f(PLLSAI2 Source) / PLLSAI2M */
3500:Drivers/STM32L4xx_HAL_Driver/Src/stm32l4xx_hal_rcc_ex.c ****         pllvco = (pllvco / ((READ_BIT(RCC->PLLSAI2CFGR, RCC_PLLSAI2CFGR_PLLSAI2M) >> RCC_PLLSAI2CFG
3501:Drivers/STM32L4xx_HAL_Driver/Src/stm32l4xx_hal_rcc_ex.c **** #else
3502:Drivers/STM32L4xx_HAL_Driver/Src/stm32l4xx_hal_rcc_ex.c ****         /* f(PLL Source) / PLLM */
3503:Drivers/STM32L4xx_HAL_Driver/Src/stm32l4xx_hal_rcc_ex.c ****         pllvco = (pllvco / ((READ_BIT(RCC->PLLCFGR, RCC_PLLCFGR_PLLM) >> RCC_PLLCFGR_PLLM_Pos) + 1U
3504:Drivers/STM32L4xx_HAL_Driver/Src/stm32l4xx_hal_rcc_ex.c **** #endif
3505:Drivers/STM32L4xx_HAL_Driver/Src/stm32l4xx_hal_rcc_ex.c ****         /* f(PLLSAI2CLK) = f(VCOSAI2 input) * PLLSAI2N / PLLSAI2P */
3506:Drivers/STM32L4xx_HAL_Driver/Src/stm32l4xx_hal_rcc_ex.c ****         plln = READ_BIT(RCC->PLLSAI2CFGR, RCC_PLLSAI2CFGR_PLLSAI2N) >> RCC_PLLSAI2CFGR_PLLSAI2N_Pos
ARM GAS  /tmp/cc4nR4Y7.s 			page 67


3507:Drivers/STM32L4xx_HAL_Driver/Src/stm32l4xx_hal_rcc_ex.c **** #if defined(RCC_PLLSAI2P_DIV_2_31_SUPPORT)
3508:Drivers/STM32L4xx_HAL_Driver/Src/stm32l4xx_hal_rcc_ex.c ****         pllp = READ_BIT(RCC->PLLSAI2CFGR, RCC_PLLSAI2CFGR_PLLSAI2PDIV) >> RCC_PLLSAI2CFGR_PLLSAI2PD
3509:Drivers/STM32L4xx_HAL_Driver/Src/stm32l4xx_hal_rcc_ex.c **** #endif
3510:Drivers/STM32L4xx_HAL_Driver/Src/stm32l4xx_hal_rcc_ex.c ****         if(pllp == 0U)
3511:Drivers/STM32L4xx_HAL_Driver/Src/stm32l4xx_hal_rcc_ex.c ****         {
3512:Drivers/STM32L4xx_HAL_Driver/Src/stm32l4xx_hal_rcc_ex.c ****           if(READ_BIT(RCC->PLLSAI2CFGR, RCC_PLLSAI2CFGR_PLLSAI2P) != 0U)
3513:Drivers/STM32L4xx_HAL_Driver/Src/stm32l4xx_hal_rcc_ex.c ****           {
3514:Drivers/STM32L4xx_HAL_Driver/Src/stm32l4xx_hal_rcc_ex.c ****             pllp = 17U;
3515:Drivers/STM32L4xx_HAL_Driver/Src/stm32l4xx_hal_rcc_ex.c ****           }
3516:Drivers/STM32L4xx_HAL_Driver/Src/stm32l4xx_hal_rcc_ex.c ****           else
3517:Drivers/STM32L4xx_HAL_Driver/Src/stm32l4xx_hal_rcc_ex.c ****           {
3518:Drivers/STM32L4xx_HAL_Driver/Src/stm32l4xx_hal_rcc_ex.c ****             pllp = 7U;
3519:Drivers/STM32L4xx_HAL_Driver/Src/stm32l4xx_hal_rcc_ex.c ****           }
3520:Drivers/STM32L4xx_HAL_Driver/Src/stm32l4xx_hal_rcc_ex.c ****         }
3521:Drivers/STM32L4xx_HAL_Driver/Src/stm32l4xx_hal_rcc_ex.c ****         frequency = (pllvco * plln) / pllp;
3522:Drivers/STM32L4xx_HAL_Driver/Src/stm32l4xx_hal_rcc_ex.c ****       }
3523:Drivers/STM32L4xx_HAL_Driver/Src/stm32l4xx_hal_rcc_ex.c ****     }
3524:Drivers/STM32L4xx_HAL_Driver/Src/stm32l4xx_hal_rcc_ex.c **** 
3525:Drivers/STM32L4xx_HAL_Driver/Src/stm32l4xx_hal_rcc_ex.c **** #endif /* RCC_PLLSAI2_SUPPORT */
3526:Drivers/STM32L4xx_HAL_Driver/Src/stm32l4xx_hal_rcc_ex.c **** 
3527:Drivers/STM32L4xx_HAL_Driver/Src/stm32l4xx_hal_rcc_ex.c ****     else
3528:Drivers/STM32L4xx_HAL_Driver/Src/stm32l4xx_hal_rcc_ex.c ****     {
3529:Drivers/STM32L4xx_HAL_Driver/Src/stm32l4xx_hal_rcc_ex.c ****       /* No clock source, frequency default init at 0 */
3530:Drivers/STM32L4xx_HAL_Driver/Src/stm32l4xx_hal_rcc_ex.c ****     }
3531:Drivers/STM32L4xx_HAL_Driver/Src/stm32l4xx_hal_rcc_ex.c ****   }
3532:Drivers/STM32L4xx_HAL_Driver/Src/stm32l4xx_hal_rcc_ex.c **** 
3533:Drivers/STM32L4xx_HAL_Driver/Src/stm32l4xx_hal_rcc_ex.c **** 
3534:Drivers/STM32L4xx_HAL_Driver/Src/stm32l4xx_hal_rcc_ex.c ****   return frequency;
 219              		.loc 1 3534 3 is_stmt 1 view .LVU79
 220              	.L1:
3535:Drivers/STM32L4xx_HAL_Driver/Src/stm32l4xx_hal_rcc_ex.c **** }
 221              		.loc 1 3535 1 is_stmt 0 view .LVU80
 222 00d6 7047     		bx	lr
 223              	.LVL22:
 224              	.L10:
3495:Drivers/STM32L4xx_HAL_Driver/Src/stm32l4xx_hal_rcc_ex.c ****       {
 225              		.loc 1 3495 7 is_stmt 1 view .LVU81
3495:Drivers/STM32L4xx_HAL_Driver/Src/stm32l4xx_hal_rcc_ex.c ****       {
 226              		.loc 1 3495 10 is_stmt 0 view .LVU82
 227 00d8 0F4B     		ldr	r3, .L21
 228 00da 1868     		ldr	r0, [r3]
 229              	.LVL23:
3495:Drivers/STM32L4xx_HAL_Driver/Src/stm32l4xx_hal_rcc_ex.c ****       {
 230              		.loc 1 3495 9 view .LVU83
 231 00dc 10F00050 		ands	r0, r0, #536870912
 232 00e0 F9D0     		beq	.L1
3495:Drivers/STM32L4xx_HAL_Driver/Src/stm32l4xx_hal_rcc_ex.c ****       {
 233              		.loc 1 3495 57 discriminator 1 view .LVU84
 234 00e2 5869     		ldr	r0, [r3, #20]
3495:Drivers/STM32L4xx_HAL_Driver/Src/stm32l4xx_hal_rcc_ex.c ****       {
 235              		.loc 1 3495 53 discriminator 1 view .LVU85
 236 00e4 10F48030 		ands	r0, r0, #65536
 237 00e8 F5D0     		beq	.L1
3503:Drivers/STM32L4xx_HAL_Driver/Src/stm32l4xx_hal_rcc_ex.c **** #endif
 238              		.loc 1 3503 9 is_stmt 1 view .LVU86
3503:Drivers/STM32L4xx_HAL_Driver/Src/stm32l4xx_hal_rcc_ex.c **** #endif
 239              		.loc 1 3503 30 is_stmt 0 view .LVU87
ARM GAS  /tmp/cc4nR4Y7.s 			page 68


 240 00ea 1A46     		mov	r2, r3
 241 00ec D868     		ldr	r0, [r3, #12]
3503:Drivers/STM32L4xx_HAL_Driver/Src/stm32l4xx_hal_rcc_ex.c **** #endif
 242              		.loc 1 3503 71 view .LVU88
 243 00ee C0F30210 		ubfx	r0, r0, #4, #3
3503:Drivers/STM32L4xx_HAL_Driver/Src/stm32l4xx_hal_rcc_ex.c **** #endif
 244              		.loc 1 3503 96 view .LVU89
 245 00f2 0130     		adds	r0, r0, #1
3503:Drivers/STM32L4xx_HAL_Driver/Src/stm32l4xx_hal_rcc_ex.c **** #endif
 246              		.loc 1 3503 16 view .LVU90
 247 00f4 B1FBF0F1 		udiv	r1, r1, r0
 248              	.LVL24:
3506:Drivers/STM32L4xx_HAL_Driver/Src/stm32l4xx_hal_rcc_ex.c **** #if defined(RCC_PLLSAI2P_DIV_2_31_SUPPORT)
 249              		.loc 1 3506 9 is_stmt 1 view .LVU91
3506:Drivers/STM32L4xx_HAL_Driver/Src/stm32l4xx_hal_rcc_ex.c **** #if defined(RCC_PLLSAI2P_DIV_2_31_SUPPORT)
 250              		.loc 1 3506 16 is_stmt 0 view .LVU92
 251 00f8 5B69     		ldr	r3, [r3, #20]
3506:Drivers/STM32L4xx_HAL_Driver/Src/stm32l4xx_hal_rcc_ex.c **** #if defined(RCC_PLLSAI2P_DIV_2_31_SUPPORT)
 252              		.loc 1 3506 14 view .LVU93
 253 00fa C3F30623 		ubfx	r3, r3, #8, #7
 254              	.LVL25:
3510:Drivers/STM32L4xx_HAL_Driver/Src/stm32l4xx_hal_rcc_ex.c ****         {
 255              		.loc 1 3510 9 is_stmt 1 view .LVU94
3512:Drivers/STM32L4xx_HAL_Driver/Src/stm32l4xx_hal_rcc_ex.c ****           {
 256              		.loc 1 3512 11 view .LVU95
3512:Drivers/STM32L4xx_HAL_Driver/Src/stm32l4xx_hal_rcc_ex.c ****           {
 257              		.loc 1 3512 14 is_stmt 0 view .LVU96
 258 00fe 5269     		ldr	r2, [r2, #20]
3512:Drivers/STM32L4xx_HAL_Driver/Src/stm32l4xx_hal_rcc_ex.c ****           {
 259              		.loc 1 3512 13 view .LVU97
 260 0100 12F4003F 		tst	r2, #131072
 261 0104 05D0     		beq	.L18
3514:Drivers/STM32L4xx_HAL_Driver/Src/stm32l4xx_hal_rcc_ex.c ****           }
 262              		.loc 1 3514 18 view .LVU98
 263 0106 1122     		movs	r2, #17
 264              	.L11:
 265              	.LVL26:
3521:Drivers/STM32L4xx_HAL_Driver/Src/stm32l4xx_hal_rcc_ex.c ****       }
 266              		.loc 1 3521 9 is_stmt 1 view .LVU99
3521:Drivers/STM32L4xx_HAL_Driver/Src/stm32l4xx_hal_rcc_ex.c ****       }
 267              		.loc 1 3521 29 is_stmt 0 view .LVU100
 268 0108 03FB01F0 		mul	r0, r3, r1
3521:Drivers/STM32L4xx_HAL_Driver/Src/stm32l4xx_hal_rcc_ex.c ****       }
 269              		.loc 1 3521 19 view .LVU101
 270 010c B0FBF2F0 		udiv	r0, r0, r2
 271              	.LVL27:
3521:Drivers/STM32L4xx_HAL_Driver/Src/stm32l4xx_hal_rcc_ex.c ****       }
 272              		.loc 1 3521 19 view .LVU102
 273 0110 7047     		bx	lr
 274              	.LVL28:
 275              	.L18:
3518:Drivers/STM32L4xx_HAL_Driver/Src/stm32l4xx_hal_rcc_ex.c ****           }
 276              		.loc 1 3518 18 view .LVU103
 277 0112 0722     		movs	r2, #7
 278 0114 F8E7     		b	.L11
 279              	.L22:
 280 0116 00BF     		.align	2
ARM GAS  /tmp/cc4nR4Y7.s 			page 69


 281              	.L21:
 282 0118 00100240 		.word	1073876992
 283 011c 68FF1F00 		.word	2097000
 284              		.cfi_endproc
 285              	.LFE152:
 287              		.section	.text.RCCEx_PLLSAI1_Config,"ax",%progbits
 288              		.align	1
 289              		.syntax unified
 290              		.thumb
 291              		.thumb_func
 293              	RCCEx_PLLSAI1_Config:
 294              	.LVL29:
 295              	.LFB150:
2908:Drivers/STM32L4xx_HAL_Driver/Src/stm32l4xx_hal_rcc_ex.c ****   uint32_t tickstart;
 296              		.loc 1 2908 1 is_stmt 1 view -0
 297              		.cfi_startproc
 298              		@ args = 0, pretend = 0, frame = 0
 299              		@ frame_needed = 0, uses_anonymous_args = 0
2908:Drivers/STM32L4xx_HAL_Driver/Src/stm32l4xx_hal_rcc_ex.c ****   uint32_t tickstart;
 300              		.loc 1 2908 1 is_stmt 0 view .LVU105
 301 0000 F8B5     		push	{r3, r4, r5, r6, r7, lr}
 302              	.LCFI0:
 303              		.cfi_def_cfa_offset 24
 304              		.cfi_offset 3, -24
 305              		.cfi_offset 4, -20
 306              		.cfi_offset 5, -16
 307              		.cfi_offset 6, -12
 308              		.cfi_offset 7, -8
 309              		.cfi_offset 14, -4
 310 0002 0446     		mov	r4, r0
 311 0004 0D46     		mov	r5, r1
2909:Drivers/STM32L4xx_HAL_Driver/Src/stm32l4xx_hal_rcc_ex.c ****   HAL_StatusTypeDef status = HAL_OK;
 312              		.loc 1 2909 3 is_stmt 1 view .LVU106
2910:Drivers/STM32L4xx_HAL_Driver/Src/stm32l4xx_hal_rcc_ex.c **** 
 313              		.loc 1 2910 3 view .LVU107
 314              	.LVL30:
2914:Drivers/STM32L4xx_HAL_Driver/Src/stm32l4xx_hal_rcc_ex.c ****   assert_param(IS_RCC_PLLSAI1M_VALUE(PllSai1->PLLSAI1M));
 315              		.loc 1 2914 3 view .LVU108
2915:Drivers/STM32L4xx_HAL_Driver/Src/stm32l4xx_hal_rcc_ex.c ****   assert_param(IS_RCC_PLLSAI1N_VALUE(PllSai1->PLLSAI1N));
 316              		.loc 1 2915 3 view .LVU109
2916:Drivers/STM32L4xx_HAL_Driver/Src/stm32l4xx_hal_rcc_ex.c ****   assert_param(IS_RCC_PLLSAI1CLOCKOUT_VALUE(PllSai1->PLLSAI1ClockOut));
 317              		.loc 1 2916 3 view .LVU110
2917:Drivers/STM32L4xx_HAL_Driver/Src/stm32l4xx_hal_rcc_ex.c **** 
 318              		.loc 1 2917 3 view .LVU111
2920:Drivers/STM32L4xx_HAL_Driver/Src/stm32l4xx_hal_rcc_ex.c ****   {
 319              		.loc 1 2920 3 view .LVU112
2920:Drivers/STM32L4xx_HAL_Driver/Src/stm32l4xx_hal_rcc_ex.c ****   {
 320              		.loc 1 2920 6 is_stmt 0 view .LVU113
 321 0006 594B     		ldr	r3, .L53
 322 0008 DB68     		ldr	r3, [r3, #12]
2920:Drivers/STM32L4xx_HAL_Driver/Src/stm32l4xx_hal_rcc_ex.c ****   {
 323              		.loc 1 2920 5 view .LVU114
 324 000a 13F0030F 		tst	r3, #3
 325 000e 18D0     		beq	.L24
2923:Drivers/STM32L4xx_HAL_Driver/Src/stm32l4xx_hal_rcc_ex.c ****        ||
 326              		.loc 1 2923 5 is_stmt 1 view .LVU115
2923:Drivers/STM32L4xx_HAL_Driver/Src/stm32l4xx_hal_rcc_ex.c ****        ||
ARM GAS  /tmp/cc4nR4Y7.s 			page 70


 327              		.loc 1 2923 9 is_stmt 0 view .LVU116
 328 0010 564B     		ldr	r3, .L53
 329 0012 DB68     		ldr	r3, [r3, #12]
 330 0014 03F00303 		and	r3, r3, #3
2923:Drivers/STM32L4xx_HAL_Driver/Src/stm32l4xx_hal_rcc_ex.c ****        ||
 331              		.loc 1 2923 49 view .LVU117
 332 0018 0268     		ldr	r2, [r0]
2923:Drivers/STM32L4xx_HAL_Driver/Src/stm32l4xx_hal_rcc_ex.c ****        ||
 333              		.loc 1 2923 7 view .LVU118
 334 001a 9342     		cmp	r3, r2
 335 001c 02D0     		beq	.L50
2932:Drivers/STM32L4xx_HAL_Driver/Src/stm32l4xx_hal_rcc_ex.c ****     }
 336              		.loc 1 2932 14 view .LVU119
 337 001e 0126     		movs	r6, #1
 338              	.LVL31:
 339              	.L25:
3095:Drivers/STM32L4xx_HAL_Driver/Src/stm32l4xx_hal_rcc_ex.c **** }
 340              		.loc 1 3095 3 is_stmt 1 view .LVU120
3096:Drivers/STM32L4xx_HAL_Driver/Src/stm32l4xx_hal_rcc_ex.c **** 
 341              		.loc 1 3096 1 is_stmt 0 view .LVU121
 342 0020 3046     		mov	r0, r6
 343 0022 F8BD     		pop	{r3, r4, r5, r6, r7, pc}
 344              	.LVL32:
 345              	.L50:
2924:Drivers/STM32L4xx_HAL_Driver/Src/stm32l4xx_hal_rcc_ex.c ****        (PllSai1->PLLSAI1Source == RCC_PLLSOURCE_NONE)
 346              		.loc 1 2924 8 view .LVU122
 347 0024 002A     		cmp	r2, #0
 348 0026 00F09D80 		beq	.L41
2928:Drivers/STM32L4xx_HAL_Driver/Src/stm32l4xx_hal_rcc_ex.c **** #endif
 349              		.loc 1 2928 11 view .LVU123
 350 002a 504B     		ldr	r3, .L53
 351 002c DB68     		ldr	r3, [r3, #12]
2928:Drivers/STM32L4xx_HAL_Driver/Src/stm32l4xx_hal_rcc_ex.c **** #endif
 352              		.loc 1 2928 52 view .LVU124
 353 002e C3F30213 		ubfx	r3, r3, #4, #3
2928:Drivers/STM32L4xx_HAL_Driver/Src/stm32l4xx_hal_rcc_ex.c **** #endif
 354              		.loc 1 2928 77 view .LVU125
 355 0032 0133     		adds	r3, r3, #1
2928:Drivers/STM32L4xx_HAL_Driver/Src/stm32l4xx_hal_rcc_ex.c **** #endif
 356              		.loc 1 2928 93 view .LVU126
 357 0034 4268     		ldr	r2, [r0, #4]
2927:Drivers/STM32L4xx_HAL_Driver/Src/stm32l4xx_hal_rcc_ex.c ****        (((READ_BIT(RCC->PLLCFGR, RCC_PLLCFGR_PLLM) >> RCC_PLLCFGR_PLLM_Pos) + 1U) != PllSai1->PLLSA
 358              		.loc 1 2927 8 view .LVU127
 359 0036 9342     		cmp	r3, r2
 360 0038 01D0     		beq	.L51
2932:Drivers/STM32L4xx_HAL_Driver/Src/stm32l4xx_hal_rcc_ex.c ****     }
 361              		.loc 1 2932 14 view .LVU128
 362 003a 0126     		movs	r6, #1
 363 003c F0E7     		b	.L25
 364              	.L51:
2910:Drivers/STM32L4xx_HAL_Driver/Src/stm32l4xx_hal_rcc_ex.c **** 
 365              		.loc 1 2910 21 view .LVU129
 366 003e 0026     		movs	r6, #0
 367 0040 19E0     		b	.L26
 368              	.L24:
2938:Drivers/STM32L4xx_HAL_Driver/Src/stm32l4xx_hal_rcc_ex.c ****     {
 369              		.loc 1 2938 5 is_stmt 1 view .LVU130
ARM GAS  /tmp/cc4nR4Y7.s 			page 71


2938:Drivers/STM32L4xx_HAL_Driver/Src/stm32l4xx_hal_rcc_ex.c ****     {
 370              		.loc 1 2938 19 is_stmt 0 view .LVU131
 371 0042 0368     		ldr	r3, [r0]
2938:Drivers/STM32L4xx_HAL_Driver/Src/stm32l4xx_hal_rcc_ex.c ****     {
 372              		.loc 1 2938 5 view .LVU132
 373 0044 022B     		cmp	r3, #2
 374 0046 56D0     		beq	.L27
 375 0048 032B     		cmp	r3, #3
 376 004a 5BD0     		beq	.L28
 377 004c 012B     		cmp	r3, #1
 378 004e 40F08B80 		bne	.L43
2941:Drivers/STM32L4xx_HAL_Driver/Src/stm32l4xx_hal_rcc_ex.c ****       {
 379              		.loc 1 2941 7 is_stmt 1 view .LVU133
2941:Drivers/STM32L4xx_HAL_Driver/Src/stm32l4xx_hal_rcc_ex.c ****       {
 380              		.loc 1 2941 10 is_stmt 0 view .LVU134
 381 0052 464A     		ldr	r2, .L53
 382 0054 1268     		ldr	r2, [r2]
2941:Drivers/STM32L4xx_HAL_Driver/Src/stm32l4xx_hal_rcc_ex.c ****       {
 383              		.loc 1 2941 9 view .LVU135
 384 0056 12F0020F 		tst	r2, #2
 385 005a 5FD0     		beq	.L44
 386              	.L30:
 387              	.LVL33:
2973:Drivers/STM32L4xx_HAL_Driver/Src/stm32l4xx_hal_rcc_ex.c **** #endif
 388              		.loc 1 2973 7 is_stmt 1 view .LVU136
 389 005c 4348     		ldr	r0, .L53
 390              	.LVL34:
2973:Drivers/STM32L4xx_HAL_Driver/Src/stm32l4xx_hal_rcc_ex.c **** #endif
 391              		.loc 1 2973 7 is_stmt 0 view .LVU137
 392 005e C268     		ldr	r2, [r0, #12]
 393 0060 22F07302 		bic	r2, r2, #115
 394 0064 6168     		ldr	r1, [r4, #4]
 395              	.LVL35:
2973:Drivers/STM32L4xx_HAL_Driver/Src/stm32l4xx_hal_rcc_ex.c **** #endif
 396              		.loc 1 2973 7 view .LVU138
 397 0066 0139     		subs	r1, r1, #1
 398 0068 43EA0113 		orr	r3, r3, r1, lsl #4
 399 006c 1343     		orrs	r3, r3, r2
 400 006e C360     		str	r3, [r0, #12]
 401 0070 0026     		movs	r6, #0
 402              	.L29:
 403              	.LVL36:
2978:Drivers/STM32L4xx_HAL_Driver/Src/stm32l4xx_hal_rcc_ex.c ****   {
 404              		.loc 1 2978 3 is_stmt 1 view .LVU139
2978:Drivers/STM32L4xx_HAL_Driver/Src/stm32l4xx_hal_rcc_ex.c ****   {
 405              		.loc 1 2978 5 is_stmt 0 view .LVU140
 406 0072 002E     		cmp	r6, #0
 407 0074 D4D1     		bne	.L25
 408              	.LVL37:
 409              	.L26:
2981:Drivers/STM32L4xx_HAL_Driver/Src/stm32l4xx_hal_rcc_ex.c **** 
 410              		.loc 1 2981 5 is_stmt 1 view .LVU141
 411 0076 3D4A     		ldr	r2, .L53
 412 0078 1368     		ldr	r3, [r2]
 413 007a 23F08063 		bic	r3, r3, #67108864
 414 007e 1360     		str	r3, [r2]
2984:Drivers/STM32L4xx_HAL_Driver/Src/stm32l4xx_hal_rcc_ex.c **** 
ARM GAS  /tmp/cc4nR4Y7.s 			page 72


 415              		.loc 1 2984 5 view .LVU142
2984:Drivers/STM32L4xx_HAL_Driver/Src/stm32l4xx_hal_rcc_ex.c **** 
 416              		.loc 1 2984 17 is_stmt 0 view .LVU143
 417 0080 FFF7FEFF 		bl	HAL_GetTick
 418              	.LVL38:
 419 0084 0746     		mov	r7, r0
 420              	.LVL39:
2987:Drivers/STM32L4xx_HAL_Driver/Src/stm32l4xx_hal_rcc_ex.c ****     {
 421              		.loc 1 2987 5 is_stmt 1 view .LVU144
 422              	.L31:
2987:Drivers/STM32L4xx_HAL_Driver/Src/stm32l4xx_hal_rcc_ex.c ****     {
 423              		.loc 1 2987 48 view .LVU145
2987:Drivers/STM32L4xx_HAL_Driver/Src/stm32l4xx_hal_rcc_ex.c ****     {
 424              		.loc 1 2987 11 is_stmt 0 view .LVU146
 425 0086 394B     		ldr	r3, .L53
 426 0088 1B68     		ldr	r3, [r3]
2987:Drivers/STM32L4xx_HAL_Driver/Src/stm32l4xx_hal_rcc_ex.c ****     {
 427              		.loc 1 2987 48 view .LVU147
 428 008a 13F0006F 		tst	r3, #134217728
 429 008e 05D0     		beq	.L32
2989:Drivers/STM32L4xx_HAL_Driver/Src/stm32l4xx_hal_rcc_ex.c ****       {
 430              		.loc 1 2989 7 is_stmt 1 view .LVU148
2989:Drivers/STM32L4xx_HAL_Driver/Src/stm32l4xx_hal_rcc_ex.c ****       {
 431              		.loc 1 2989 11 is_stmt 0 view .LVU149
 432 0090 FFF7FEFF 		bl	HAL_GetTick
 433              	.LVL40:
2989:Drivers/STM32L4xx_HAL_Driver/Src/stm32l4xx_hal_rcc_ex.c ****       {
 434              		.loc 1 2989 25 discriminator 1 view .LVU150
 435 0094 C31B     		subs	r3, r0, r7
2989:Drivers/STM32L4xx_HAL_Driver/Src/stm32l4xx_hal_rcc_ex.c ****       {
 436              		.loc 1 2989 9 discriminator 1 view .LVU151
 437 0096 022B     		cmp	r3, #2
 438 0098 F5D9     		bls	.L31
2991:Drivers/STM32L4xx_HAL_Driver/Src/stm32l4xx_hal_rcc_ex.c ****         break;
 439              		.loc 1 2991 16 view .LVU152
 440 009a 0326     		movs	r6, #3
 441              	.L32:
 442              	.LVL41:
2996:Drivers/STM32L4xx_HAL_Driver/Src/stm32l4xx_hal_rcc_ex.c ****     {
 443              		.loc 1 2996 5 is_stmt 1 view .LVU153
2996:Drivers/STM32L4xx_HAL_Driver/Src/stm32l4xx_hal_rcc_ex.c ****     {
 444              		.loc 1 2996 7 is_stmt 0 view .LVU154
 445 009c 002E     		cmp	r6, #0
 446 009e BFD1     		bne	.L25
2998:Drivers/STM32L4xx_HAL_Driver/Src/stm32l4xx_hal_rcc_ex.c ****       {
 447              		.loc 1 2998 7 is_stmt 1 view .LVU155
2998:Drivers/STM32L4xx_HAL_Driver/Src/stm32l4xx_hal_rcc_ex.c ****       {
 448              		.loc 1 2998 9 is_stmt 0 view .LVU156
 449 00a0 002D     		cmp	r5, #0
 450 00a2 3DD1     		bne	.L34
3000:Drivers/STM32L4xx_HAL_Driver/Src/stm32l4xx_hal_rcc_ex.c **** #if defined(RCC_PLLSAI1M_DIV_1_16_SUPPORT)
 451              		.loc 1 3000 9 is_stmt 1 view .LVU157
3026:Drivers/STM32L4xx_HAL_Driver/Src/stm32l4xx_hal_rcc_ex.c ****                    RCC_PLLSAI1CFGR_PLLSAI1N | RCC_PLLSAI1CFGR_PLLSAI1P,
 452              		.loc 1 3026 9 view .LVU158
 453 00a4 3149     		ldr	r1, .L53
 454 00a6 0B69     		ldr	r3, [r1, #16]
 455 00a8 23F41F33 		bic	r3, r3, #162816
ARM GAS  /tmp/cc4nR4Y7.s 			page 73


 456 00ac 23F44073 		bic	r3, r3, #768
 457 00b0 A068     		ldr	r0, [r4, #8]
 458 00b2 E268     		ldr	r2, [r4, #12]
 459 00b4 1209     		lsrs	r2, r2, #4
 460 00b6 5204     		lsls	r2, r2, #17
 461 00b8 42EA0022 		orr	r2, r2, r0, lsl #8
 462 00bc 1343     		orrs	r3, r3, r2
 463 00be 0B61     		str	r3, [r1, #16]
 464              	.L35:
3072:Drivers/STM32L4xx_HAL_Driver/Src/stm32l4xx_hal_rcc_ex.c **** 
 465              		.loc 1 3072 7 view .LVU159
 466 00c0 2A4A     		ldr	r2, .L53
 467 00c2 1368     		ldr	r3, [r2]
 468 00c4 43F08063 		orr	r3, r3, #67108864
 469 00c8 1360     		str	r3, [r2]
3075:Drivers/STM32L4xx_HAL_Driver/Src/stm32l4xx_hal_rcc_ex.c **** 
 470              		.loc 1 3075 7 view .LVU160
3075:Drivers/STM32L4xx_HAL_Driver/Src/stm32l4xx_hal_rcc_ex.c **** 
 471              		.loc 1 3075 19 is_stmt 0 view .LVU161
 472 00ca FFF7FEFF 		bl	HAL_GetTick
 473              	.LVL42:
 474 00ce 0546     		mov	r5, r0
 475              	.LVL43:
3078:Drivers/STM32L4xx_HAL_Driver/Src/stm32l4xx_hal_rcc_ex.c ****       {
 476              		.loc 1 3078 7 is_stmt 1 view .LVU162
 477              	.L37:
3078:Drivers/STM32L4xx_HAL_Driver/Src/stm32l4xx_hal_rcc_ex.c ****       {
 478              		.loc 1 3078 50 view .LVU163
3078:Drivers/STM32L4xx_HAL_Driver/Src/stm32l4xx_hal_rcc_ex.c ****       {
 479              		.loc 1 3078 13 is_stmt 0 view .LVU164
 480 00d0 264B     		ldr	r3, .L53
 481 00d2 1B68     		ldr	r3, [r3]
3078:Drivers/STM32L4xx_HAL_Driver/Src/stm32l4xx_hal_rcc_ex.c ****       {
 482              		.loc 1 3078 50 view .LVU165
 483 00d4 13F0006F 		tst	r3, #134217728
 484 00d8 05D1     		bne	.L38
3080:Drivers/STM32L4xx_HAL_Driver/Src/stm32l4xx_hal_rcc_ex.c ****         {
 485              		.loc 1 3080 9 is_stmt 1 view .LVU166
3080:Drivers/STM32L4xx_HAL_Driver/Src/stm32l4xx_hal_rcc_ex.c ****         {
 486              		.loc 1 3080 13 is_stmt 0 view .LVU167
 487 00da FFF7FEFF 		bl	HAL_GetTick
 488              	.LVL44:
3080:Drivers/STM32L4xx_HAL_Driver/Src/stm32l4xx_hal_rcc_ex.c ****         {
 489              		.loc 1 3080 27 discriminator 1 view .LVU168
 490 00de 401B     		subs	r0, r0, r5
3080:Drivers/STM32L4xx_HAL_Driver/Src/stm32l4xx_hal_rcc_ex.c ****         {
 491              		.loc 1 3080 11 discriminator 1 view .LVU169
 492 00e0 0228     		cmp	r0, #2
 493 00e2 F5D9     		bls	.L37
3082:Drivers/STM32L4xx_HAL_Driver/Src/stm32l4xx_hal_rcc_ex.c ****           break;
 494              		.loc 1 3082 18 view .LVU170
 495 00e4 0326     		movs	r6, #3
 496              	.LVL45:
 497              	.L38:
3087:Drivers/STM32L4xx_HAL_Driver/Src/stm32l4xx_hal_rcc_ex.c ****       {
 498              		.loc 1 3087 7 is_stmt 1 view .LVU171
3087:Drivers/STM32L4xx_HAL_Driver/Src/stm32l4xx_hal_rcc_ex.c ****       {
ARM GAS  /tmp/cc4nR4Y7.s 			page 74


 499              		.loc 1 3087 9 is_stmt 0 view .LVU172
 500 00e6 002E     		cmp	r6, #0
 501 00e8 9AD1     		bne	.L25
3090:Drivers/STM32L4xx_HAL_Driver/Src/stm32l4xx_hal_rcc_ex.c ****       }
 502              		.loc 1 3090 9 is_stmt 1 view .LVU173
 503 00ea 204A     		ldr	r2, .L53
 504 00ec 1369     		ldr	r3, [r2, #16]
 505 00ee A169     		ldr	r1, [r4, #24]
 506 00f0 0B43     		orrs	r3, r3, r1
 507 00f2 1361     		str	r3, [r2, #16]
 508 00f4 94E7     		b	.L25
 509              	.LVL46:
 510              	.L27:
2947:Drivers/STM32L4xx_HAL_Driver/Src/stm32l4xx_hal_rcc_ex.c ****       {
 511              		.loc 1 2947 7 view .LVU174
2947:Drivers/STM32L4xx_HAL_Driver/Src/stm32l4xx_hal_rcc_ex.c ****       {
 512              		.loc 1 2947 10 is_stmt 0 view .LVU175
 513 00f6 1D4A     		ldr	r2, .L53
 514 00f8 1268     		ldr	r2, [r2]
2947:Drivers/STM32L4xx_HAL_Driver/Src/stm32l4xx_hal_rcc_ex.c ****       {
 515              		.loc 1 2947 9 view .LVU176
 516 00fa 12F4806F 		tst	r2, #1024
 517 00fe ADD1     		bne	.L30
 518 0100 0126     		movs	r6, #1
 519 0102 8DE7     		b	.L25
 520              	.L28:
2953:Drivers/STM32L4xx_HAL_Driver/Src/stm32l4xx_hal_rcc_ex.c ****       {
 521              		.loc 1 2953 7 is_stmt 1 view .LVU177
2953:Drivers/STM32L4xx_HAL_Driver/Src/stm32l4xx_hal_rcc_ex.c ****       {
 522              		.loc 1 2953 10 is_stmt 0 view .LVU178
 523 0104 194A     		ldr	r2, .L53
 524 0106 1268     		ldr	r2, [r2]
2953:Drivers/STM32L4xx_HAL_Driver/Src/stm32l4xx_hal_rcc_ex.c ****       {
 525              		.loc 1 2953 9 view .LVU179
 526 0108 12F4003F 		tst	r2, #131072
 527 010c A6D1     		bne	.L30
2955:Drivers/STM32L4xx_HAL_Driver/Src/stm32l4xx_hal_rcc_ex.c ****         {
 528              		.loc 1 2955 9 is_stmt 1 view .LVU180
2955:Drivers/STM32L4xx_HAL_Driver/Src/stm32l4xx_hal_rcc_ex.c ****         {
 529              		.loc 1 2955 12 is_stmt 0 view .LVU181
 530 010e 174A     		ldr	r2, .L53
 531 0110 1268     		ldr	r2, [r2]
2955:Drivers/STM32L4xx_HAL_Driver/Src/stm32l4xx_hal_rcc_ex.c ****         {
 532              		.loc 1 2955 11 view .LVU182
 533 0112 12F4802F 		tst	r2, #262144
 534 0116 A1D1     		bne	.L30
 535 0118 0126     		movs	r6, #1
 536 011a 81E7     		b	.L25
 537              	.L44:
2943:Drivers/STM32L4xx_HAL_Driver/Src/stm32l4xx_hal_rcc_ex.c ****       }
 538              		.loc 1 2943 16 view .LVU183
 539 011c 0126     		movs	r6, #1
 540 011e A8E7     		b	.L29
 541              	.LVL47:
 542              	.L34:
3034:Drivers/STM32L4xx_HAL_Driver/Src/stm32l4xx_hal_rcc_ex.c ****       {
 543              		.loc 1 3034 12 is_stmt 1 view .LVU184
ARM GAS  /tmp/cc4nR4Y7.s 			page 75


3034:Drivers/STM32L4xx_HAL_Driver/Src/stm32l4xx_hal_rcc_ex.c ****       {
 544              		.loc 1 3034 14 is_stmt 0 view .LVU185
 545 0120 012D     		cmp	r5, #1
 546 0122 0FD0     		beq	.L52
3054:Drivers/STM32L4xx_HAL_Driver/Src/stm32l4xx_hal_rcc_ex.c **** #if defined(RCC_PLLSAI1M_DIV_1_16_SUPPORT)
 547              		.loc 1 3054 9 is_stmt 1 view .LVU186
3064:Drivers/STM32L4xx_HAL_Driver/Src/stm32l4xx_hal_rcc_ex.c ****                    RCC_PLLSAI1CFGR_PLLSAI1N | RCC_PLLSAI1CFGR_PLLSAI1R,
 548              		.loc 1 3064 9 view .LVU187
 549 0124 1148     		ldr	r0, .L53
 550 0126 0269     		ldr	r2, [r0, #16]
 551 0128 22F0C062 		bic	r2, r2, #100663296
 552 012c 22F4FE42 		bic	r2, r2, #32512
 553 0130 A168     		ldr	r1, [r4, #8]
 554 0132 6369     		ldr	r3, [r4, #20]
 555 0134 5B08     		lsrs	r3, r3, #1
 556 0136 013B     		subs	r3, r3, #1
 557 0138 5B06     		lsls	r3, r3, #25
 558 013a 43EA0123 		orr	r3, r3, r1, lsl #8
 559 013e 1A43     		orrs	r2, r2, r3
 560 0140 0261     		str	r2, [r0, #16]
 561 0142 BDE7     		b	.L35
 562              	.L52:
3036:Drivers/STM32L4xx_HAL_Driver/Src/stm32l4xx_hal_rcc_ex.c **** #if defined(RCC_PLLSAI1M_DIV_1_16_SUPPORT)
 563              		.loc 1 3036 9 view .LVU188
3046:Drivers/STM32L4xx_HAL_Driver/Src/stm32l4xx_hal_rcc_ex.c ****                    RCC_PLLSAI1CFGR_PLLSAI1N | RCC_PLLSAI1CFGR_PLLSAI1Q,
 564              		.loc 1 3046 9 view .LVU189
 565 0144 0948     		ldr	r0, .L53
 566 0146 0269     		ldr	r2, [r0, #16]
 567 0148 22F4C002 		bic	r2, r2, #6291456
 568 014c 22F4FE42 		bic	r2, r2, #32512
 569 0150 A168     		ldr	r1, [r4, #8]
 570 0152 2369     		ldr	r3, [r4, #16]
 571 0154 5B08     		lsrs	r3, r3, #1
 572 0156 013B     		subs	r3, r3, #1
 573 0158 5B05     		lsls	r3, r3, #21
 574 015a 43EA0123 		orr	r3, r3, r1, lsl #8
 575 015e 1A43     		orrs	r2, r2, r3
 576 0160 0261     		str	r2, [r0, #16]
 577 0162 ADE7     		b	.L35
 578              	.LVL48:
 579              	.L41:
2932:Drivers/STM32L4xx_HAL_Driver/Src/stm32l4xx_hal_rcc_ex.c ****     }
 580              		.loc 1 2932 14 is_stmt 0 view .LVU190
 581 0164 0126     		movs	r6, #1
 582 0166 5BE7     		b	.L25
 583              	.L43:
2938:Drivers/STM32L4xx_HAL_Driver/Src/stm32l4xx_hal_rcc_ex.c ****     {
 584              		.loc 1 2938 5 view .LVU191
 585 0168 0126     		movs	r6, #1
 586 016a 59E7     		b	.L25
 587              	.L54:
 588              		.align	2
 589              	.L53:
 590 016c 00100240 		.word	1073876992
 591              		.cfi_endproc
 592              	.LFE150:
 594              		.section	.text.RCCEx_PLLSAI2_Config,"ax",%progbits
ARM GAS  /tmp/cc4nR4Y7.s 			page 76


 595              		.align	1
 596              		.syntax unified
 597              		.thumb
 598              		.thumb_func
 600              	RCCEx_PLLSAI2_Config:
 601              	.LVL49:
 602              	.LFB151:
3113:Drivers/STM32L4xx_HAL_Driver/Src/stm32l4xx_hal_rcc_ex.c ****   uint32_t tickstart;
 603              		.loc 1 3113 1 is_stmt 1 view -0
 604              		.cfi_startproc
 605              		@ args = 0, pretend = 0, frame = 0
 606              		@ frame_needed = 0, uses_anonymous_args = 0
3113:Drivers/STM32L4xx_HAL_Driver/Src/stm32l4xx_hal_rcc_ex.c ****   uint32_t tickstart;
 607              		.loc 1 3113 1 is_stmt 0 view .LVU193
 608 0000 F8B5     		push	{r3, r4, r5, r6, r7, lr}
 609              	.LCFI1:
 610              		.cfi_def_cfa_offset 24
 611              		.cfi_offset 3, -24
 612              		.cfi_offset 4, -20
 613              		.cfi_offset 5, -16
 614              		.cfi_offset 6, -12
 615              		.cfi_offset 7, -8
 616              		.cfi_offset 14, -4
 617 0002 0446     		mov	r4, r0
 618 0004 0D46     		mov	r5, r1
3114:Drivers/STM32L4xx_HAL_Driver/Src/stm32l4xx_hal_rcc_ex.c ****   HAL_StatusTypeDef status = HAL_OK;
 619              		.loc 1 3114 3 is_stmt 1 view .LVU194
3115:Drivers/STM32L4xx_HAL_Driver/Src/stm32l4xx_hal_rcc_ex.c **** 
 620              		.loc 1 3115 3 view .LVU195
 621              	.LVL50:
3119:Drivers/STM32L4xx_HAL_Driver/Src/stm32l4xx_hal_rcc_ex.c ****   assert_param(IS_RCC_PLLSAI2M_VALUE(PllSai2->PLLSAI2M));
 622              		.loc 1 3119 3 view .LVU196
3120:Drivers/STM32L4xx_HAL_Driver/Src/stm32l4xx_hal_rcc_ex.c ****   assert_param(IS_RCC_PLLSAI2N_VALUE(PllSai2->PLLSAI2N));
 623              		.loc 1 3120 3 view .LVU197
3121:Drivers/STM32L4xx_HAL_Driver/Src/stm32l4xx_hal_rcc_ex.c ****   assert_param(IS_RCC_PLLSAI2CLOCKOUT_VALUE(PllSai2->PLLSAI2ClockOut));
 624              		.loc 1 3121 3 view .LVU198
3122:Drivers/STM32L4xx_HAL_Driver/Src/stm32l4xx_hal_rcc_ex.c **** 
 625              		.loc 1 3122 3 view .LVU199
3125:Drivers/STM32L4xx_HAL_Driver/Src/stm32l4xx_hal_rcc_ex.c ****   {
 626              		.loc 1 3125 3 view .LVU200
3125:Drivers/STM32L4xx_HAL_Driver/Src/stm32l4xx_hal_rcc_ex.c ****   {
 627              		.loc 1 3125 6 is_stmt 0 view .LVU201
 628 0006 504B     		ldr	r3, .L83
 629 0008 DB68     		ldr	r3, [r3, #12]
3125:Drivers/STM32L4xx_HAL_Driver/Src/stm32l4xx_hal_rcc_ex.c ****   {
 630              		.loc 1 3125 5 view .LVU202
 631 000a 13F0030F 		tst	r3, #3
 632 000e 18D0     		beq	.L56
3128:Drivers/STM32L4xx_HAL_Driver/Src/stm32l4xx_hal_rcc_ex.c ****        ||
 633              		.loc 1 3128 5 is_stmt 1 view .LVU203
3128:Drivers/STM32L4xx_HAL_Driver/Src/stm32l4xx_hal_rcc_ex.c ****        ||
 634              		.loc 1 3128 9 is_stmt 0 view .LVU204
 635 0010 4D4B     		ldr	r3, .L83
 636 0012 DB68     		ldr	r3, [r3, #12]
 637 0014 03F00303 		and	r3, r3, #3
3128:Drivers/STM32L4xx_HAL_Driver/Src/stm32l4xx_hal_rcc_ex.c ****        ||
 638              		.loc 1 3128 49 view .LVU205
ARM GAS  /tmp/cc4nR4Y7.s 			page 77


 639 0018 0268     		ldr	r2, [r0]
3128:Drivers/STM32L4xx_HAL_Driver/Src/stm32l4xx_hal_rcc_ex.c ****        ||
 640              		.loc 1 3128 7 view .LVU206
 641 001a 9342     		cmp	r3, r2
 642 001c 02D0     		beq	.L81
3137:Drivers/STM32L4xx_HAL_Driver/Src/stm32l4xx_hal_rcc_ex.c ****     }
 643              		.loc 1 3137 14 view .LVU207
 644 001e 0126     		movs	r6, #1
 645              	.LVL51:
 646              	.L57:
3302:Drivers/STM32L4xx_HAL_Driver/Src/stm32l4xx_hal_rcc_ex.c **** }
 647              		.loc 1 3302 3 is_stmt 1 view .LVU208
3303:Drivers/STM32L4xx_HAL_Driver/Src/stm32l4xx_hal_rcc_ex.c **** 
 648              		.loc 1 3303 1 is_stmt 0 view .LVU209
 649 0020 3046     		mov	r0, r6
 650 0022 F8BD     		pop	{r3, r4, r5, r6, r7, pc}
 651              	.LVL52:
 652              	.L81:
3129:Drivers/STM32L4xx_HAL_Driver/Src/stm32l4xx_hal_rcc_ex.c ****        (PllSai2->PLLSAI2Source == RCC_PLLSOURCE_NONE)
 653              		.loc 1 3129 8 view .LVU210
 654 0024 002A     		cmp	r2, #0
 655 0026 00F08A80 		beq	.L72
3133:Drivers/STM32L4xx_HAL_Driver/Src/stm32l4xx_hal_rcc_ex.c **** #endif
 656              		.loc 1 3133 11 view .LVU211
 657 002a 474B     		ldr	r3, .L83
 658 002c DB68     		ldr	r3, [r3, #12]
3133:Drivers/STM32L4xx_HAL_Driver/Src/stm32l4xx_hal_rcc_ex.c **** #endif
 659              		.loc 1 3133 52 view .LVU212
 660 002e C3F30213 		ubfx	r3, r3, #4, #3
3133:Drivers/STM32L4xx_HAL_Driver/Src/stm32l4xx_hal_rcc_ex.c **** #endif
 661              		.loc 1 3133 77 view .LVU213
 662 0032 0133     		adds	r3, r3, #1
3133:Drivers/STM32L4xx_HAL_Driver/Src/stm32l4xx_hal_rcc_ex.c **** #endif
 663              		.loc 1 3133 93 view .LVU214
 664 0034 4268     		ldr	r2, [r0, #4]
3132:Drivers/STM32L4xx_HAL_Driver/Src/stm32l4xx_hal_rcc_ex.c ****        (((READ_BIT(RCC->PLLCFGR, RCC_PLLCFGR_PLLM) >> RCC_PLLCFGR_PLLM_Pos) + 1U) != PllSai2->PLLSA
 665              		.loc 1 3132 8 view .LVU215
 666 0036 9342     		cmp	r3, r2
 667 0038 01D0     		beq	.L82
3137:Drivers/STM32L4xx_HAL_Driver/Src/stm32l4xx_hal_rcc_ex.c ****     }
 668              		.loc 1 3137 14 view .LVU216
 669 003a 0126     		movs	r6, #1
 670 003c F0E7     		b	.L57
 671              	.L82:
3115:Drivers/STM32L4xx_HAL_Driver/Src/stm32l4xx_hal_rcc_ex.c **** 
 672              		.loc 1 3115 21 view .LVU217
 673 003e 0026     		movs	r6, #0
 674 0040 18E0     		b	.L58
 675              	.L56:
3143:Drivers/STM32L4xx_HAL_Driver/Src/stm32l4xx_hal_rcc_ex.c ****     {
 676              		.loc 1 3143 5 is_stmt 1 view .LVU218
3143:Drivers/STM32L4xx_HAL_Driver/Src/stm32l4xx_hal_rcc_ex.c ****     {
 677              		.loc 1 3143 19 is_stmt 0 view .LVU219
 678 0042 0368     		ldr	r3, [r0]
3143:Drivers/STM32L4xx_HAL_Driver/Src/stm32l4xx_hal_rcc_ex.c ****     {
 679              		.loc 1 3143 5 view .LVU220
 680 0044 022B     		cmp	r3, #2
ARM GAS  /tmp/cc4nR4Y7.s 			page 78


 681 0046 55D0     		beq	.L59
 682 0048 032B     		cmp	r3, #3
 683 004a 5AD0     		beq	.L60
 684 004c 012B     		cmp	r3, #1
 685 004e 78D1     		bne	.L74
3146:Drivers/STM32L4xx_HAL_Driver/Src/stm32l4xx_hal_rcc_ex.c ****       {
 686              		.loc 1 3146 7 is_stmt 1 view .LVU221
3146:Drivers/STM32L4xx_HAL_Driver/Src/stm32l4xx_hal_rcc_ex.c ****       {
 687              		.loc 1 3146 10 is_stmt 0 view .LVU222
 688 0050 3D4A     		ldr	r2, .L83
 689 0052 1268     		ldr	r2, [r2]
3146:Drivers/STM32L4xx_HAL_Driver/Src/stm32l4xx_hal_rcc_ex.c ****       {
 690              		.loc 1 3146 9 view .LVU223
 691 0054 12F0020F 		tst	r2, #2
 692 0058 5FD0     		beq	.L75
 693              	.L62:
 694              	.LVL53:
3178:Drivers/STM32L4xx_HAL_Driver/Src/stm32l4xx_hal_rcc_ex.c **** #endif
 695              		.loc 1 3178 7 is_stmt 1 view .LVU224
 696 005a 3B48     		ldr	r0, .L83
 697              	.LVL54:
3178:Drivers/STM32L4xx_HAL_Driver/Src/stm32l4xx_hal_rcc_ex.c **** #endif
 698              		.loc 1 3178 7 is_stmt 0 view .LVU225
 699 005c C268     		ldr	r2, [r0, #12]
 700 005e 22F07302 		bic	r2, r2, #115
 701 0062 6168     		ldr	r1, [r4, #4]
 702              	.LVL55:
3178:Drivers/STM32L4xx_HAL_Driver/Src/stm32l4xx_hal_rcc_ex.c **** #endif
 703              		.loc 1 3178 7 view .LVU226
 704 0064 0139     		subs	r1, r1, #1
 705 0066 43EA0113 		orr	r3, r3, r1, lsl #4
 706 006a 1343     		orrs	r3, r3, r2
 707 006c C360     		str	r3, [r0, #12]
 708 006e 0026     		movs	r6, #0
 709              	.L61:
 710              	.LVL56:
3183:Drivers/STM32L4xx_HAL_Driver/Src/stm32l4xx_hal_rcc_ex.c ****   {
 711              		.loc 1 3183 3 is_stmt 1 view .LVU227
3183:Drivers/STM32L4xx_HAL_Driver/Src/stm32l4xx_hal_rcc_ex.c ****   {
 712              		.loc 1 3183 5 is_stmt 0 view .LVU228
 713 0070 002E     		cmp	r6, #0
 714 0072 D5D1     		bne	.L57
 715              	.LVL57:
 716              	.L58:
3186:Drivers/STM32L4xx_HAL_Driver/Src/stm32l4xx_hal_rcc_ex.c **** 
 717              		.loc 1 3186 5 is_stmt 1 view .LVU229
 718 0074 344A     		ldr	r2, .L83
 719 0076 1368     		ldr	r3, [r2]
 720 0078 23F08053 		bic	r3, r3, #268435456
 721 007c 1360     		str	r3, [r2]
3189:Drivers/STM32L4xx_HAL_Driver/Src/stm32l4xx_hal_rcc_ex.c **** 
 722              		.loc 1 3189 5 view .LVU230
3189:Drivers/STM32L4xx_HAL_Driver/Src/stm32l4xx_hal_rcc_ex.c **** 
 723              		.loc 1 3189 17 is_stmt 0 view .LVU231
 724 007e FFF7FEFF 		bl	HAL_GetTick
 725              	.LVL58:
 726 0082 0746     		mov	r7, r0
ARM GAS  /tmp/cc4nR4Y7.s 			page 79


 727              	.LVL59:
3192:Drivers/STM32L4xx_HAL_Driver/Src/stm32l4xx_hal_rcc_ex.c ****     {
 728              		.loc 1 3192 5 is_stmt 1 view .LVU232
 729              	.L63:
3192:Drivers/STM32L4xx_HAL_Driver/Src/stm32l4xx_hal_rcc_ex.c ****     {
 730              		.loc 1 3192 48 view .LVU233
3192:Drivers/STM32L4xx_HAL_Driver/Src/stm32l4xx_hal_rcc_ex.c ****     {
 731              		.loc 1 3192 11 is_stmt 0 view .LVU234
 732 0084 304B     		ldr	r3, .L83
 733 0086 1B68     		ldr	r3, [r3]
3192:Drivers/STM32L4xx_HAL_Driver/Src/stm32l4xx_hal_rcc_ex.c ****     {
 734              		.loc 1 3192 48 view .LVU235
 735 0088 13F0005F 		tst	r3, #536870912
 736 008c 05D0     		beq	.L64
3194:Drivers/STM32L4xx_HAL_Driver/Src/stm32l4xx_hal_rcc_ex.c ****       {
 737              		.loc 1 3194 7 is_stmt 1 view .LVU236
3194:Drivers/STM32L4xx_HAL_Driver/Src/stm32l4xx_hal_rcc_ex.c ****       {
 738              		.loc 1 3194 11 is_stmt 0 view .LVU237
 739 008e FFF7FEFF 		bl	HAL_GetTick
 740              	.LVL60:
3194:Drivers/STM32L4xx_HAL_Driver/Src/stm32l4xx_hal_rcc_ex.c ****       {
 741              		.loc 1 3194 25 discriminator 1 view .LVU238
 742 0092 C31B     		subs	r3, r0, r7
3194:Drivers/STM32L4xx_HAL_Driver/Src/stm32l4xx_hal_rcc_ex.c ****       {
 743              		.loc 1 3194 9 discriminator 1 view .LVU239
 744 0094 022B     		cmp	r3, #2
 745 0096 F5D9     		bls	.L63
3196:Drivers/STM32L4xx_HAL_Driver/Src/stm32l4xx_hal_rcc_ex.c ****         break;
 746              		.loc 1 3196 16 view .LVU240
 747 0098 0326     		movs	r6, #3
 748              	.L64:
 749              	.LVL61:
3201:Drivers/STM32L4xx_HAL_Driver/Src/stm32l4xx_hal_rcc_ex.c ****     {
 750              		.loc 1 3201 5 is_stmt 1 view .LVU241
3201:Drivers/STM32L4xx_HAL_Driver/Src/stm32l4xx_hal_rcc_ex.c ****     {
 751              		.loc 1 3201 7 is_stmt 0 view .LVU242
 752 009a 002E     		cmp	r6, #0
 753 009c C0D1     		bne	.L57
3203:Drivers/STM32L4xx_HAL_Driver/Src/stm32l4xx_hal_rcc_ex.c ****       {
 754              		.loc 1 3203 7 is_stmt 1 view .LVU243
3203:Drivers/STM32L4xx_HAL_Driver/Src/stm32l4xx_hal_rcc_ex.c ****       {
 755              		.loc 1 3203 9 is_stmt 0 view .LVU244
 756 009e 002D     		cmp	r5, #0
 757 00a0 3DD1     		bne	.L66
3205:Drivers/STM32L4xx_HAL_Driver/Src/stm32l4xx_hal_rcc_ex.c **** #if defined(RCC_PLLSAI2M_DIV_1_16_SUPPORT)
 758              		.loc 1 3205 9 is_stmt 1 view .LVU245
3231:Drivers/STM32L4xx_HAL_Driver/Src/stm32l4xx_hal_rcc_ex.c ****                    RCC_PLLSAI2CFGR_PLLSAI2N | RCC_PLLSAI2CFGR_PLLSAI2P,
 759              		.loc 1 3231 9 view .LVU246
 760 00a2 2949     		ldr	r1, .L83
 761 00a4 4B69     		ldr	r3, [r1, #20]
 762 00a6 23F41F33 		bic	r3, r3, #162816
 763 00aa 23F44073 		bic	r3, r3, #768
 764 00ae A068     		ldr	r0, [r4, #8]
 765 00b0 E268     		ldr	r2, [r4, #12]
 766 00b2 1209     		lsrs	r2, r2, #4
 767 00b4 5204     		lsls	r2, r2, #17
 768 00b6 42EA0022 		orr	r2, r2, r0, lsl #8
ARM GAS  /tmp/cc4nR4Y7.s 			page 80


 769 00ba 1343     		orrs	r3, r3, r2
 770 00bc 4B61     		str	r3, [r1, #20]
 771              	.L67:
3279:Drivers/STM32L4xx_HAL_Driver/Src/stm32l4xx_hal_rcc_ex.c **** 
 772              		.loc 1 3279 7 view .LVU247
 773 00be 224A     		ldr	r2, .L83
 774 00c0 1368     		ldr	r3, [r2]
 775 00c2 43F08053 		orr	r3, r3, #268435456
 776 00c6 1360     		str	r3, [r2]
3282:Drivers/STM32L4xx_HAL_Driver/Src/stm32l4xx_hal_rcc_ex.c **** 
 777              		.loc 1 3282 7 view .LVU248
3282:Drivers/STM32L4xx_HAL_Driver/Src/stm32l4xx_hal_rcc_ex.c **** 
 778              		.loc 1 3282 19 is_stmt 0 view .LVU249
 779 00c8 FFF7FEFF 		bl	HAL_GetTick
 780              	.LVL62:
 781 00cc 0546     		mov	r5, r0
 782              	.LVL63:
3285:Drivers/STM32L4xx_HAL_Driver/Src/stm32l4xx_hal_rcc_ex.c ****       {
 783              		.loc 1 3285 7 is_stmt 1 view .LVU250
 784              	.L68:
3285:Drivers/STM32L4xx_HAL_Driver/Src/stm32l4xx_hal_rcc_ex.c ****       {
 785              		.loc 1 3285 50 view .LVU251
3285:Drivers/STM32L4xx_HAL_Driver/Src/stm32l4xx_hal_rcc_ex.c ****       {
 786              		.loc 1 3285 13 is_stmt 0 view .LVU252
 787 00ce 1E4B     		ldr	r3, .L83
 788 00d0 1B68     		ldr	r3, [r3]
3285:Drivers/STM32L4xx_HAL_Driver/Src/stm32l4xx_hal_rcc_ex.c ****       {
 789              		.loc 1 3285 50 view .LVU253
 790 00d2 13F0005F 		tst	r3, #536870912
 791 00d6 05D1     		bne	.L69
3287:Drivers/STM32L4xx_HAL_Driver/Src/stm32l4xx_hal_rcc_ex.c ****         {
 792              		.loc 1 3287 9 is_stmt 1 view .LVU254
3287:Drivers/STM32L4xx_HAL_Driver/Src/stm32l4xx_hal_rcc_ex.c ****         {
 793              		.loc 1 3287 13 is_stmt 0 view .LVU255
 794 00d8 FFF7FEFF 		bl	HAL_GetTick
 795              	.LVL64:
3287:Drivers/STM32L4xx_HAL_Driver/Src/stm32l4xx_hal_rcc_ex.c ****         {
 796              		.loc 1 3287 27 discriminator 1 view .LVU256
 797 00dc 401B     		subs	r0, r0, r5
3287:Drivers/STM32L4xx_HAL_Driver/Src/stm32l4xx_hal_rcc_ex.c ****         {
 798              		.loc 1 3287 11 discriminator 1 view .LVU257
 799 00de 0228     		cmp	r0, #2
 800 00e0 F5D9     		bls	.L68
3289:Drivers/STM32L4xx_HAL_Driver/Src/stm32l4xx_hal_rcc_ex.c ****           break;
 801              		.loc 1 3289 18 view .LVU258
 802 00e2 0326     		movs	r6, #3
 803              	.LVL65:
 804              	.L69:
3294:Drivers/STM32L4xx_HAL_Driver/Src/stm32l4xx_hal_rcc_ex.c ****       {
 805              		.loc 1 3294 7 is_stmt 1 view .LVU259
3294:Drivers/STM32L4xx_HAL_Driver/Src/stm32l4xx_hal_rcc_ex.c ****       {
 806              		.loc 1 3294 9 is_stmt 0 view .LVU260
 807 00e4 002E     		cmp	r6, #0
 808 00e6 9BD1     		bne	.L57
3297:Drivers/STM32L4xx_HAL_Driver/Src/stm32l4xx_hal_rcc_ex.c ****       }
 809              		.loc 1 3297 9 is_stmt 1 view .LVU261
 810 00e8 174A     		ldr	r2, .L83
ARM GAS  /tmp/cc4nR4Y7.s 			page 81


 811 00ea 5369     		ldr	r3, [r2, #20]
 812 00ec 6169     		ldr	r1, [r4, #20]
 813 00ee 0B43     		orrs	r3, r3, r1
 814 00f0 5361     		str	r3, [r2, #20]
 815 00f2 95E7     		b	.L57
 816              	.LVL66:
 817              	.L59:
3152:Drivers/STM32L4xx_HAL_Driver/Src/stm32l4xx_hal_rcc_ex.c ****       {
 818              		.loc 1 3152 7 view .LVU262
3152:Drivers/STM32L4xx_HAL_Driver/Src/stm32l4xx_hal_rcc_ex.c ****       {
 819              		.loc 1 3152 10 is_stmt 0 view .LVU263
 820 00f4 144A     		ldr	r2, .L83
 821 00f6 1268     		ldr	r2, [r2]
3152:Drivers/STM32L4xx_HAL_Driver/Src/stm32l4xx_hal_rcc_ex.c ****       {
 822              		.loc 1 3152 9 view .LVU264
 823 00f8 12F4806F 		tst	r2, #1024
 824 00fc ADD1     		bne	.L62
 825 00fe 0126     		movs	r6, #1
 826 0100 8EE7     		b	.L57
 827              	.L60:
3158:Drivers/STM32L4xx_HAL_Driver/Src/stm32l4xx_hal_rcc_ex.c ****       {
 828              		.loc 1 3158 7 is_stmt 1 view .LVU265
3158:Drivers/STM32L4xx_HAL_Driver/Src/stm32l4xx_hal_rcc_ex.c ****       {
 829              		.loc 1 3158 10 is_stmt 0 view .LVU266
 830 0102 114A     		ldr	r2, .L83
 831 0104 1268     		ldr	r2, [r2]
3158:Drivers/STM32L4xx_HAL_Driver/Src/stm32l4xx_hal_rcc_ex.c ****       {
 832              		.loc 1 3158 9 view .LVU267
 833 0106 12F4003F 		tst	r2, #131072
 834 010a A6D1     		bne	.L62
3160:Drivers/STM32L4xx_HAL_Driver/Src/stm32l4xx_hal_rcc_ex.c ****         {
 835              		.loc 1 3160 9 is_stmt 1 view .LVU268
3160:Drivers/STM32L4xx_HAL_Driver/Src/stm32l4xx_hal_rcc_ex.c ****         {
 836              		.loc 1 3160 12 is_stmt 0 view .LVU269
 837 010c 0E4A     		ldr	r2, .L83
 838 010e 1268     		ldr	r2, [r2]
3160:Drivers/STM32L4xx_HAL_Driver/Src/stm32l4xx_hal_rcc_ex.c ****         {
 839              		.loc 1 3160 11 view .LVU270
 840 0110 12F4802F 		tst	r2, #262144
 841 0114 A1D1     		bne	.L62
 842 0116 0126     		movs	r6, #1
 843 0118 82E7     		b	.L57
 844              	.L75:
3148:Drivers/STM32L4xx_HAL_Driver/Src/stm32l4xx_hal_rcc_ex.c ****       }
 845              		.loc 1 3148 16 view .LVU271
 846 011a 0126     		movs	r6, #1
 847 011c A8E7     		b	.L61
 848              	.LVL67:
 849              	.L66:
3261:Drivers/STM32L4xx_HAL_Driver/Src/stm32l4xx_hal_rcc_ex.c **** #if defined(RCC_PLLSAI2M_DIV_1_16_SUPPORT)
 850              		.loc 1 3261 9 is_stmt 1 view .LVU272
3271:Drivers/STM32L4xx_HAL_Driver/Src/stm32l4xx_hal_rcc_ex.c ****                    RCC_PLLSAI2CFGR_PLLSAI2N | RCC_PLLSAI2CFGR_PLLSAI2R,
 851              		.loc 1 3271 9 view .LVU273
 852 011e 0A48     		ldr	r0, .L83
 853 0120 4269     		ldr	r2, [r0, #20]
 854 0122 22F0C062 		bic	r2, r2, #100663296
 855 0126 22F4FE42 		bic	r2, r2, #32512
ARM GAS  /tmp/cc4nR4Y7.s 			page 82


 856 012a A168     		ldr	r1, [r4, #8]
 857 012c 2369     		ldr	r3, [r4, #16]
 858 012e 5B08     		lsrs	r3, r3, #1
 859 0130 013B     		subs	r3, r3, #1
 860 0132 5B06     		lsls	r3, r3, #25
 861 0134 43EA0123 		orr	r3, r3, r1, lsl #8
 862 0138 1A43     		orrs	r2, r2, r3
 863 013a 4261     		str	r2, [r0, #20]
 864 013c BFE7     		b	.L67
 865              	.LVL68:
 866              	.L72:
3137:Drivers/STM32L4xx_HAL_Driver/Src/stm32l4xx_hal_rcc_ex.c ****     }
 867              		.loc 1 3137 14 is_stmt 0 view .LVU274
 868 013e 0126     		movs	r6, #1
 869 0140 6EE7     		b	.L57
 870              	.L74:
3143:Drivers/STM32L4xx_HAL_Driver/Src/stm32l4xx_hal_rcc_ex.c ****     {
 871              		.loc 1 3143 5 view .LVU275
 872 0142 0126     		movs	r6, #1
 873 0144 6CE7     		b	.L57
 874              	.L84:
 875 0146 00BF     		.align	2
 876              	.L83:
 877 0148 00100240 		.word	1073876992
 878              		.cfi_endproc
 879              	.LFE151:
 881              		.section	.text.HAL_RCCEx_PeriphCLKConfig,"ax",%progbits
 882              		.align	1
 883              		.global	HAL_RCCEx_PeriphCLKConfig
 884              		.syntax unified
 885              		.thumb
 886              		.thumb_func
 888              	HAL_RCCEx_PeriphCLKConfig:
 889              	.LVL69:
 890              	.LFB132:
 195:Drivers/STM32L4xx_HAL_Driver/Src/stm32l4xx_hal_rcc_ex.c ****   uint32_t tmpregister, tickstart;     /* no init needed */
 891              		.loc 1 195 1 is_stmt 1 view -0
 892              		.cfi_startproc
 893              		@ args = 0, pretend = 0, frame = 8
 894              		@ frame_needed = 0, uses_anonymous_args = 0
 195:Drivers/STM32L4xx_HAL_Driver/Src/stm32l4xx_hal_rcc_ex.c ****   uint32_t tmpregister, tickstart;     /* no init needed */
 895              		.loc 1 195 1 is_stmt 0 view .LVU277
 896 0000 2DE9F041 		push	{r4, r5, r6, r7, r8, lr}
 897              	.LCFI2:
 898              		.cfi_def_cfa_offset 24
 899              		.cfi_offset 4, -24
 900              		.cfi_offset 5, -20
 901              		.cfi_offset 6, -16
 902              		.cfi_offset 7, -12
 903              		.cfi_offset 8, -8
 904              		.cfi_offset 14, -4
 905 0004 82B0     		sub	sp, sp, #8
 906              	.LCFI3:
 907              		.cfi_def_cfa_offset 32
 908 0006 0446     		mov	r4, r0
 196:Drivers/STM32L4xx_HAL_Driver/Src/stm32l4xx_hal_rcc_ex.c ****   HAL_StatusTypeDef ret = HAL_OK;      /* Intermediate status */
 909              		.loc 1 196 3 is_stmt 1 view .LVU278
ARM GAS  /tmp/cc4nR4Y7.s 			page 83


 197:Drivers/STM32L4xx_HAL_Driver/Src/stm32l4xx_hal_rcc_ex.c ****   HAL_StatusTypeDef status = HAL_OK;   /* Final status */
 910              		.loc 1 197 3 view .LVU279
 911              	.LVL70:
 198:Drivers/STM32L4xx_HAL_Driver/Src/stm32l4xx_hal_rcc_ex.c **** 
 912              		.loc 1 198 3 view .LVU280
 201:Drivers/STM32L4xx_HAL_Driver/Src/stm32l4xx_hal_rcc_ex.c **** 
 913              		.loc 1 201 3 view .LVU281
 206:Drivers/STM32L4xx_HAL_Driver/Src/stm32l4xx_hal_rcc_ex.c ****   {
 914              		.loc 1 206 3 view .LVU282
 206:Drivers/STM32L4xx_HAL_Driver/Src/stm32l4xx_hal_rcc_ex.c ****   {
 915              		.loc 1 206 22 is_stmt 0 view .LVU283
 916 0008 0368     		ldr	r3, [r0]
 206:Drivers/STM32L4xx_HAL_Driver/Src/stm32l4xx_hal_rcc_ex.c ****   {
 917              		.loc 1 206 5 view .LVU284
 918 000a 13F4006F 		tst	r3, #2048
 919 000e 33D0     		beq	.L130
 209:Drivers/STM32L4xx_HAL_Driver/Src/stm32l4xx_hal_rcc_ex.c **** 
 920              		.loc 1 209 5 is_stmt 1 view .LVU285
 211:Drivers/STM32L4xx_HAL_Driver/Src/stm32l4xx_hal_rcc_ex.c ****     {
 921              		.loc 1 211 5 view .LVU286
 211:Drivers/STM32L4xx_HAL_Driver/Src/stm32l4xx_hal_rcc_ex.c ****     {
 922              		.loc 1 211 25 is_stmt 0 view .LVU287
 923 0010 436E     		ldr	r3, [r0, #100]
 211:Drivers/STM32L4xx_HAL_Driver/Src/stm32l4xx_hal_rcc_ex.c ****     {
 924              		.loc 1 211 5 view .LVU288
 925 0012 B3F5000F 		cmp	r3, #8388608
 926 0016 15D0     		beq	.L87
 927 0018 0CD8     		bhi	.L88
 928 001a 23B3     		cbz	r3, .L89
 929 001c B3F5800F 		cmp	r3, #4194304
 930 0020 05D1     		bne	.L145
 233:Drivers/STM32L4xx_HAL_Driver/Src/stm32l4xx_hal_rcc_ex.c ****       /* SAI1 clock source config set later after clock selection check */
 931              		.loc 1 233 7 is_stmt 1 view .LVU289
 233:Drivers/STM32L4xx_HAL_Driver/Src/stm32l4xx_hal_rcc_ex.c ****       /* SAI1 clock source config set later after clock selection check */
 932              		.loc 1 233 13 is_stmt 0 view .LVU290
 933 0022 0021     		movs	r1, #0
 934 0024 2030     		adds	r0, r0, #32
 935              	.LVL71:
 233:Drivers/STM32L4xx_HAL_Driver/Src/stm32l4xx_hal_rcc_ex.c ****       /* SAI1 clock source config set later after clock selection check */
 936              		.loc 1 233 13 view .LVU291
 937 0026 FFF7FEFF 		bl	RCCEx_PLLSAI2_Config
 938              	.LVL72:
 939 002a 0646     		mov	r6, r0
 940              	.LVL73:
 235:Drivers/STM32L4xx_HAL_Driver/Src/stm32l4xx_hal_rcc_ex.c **** 
 941              		.loc 1 235 7 is_stmt 1 view .LVU292
 942 002c 20E0     		b	.L92
 943              	.LVL74:
 944              	.L145:
 211:Drivers/STM32L4xx_HAL_Driver/Src/stm32l4xx_hal_rcc_ex.c ****     {
 945              		.loc 1 211 5 is_stmt 0 view .LVU293
 946 002e 0127     		movs	r7, #1
 947 0030 3E46     		mov	r6, r7
 948 0032 23E0     		b	.L86
 949              	.L88:
 950 0034 B3F5400F 		cmp	r3, #12582912
 951 0038 01D1     		bne	.L146
ARM GAS  /tmp/cc4nR4Y7.s 			page 84


 952 003a 0026     		movs	r6, #0
 953 003c 08E0     		b	.L91
 954              	.L146:
 955 003e 0127     		movs	r7, #1
 956 0040 3E46     		mov	r6, r7
 957 0042 1BE0     		b	.L86
 958              	.L87:
 216:Drivers/STM32L4xx_HAL_Driver/Src/stm32l4xx_hal_rcc_ex.c **** #else
 959              		.loc 1 216 7 is_stmt 1 view .LVU294
 960 0044 5E4A     		ldr	r2, .L159
 961 0046 D368     		ldr	r3, [r2, #12]
 962 0048 43F48033 		orr	r3, r3, #65536
 963 004c D360     		str	r3, [r2, #12]
 221:Drivers/STM32L4xx_HAL_Driver/Src/stm32l4xx_hal_rcc_ex.c **** 
 964              		.loc 1 221 7 view .LVU295
 251:Drivers/STM32L4xx_HAL_Driver/Src/stm32l4xx_hal_rcc_ex.c ****     {
 965              		.loc 1 251 5 view .LVU296
 197:Drivers/STM32L4xx_HAL_Driver/Src/stm32l4xx_hal_rcc_ex.c ****   HAL_StatusTypeDef status = HAL_OK;   /* Final status */
 966              		.loc 1 197 21 is_stmt 0 view .LVU297
 967 004e 0026     		movs	r6, #0
 968              	.LVL75:
 969              	.L91:
 254:Drivers/STM32L4xx_HAL_Driver/Src/stm32l4xx_hal_rcc_ex.c ****     }
 970              		.loc 1 254 7 is_stmt 1 view .LVU298
 971 0050 5B4A     		ldr	r2, .L159
 972 0052 D2F88830 		ldr	r3, [r2, #136]
 973 0056 23F44003 		bic	r3, r3, #12582912
 974 005a 616E     		ldr	r1, [r4, #100]
 975 005c 0B43     		orrs	r3, r3, r1
 976 005e C2F88830 		str	r3, [r2, #136]
 198:Drivers/STM32L4xx_HAL_Driver/Src/stm32l4xx_hal_rcc_ex.c **** 
 977              		.loc 1 198 21 is_stmt 0 view .LVU299
 978 0062 0027     		movs	r7, #0
 979 0064 0AE0     		b	.L86
 980              	.LVL76:
 981              	.L89:
 225:Drivers/STM32L4xx_HAL_Driver/Src/stm32l4xx_hal_rcc_ex.c ****       /* SAI1 clock source config set later after clock selection check */
 982              		.loc 1 225 7 is_stmt 1 view .LVU300
 225:Drivers/STM32L4xx_HAL_Driver/Src/stm32l4xx_hal_rcc_ex.c ****       /* SAI1 clock source config set later after clock selection check */
 983              		.loc 1 225 13 is_stmt 0 view .LVU301
 984 0066 0021     		movs	r1, #0
 985 0068 0430     		adds	r0, r0, #4
 986              	.LVL77:
 225:Drivers/STM32L4xx_HAL_Driver/Src/stm32l4xx_hal_rcc_ex.c ****       /* SAI1 clock source config set later after clock selection check */
 987              		.loc 1 225 13 view .LVU302
 988 006a FFF7FEFF 		bl	RCCEx_PLLSAI1_Config
 989              	.LVL78:
 990 006e 0646     		mov	r6, r0
 991              	.LVL79:
 227:Drivers/STM32L4xx_HAL_Driver/Src/stm32l4xx_hal_rcc_ex.c **** 
 992              		.loc 1 227 7 is_stmt 1 view .LVU303
 993              	.L92:
 251:Drivers/STM32L4xx_HAL_Driver/Src/stm32l4xx_hal_rcc_ex.c ****     {
 994              		.loc 1 251 5 view .LVU304
 251:Drivers/STM32L4xx_HAL_Driver/Src/stm32l4xx_hal_rcc_ex.c ****     {
 995              		.loc 1 251 7 is_stmt 0 view .LVU305
 996 0070 002E     		cmp	r6, #0
ARM GAS  /tmp/cc4nR4Y7.s 			page 85


 997 0072 EDD0     		beq	.L91
 259:Drivers/STM32L4xx_HAL_Driver/Src/stm32l4xx_hal_rcc_ex.c ****     }
 998              		.loc 1 259 14 view .LVU306
 999 0074 3746     		mov	r7, r6
 1000 0076 01E0     		b	.L86
 1001              	.LVL80:
 1002              	.L130:
 198:Drivers/STM32L4xx_HAL_Driver/Src/stm32l4xx_hal_rcc_ex.c **** 
 1003              		.loc 1 198 21 view .LVU307
 1004 0078 0027     		movs	r7, #0
 197:Drivers/STM32L4xx_HAL_Driver/Src/stm32l4xx_hal_rcc_ex.c ****   HAL_StatusTypeDef status = HAL_OK;   /* Final status */
 1005              		.loc 1 197 21 view .LVU308
 1006 007a 3E46     		mov	r6, r7
 1007              	.LVL81:
 1008              	.L86:
 268:Drivers/STM32L4xx_HAL_Driver/Src/stm32l4xx_hal_rcc_ex.c ****   {
 1009              		.loc 1 268 3 is_stmt 1 view .LVU309
 268:Drivers/STM32L4xx_HAL_Driver/Src/stm32l4xx_hal_rcc_ex.c ****   {
 1010              		.loc 1 268 22 is_stmt 0 view .LVU310
 1011 007c 2368     		ldr	r3, [r4]
 268:Drivers/STM32L4xx_HAL_Driver/Src/stm32l4xx_hal_rcc_ex.c ****   {
 1012              		.loc 1 268 5 view .LVU311
 1013 007e 13F4805F 		tst	r3, #4096
 1014 0082 30D0     		beq	.L93
 271:Drivers/STM32L4xx_HAL_Driver/Src/stm32l4xx_hal_rcc_ex.c **** 
 1015              		.loc 1 271 5 is_stmt 1 view .LVU312
 273:Drivers/STM32L4xx_HAL_Driver/Src/stm32l4xx_hal_rcc_ex.c ****     {
 1016              		.loc 1 273 5 view .LVU313
 273:Drivers/STM32L4xx_HAL_Driver/Src/stm32l4xx_hal_rcc_ex.c ****     {
 1017              		.loc 1 273 25 is_stmt 0 view .LVU314
 1018 0084 A36E     		ldr	r3, [r4, #104]
 273:Drivers/STM32L4xx_HAL_Driver/Src/stm32l4xx_hal_rcc_ex.c ****     {
 1019              		.loc 1 273 5 view .LVU315
 1020 0086 B3F1007F 		cmp	r3, #33554432
 1021 008a 1FD0     		beq	.L94
 1022 008c 0DD8     		bhi	.L95
 1023 008e 1BB3     		cbz	r3, .L96
 1024 0090 B3F1807F 		cmp	r3, #16777216
 1025 0094 06D1     		bne	.L147
 289:Drivers/STM32L4xx_HAL_Driver/Src/stm32l4xx_hal_rcc_ex.c ****       /* SAI2 clock source config set later after clock selection check */
 1026              		.loc 1 289 7 is_stmt 1 view .LVU316
 289:Drivers/STM32L4xx_HAL_Driver/Src/stm32l4xx_hal_rcc_ex.c ****       /* SAI2 clock source config set later after clock selection check */
 1027              		.loc 1 289 13 is_stmt 0 view .LVU317
 1028 0096 0021     		movs	r1, #0
 1029 0098 04F12000 		add	r0, r4, #32
 1030 009c FFF7FEFF 		bl	RCCEx_PLLSAI2_Config
 1031              	.LVL82:
 1032 00a0 0646     		mov	r6, r0
 1033              	.LVL83:
 291:Drivers/STM32L4xx_HAL_Driver/Src/stm32l4xx_hal_rcc_ex.c **** 
 1034              		.loc 1 291 7 is_stmt 1 view .LVU318
 1035 00a2 05E0     		b	.L98
 1036              	.L147:
 273:Drivers/STM32L4xx_HAL_Driver/Src/stm32l4xx_hal_rcc_ex.c ****     {
 1037              		.loc 1 273 5 is_stmt 0 view .LVU319
 1038 00a4 0127     		movs	r7, #1
 1039              	.LVL84:
ARM GAS  /tmp/cc4nR4Y7.s 			page 86


 273:Drivers/STM32L4xx_HAL_Driver/Src/stm32l4xx_hal_rcc_ex.c ****     {
 1040              		.loc 1 273 5 view .LVU320
 1041 00a6 3E46     		mov	r6, r7
 1042              	.LVL85:
 273:Drivers/STM32L4xx_HAL_Driver/Src/stm32l4xx_hal_rcc_ex.c ****     {
 1043              		.loc 1 273 5 view .LVU321
 1044 00a8 1DE0     		b	.L93
 1045              	.LVL86:
 1046              	.L95:
 273:Drivers/STM32L4xx_HAL_Driver/Src/stm32l4xx_hal_rcc_ex.c ****     {
 1047              		.loc 1 273 5 view .LVU322
 1048 00aa B3F1407F 		cmp	r3, #50331648
 1049 00ae 0AD1     		bne	.L148
 1050              	.L98:
 305:Drivers/STM32L4xx_HAL_Driver/Src/stm32l4xx_hal_rcc_ex.c ****     {
 1051              		.loc 1 305 5 is_stmt 1 view .LVU323
 305:Drivers/STM32L4xx_HAL_Driver/Src/stm32l4xx_hal_rcc_ex.c ****     {
 1052              		.loc 1 305 7 is_stmt 0 view .LVU324
 1053 00b0 C6B9     		cbnz	r6, .L133
 308:Drivers/STM32L4xx_HAL_Driver/Src/stm32l4xx_hal_rcc_ex.c ****     }
 1054              		.loc 1 308 7 is_stmt 1 view .LVU325
 1055 00b2 434A     		ldr	r2, .L159
 1056 00b4 D2F88830 		ldr	r3, [r2, #136]
 1057 00b8 23F04073 		bic	r3, r3, #50331648
 1058 00bc A16E     		ldr	r1, [r4, #104]
 1059 00be 0B43     		orrs	r3, r3, r1
 1060 00c0 C2F88830 		str	r3, [r2, #136]
 1061 00c4 0FE0     		b	.L93
 1062              	.L148:
 273:Drivers/STM32L4xx_HAL_Driver/Src/stm32l4xx_hal_rcc_ex.c ****     {
 1063              		.loc 1 273 5 is_stmt 0 view .LVU326
 1064 00c6 0127     		movs	r7, #1
 1065              	.LVL87:
 273:Drivers/STM32L4xx_HAL_Driver/Src/stm32l4xx_hal_rcc_ex.c ****     {
 1066              		.loc 1 273 5 view .LVU327
 1067 00c8 3E46     		mov	r6, r7
 1068              	.LVL88:
 273:Drivers/STM32L4xx_HAL_Driver/Src/stm32l4xx_hal_rcc_ex.c ****     {
 1069              		.loc 1 273 5 view .LVU328
 1070 00ca 0CE0     		b	.L93
 1071              	.LVL89:
 1072              	.L94:
 277:Drivers/STM32L4xx_HAL_Driver/Src/stm32l4xx_hal_rcc_ex.c ****       /* SAI2 clock source config set later after clock selection check */
 1073              		.loc 1 277 7 is_stmt 1 view .LVU329
 1074 00cc 3C4A     		ldr	r2, .L159
 1075 00ce D368     		ldr	r3, [r2, #12]
 1076 00d0 43F48033 		orr	r3, r3, #65536
 1077 00d4 D360     		str	r3, [r2, #12]
 279:Drivers/STM32L4xx_HAL_Driver/Src/stm32l4xx_hal_rcc_ex.c **** 
 1078              		.loc 1 279 7 view .LVU330
 1079 00d6 EBE7     		b	.L98
 1080              	.L96:
 283:Drivers/STM32L4xx_HAL_Driver/Src/stm32l4xx_hal_rcc_ex.c ****       /* SAI2 clock source config set later after clock selection check */
 1081              		.loc 1 283 7 view .LVU331
 283:Drivers/STM32L4xx_HAL_Driver/Src/stm32l4xx_hal_rcc_ex.c ****       /* SAI2 clock source config set later after clock selection check */
 1082              		.loc 1 283 13 is_stmt 0 view .LVU332
 1083 00d8 0021     		movs	r1, #0
ARM GAS  /tmp/cc4nR4Y7.s 			page 87


 1084 00da 201D     		adds	r0, r4, #4
 1085 00dc FFF7FEFF 		bl	RCCEx_PLLSAI1_Config
 1086              	.LVL90:
 1087 00e0 0646     		mov	r6, r0
 1088              	.LVL91:
 285:Drivers/STM32L4xx_HAL_Driver/Src/stm32l4xx_hal_rcc_ex.c **** 
 1089              		.loc 1 285 7 is_stmt 1 view .LVU333
 1090 00e2 E5E7     		b	.L98
 1091              	.L133:
 313:Drivers/STM32L4xx_HAL_Driver/Src/stm32l4xx_hal_rcc_ex.c ****     }
 1092              		.loc 1 313 14 is_stmt 0 view .LVU334
 1093 00e4 3746     		mov	r7, r6
 1094              	.LVL92:
 1095              	.L93:
 319:Drivers/STM32L4xx_HAL_Driver/Src/stm32l4xx_hal_rcc_ex.c ****   {
 1096              		.loc 1 319 3 is_stmt 1 view .LVU335
 319:Drivers/STM32L4xx_HAL_Driver/Src/stm32l4xx_hal_rcc_ex.c ****   {
 1097              		.loc 1 319 20 is_stmt 0 view .LVU336
 1098 00e6 2368     		ldr	r3, [r4]
 319:Drivers/STM32L4xx_HAL_Driver/Src/stm32l4xx_hal_rcc_ex.c ****   {
 1099              		.loc 1 319 5 view .LVU337
 1100 00e8 13F4003F 		tst	r3, #131072
 1101 00ec 71D0     		beq	.L99
 1102              	.LBB2:
 321:Drivers/STM32L4xx_HAL_Driver/Src/stm32l4xx_hal_rcc_ex.c **** 
 1103              		.loc 1 321 5 is_stmt 1 view .LVU338
 1104              	.LVL93:
 324:Drivers/STM32L4xx_HAL_Driver/Src/stm32l4xx_hal_rcc_ex.c **** 
 1105              		.loc 1 324 5 view .LVU339
 327:Drivers/STM32L4xx_HAL_Driver/Src/stm32l4xx_hal_rcc_ex.c ****     {
 1106              		.loc 1 327 5 view .LVU340
 327:Drivers/STM32L4xx_HAL_Driver/Src/stm32l4xx_hal_rcc_ex.c ****     {
 1107              		.loc 1 327 8 is_stmt 0 view .LVU341
 1108 00ee 344B     		ldr	r3, .L159
 1109 00f0 9B6D     		ldr	r3, [r3, #88]
 327:Drivers/STM32L4xx_HAL_Driver/Src/stm32l4xx_hal_rcc_ex.c ****     {
 1110              		.loc 1 327 40 view .LVU342
 1111 00f2 13F0805F 		tst	r3, #268435456
 1112 00f6 4ED1     		bne	.L134
 329:Drivers/STM32L4xx_HAL_Driver/Src/stm32l4xx_hal_rcc_ex.c ****       pwrclkchanged = SET;
 1113              		.loc 1 329 7 is_stmt 1 view .LVU343
 1114              	.LBB3:
 329:Drivers/STM32L4xx_HAL_Driver/Src/stm32l4xx_hal_rcc_ex.c ****       pwrclkchanged = SET;
 1115              		.loc 1 329 7 view .LVU344
 329:Drivers/STM32L4xx_HAL_Driver/Src/stm32l4xx_hal_rcc_ex.c ****       pwrclkchanged = SET;
 1116              		.loc 1 329 7 view .LVU345
 1117 00f8 314B     		ldr	r3, .L159
 1118 00fa 9A6D     		ldr	r2, [r3, #88]
 1119 00fc 42F08052 		orr	r2, r2, #268435456
 1120 0100 9A65     		str	r2, [r3, #88]
 329:Drivers/STM32L4xx_HAL_Driver/Src/stm32l4xx_hal_rcc_ex.c ****       pwrclkchanged = SET;
 1121              		.loc 1 329 7 view .LVU346
 1122 0102 9B6D     		ldr	r3, [r3, #88]
 1123 0104 03F08053 		and	r3, r3, #268435456
 1124 0108 0193     		str	r3, [sp, #4]
 329:Drivers/STM32L4xx_HAL_Driver/Src/stm32l4xx_hal_rcc_ex.c ****       pwrclkchanged = SET;
 1125              		.loc 1 329 7 view .LVU347
ARM GAS  /tmp/cc4nR4Y7.s 			page 88


 1126 010a 019B     		ldr	r3, [sp, #4]
 1127              	.LBE3:
 329:Drivers/STM32L4xx_HAL_Driver/Src/stm32l4xx_hal_rcc_ex.c ****       pwrclkchanged = SET;
 1128              		.loc 1 329 7 view .LVU348
 330:Drivers/STM32L4xx_HAL_Driver/Src/stm32l4xx_hal_rcc_ex.c ****     }
 1129              		.loc 1 330 7 view .LVU349
 1130              	.LVL94:
 330:Drivers/STM32L4xx_HAL_Driver/Src/stm32l4xx_hal_rcc_ex.c ****     }
 1131              		.loc 1 330 21 is_stmt 0 view .LVU350
 1132 010c 4FF00108 		mov	r8, #1
 1133              	.LVL95:
 1134              	.L100:
 334:Drivers/STM32L4xx_HAL_Driver/Src/stm32l4xx_hal_rcc_ex.c **** 
 1135              		.loc 1 334 5 is_stmt 1 view .LVU351
 1136 0110 2C4A     		ldr	r2, .L159+4
 1137 0112 1368     		ldr	r3, [r2]
 1138 0114 43F48073 		orr	r3, r3, #256
 1139 0118 1360     		str	r3, [r2]
 337:Drivers/STM32L4xx_HAL_Driver/Src/stm32l4xx_hal_rcc_ex.c **** 
 1140              		.loc 1 337 5 view .LVU352
 337:Drivers/STM32L4xx_HAL_Driver/Src/stm32l4xx_hal_rcc_ex.c **** 
 1141              		.loc 1 337 17 is_stmt 0 view .LVU353
 1142 011a FFF7FEFF 		bl	HAL_GetTick
 1143              	.LVL96:
 1144 011e 0546     		mov	r5, r0
 1145              	.LVL97:
 339:Drivers/STM32L4xx_HAL_Driver/Src/stm32l4xx_hal_rcc_ex.c ****     {
 1146              		.loc 1 339 5 is_stmt 1 view .LVU354
 1147              	.L101:
 339:Drivers/STM32L4xx_HAL_Driver/Src/stm32l4xx_hal_rcc_ex.c ****     {
 1148              		.loc 1 339 43 view .LVU355
 339:Drivers/STM32L4xx_HAL_Driver/Src/stm32l4xx_hal_rcc_ex.c ****     {
 1149              		.loc 1 339 11 is_stmt 0 view .LVU356
 1150 0120 284B     		ldr	r3, .L159+4
 1151 0122 1B68     		ldr	r3, [r3]
 339:Drivers/STM32L4xx_HAL_Driver/Src/stm32l4xx_hal_rcc_ex.c ****     {
 1152              		.loc 1 339 43 view .LVU357
 1153 0124 13F4807F 		tst	r3, #256
 1154 0128 05D1     		bne	.L102
 341:Drivers/STM32L4xx_HAL_Driver/Src/stm32l4xx_hal_rcc_ex.c ****       {
 1155              		.loc 1 341 7 is_stmt 1 view .LVU358
 341:Drivers/STM32L4xx_HAL_Driver/Src/stm32l4xx_hal_rcc_ex.c ****       {
 1156              		.loc 1 341 11 is_stmt 0 view .LVU359
 1157 012a FFF7FEFF 		bl	HAL_GetTick
 1158              	.LVL98:
 341:Drivers/STM32L4xx_HAL_Driver/Src/stm32l4xx_hal_rcc_ex.c ****       {
 1159              		.loc 1 341 25 discriminator 1 view .LVU360
 1160 012e 401B     		subs	r0, r0, r5
 341:Drivers/STM32L4xx_HAL_Driver/Src/stm32l4xx_hal_rcc_ex.c ****       {
 1161              		.loc 1 341 9 discriminator 1 view .LVU361
 1162 0130 0228     		cmp	r0, #2
 1163 0132 F5D9     		bls	.L101
 343:Drivers/STM32L4xx_HAL_Driver/Src/stm32l4xx_hal_rcc_ex.c ****         break;
 1164              		.loc 1 343 13 view .LVU362
 1165 0134 0326     		movs	r6, #3
 1166              	.LVL99:
 1167              	.L102:
ARM GAS  /tmp/cc4nR4Y7.s 			page 89


 348:Drivers/STM32L4xx_HAL_Driver/Src/stm32l4xx_hal_rcc_ex.c ****     {
 1168              		.loc 1 348 5 is_stmt 1 view .LVU363
 348:Drivers/STM32L4xx_HAL_Driver/Src/stm32l4xx_hal_rcc_ex.c ****     {
 1169              		.loc 1 348 7 is_stmt 0 view .LVU364
 1170 0136 002E     		cmp	r6, #0
 1171 0138 46D1     		bne	.L136
 351:Drivers/STM32L4xx_HAL_Driver/Src/stm32l4xx_hal_rcc_ex.c **** 
 1172              		.loc 1 351 7 is_stmt 1 view .LVU365
 351:Drivers/STM32L4xx_HAL_Driver/Src/stm32l4xx_hal_rcc_ex.c **** 
 1173              		.loc 1 351 21 is_stmt 0 view .LVU366
 1174 013a 214B     		ldr	r3, .L159
 1175 013c D3F89030 		ldr	r3, [r3, #144]
 1176              	.LVL100:
 353:Drivers/STM32L4xx_HAL_Driver/Src/stm32l4xx_hal_rcc_ex.c ****       {
 1177              		.loc 1 353 7 is_stmt 1 view .LVU367
 353:Drivers/STM32L4xx_HAL_Driver/Src/stm32l4xx_hal_rcc_ex.c ****       {
 1178              		.loc 1 353 9 is_stmt 0 view .LVU368
 1179 0140 13F44073 		ands	r3, r3, #768
 1180              	.LVL101:
 353:Drivers/STM32L4xx_HAL_Driver/Src/stm32l4xx_hal_rcc_ex.c ****       {
 1181              		.loc 1 353 9 view .LVU369
 1182 0144 19D0     		beq	.L105
 353:Drivers/STM32L4xx_HAL_Driver/Src/stm32l4xx_hal_rcc_ex.c ****       {
 1183              		.loc 1 353 81 discriminator 1 view .LVU370
 1184 0146 D4F88420 		ldr	r2, [r4, #132]
 353:Drivers/STM32L4xx_HAL_Driver/Src/stm32l4xx_hal_rcc_ex.c ****       {
 1185              		.loc 1 353 49 discriminator 1 view .LVU371
 1186 014a 9A42     		cmp	r2, r3
 1187 014c 12D0     		beq	.L106
 356:Drivers/STM32L4xx_HAL_Driver/Src/stm32l4xx_hal_rcc_ex.c ****         /* RTC Clock selection can be changed only if the Backup Domain is reset */
 1188              		.loc 1 356 9 is_stmt 1 view .LVU372
 356:Drivers/STM32L4xx_HAL_Driver/Src/stm32l4xx_hal_rcc_ex.c ****         /* RTC Clock selection can be changed only if the Backup Domain is reset */
 1189              		.loc 1 356 23 is_stmt 0 view .LVU373
 1190 014e 1C4A     		ldr	r2, .L159
 1191 0150 D2F89030 		ldr	r3, [r2, #144]
 1192              	.LVL102:
 356:Drivers/STM32L4xx_HAL_Driver/Src/stm32l4xx_hal_rcc_ex.c ****         /* RTC Clock selection can be changed only if the Backup Domain is reset */
 1193              		.loc 1 356 21 view .LVU374
 1194 0154 23F44073 		bic	r3, r3, #768
 1195              	.LVL103:
 358:Drivers/STM32L4xx_HAL_Driver/Src/stm32l4xx_hal_rcc_ex.c ****         __HAL_RCC_BACKUPRESET_RELEASE();
 1196              		.loc 1 358 9 is_stmt 1 view .LVU375
 1197 0158 D2F89010 		ldr	r1, [r2, #144]
 1198 015c 41F48031 		orr	r1, r1, #65536
 1199 0160 C2F89010 		str	r1, [r2, #144]
 359:Drivers/STM32L4xx_HAL_Driver/Src/stm32l4xx_hal_rcc_ex.c ****         /* Restore the Content of BDCR register */
 1200              		.loc 1 359 9 view .LVU376
 1201 0164 D2F89010 		ldr	r1, [r2, #144]
 1202 0168 21F48031 		bic	r1, r1, #65536
 1203 016c C2F89010 		str	r1, [r2, #144]
 361:Drivers/STM32L4xx_HAL_Driver/Src/stm32l4xx_hal_rcc_ex.c ****       }
 1204              		.loc 1 361 9 view .LVU377
 361:Drivers/STM32L4xx_HAL_Driver/Src/stm32l4xx_hal_rcc_ex.c ****       }
 1205              		.loc 1 361 19 is_stmt 0 view .LVU378
 1206 0170 C2F89030 		str	r3, [r2, #144]
 1207              	.L106:
 365:Drivers/STM32L4xx_HAL_Driver/Src/stm32l4xx_hal_rcc_ex.c ****       {
ARM GAS  /tmp/cc4nR4Y7.s 			page 90


 1208              		.loc 1 365 7 is_stmt 1 view .LVU379
 365:Drivers/STM32L4xx_HAL_Driver/Src/stm32l4xx_hal_rcc_ex.c ****       {
 1209              		.loc 1 365 10 is_stmt 0 view .LVU380
 1210 0174 13F0010F 		tst	r3, #1
 1211 0178 10D1     		bne	.L149
 1212              	.LVL104:
 1213              	.L105:
 381:Drivers/STM32L4xx_HAL_Driver/Src/stm32l4xx_hal_rcc_ex.c ****       {
 1214              		.loc 1 381 7 is_stmt 1 view .LVU381
 381:Drivers/STM32L4xx_HAL_Driver/Src/stm32l4xx_hal_rcc_ex.c ****       {
 1215              		.loc 1 381 9 is_stmt 0 view .LVU382
 1216 017a 002E     		cmp	r6, #0
 1217 017c 40F02781 		bne	.L138
 384:Drivers/STM32L4xx_HAL_Driver/Src/stm32l4xx_hal_rcc_ex.c ****       }
 1218              		.loc 1 384 9 is_stmt 1 view .LVU383
 1219 0180 0F4A     		ldr	r2, .L159
 1220 0182 D2F89030 		ldr	r3, [r2, #144]
 1221 0186 23F44073 		bic	r3, r3, #768
 1222 018a D4F88410 		ldr	r1, [r4, #132]
 1223 018e 0B43     		orrs	r3, r3, r1
 1224 0190 C2F89030 		str	r3, [r2, #144]
 1225 0194 19E0     		b	.L104
 1226              	.LVL105:
 1227              	.L134:
 321:Drivers/STM32L4xx_HAL_Driver/Src/stm32l4xx_hal_rcc_ex.c **** 
 1228              		.loc 1 321 22 is_stmt 0 view .LVU384
 1229 0196 4FF00008 		mov	r8, #0
 1230 019a B9E7     		b	.L100
 1231              	.LVL106:
 1232              	.L149:
 368:Drivers/STM32L4xx_HAL_Driver/Src/stm32l4xx_hal_rcc_ex.c **** 
 1233              		.loc 1 368 9 is_stmt 1 view .LVU385
 368:Drivers/STM32L4xx_HAL_Driver/Src/stm32l4xx_hal_rcc_ex.c **** 
 1234              		.loc 1 368 21 is_stmt 0 view .LVU386
 1235 019c FFF7FEFF 		bl	HAL_GetTick
 1236              	.LVL107:
 368:Drivers/STM32L4xx_HAL_Driver/Src/stm32l4xx_hal_rcc_ex.c **** 
 1237              		.loc 1 368 21 view .LVU387
 1238 01a0 0546     		mov	r5, r0
 1239              	.LVL108:
 371:Drivers/STM32L4xx_HAL_Driver/Src/stm32l4xx_hal_rcc_ex.c ****         {
 1240              		.loc 1 371 9 is_stmt 1 view .LVU388
 1241              	.L107:
 371:Drivers/STM32L4xx_HAL_Driver/Src/stm32l4xx_hal_rcc_ex.c ****         {
 1242              		.loc 1 371 52 view .LVU389
 371:Drivers/STM32L4xx_HAL_Driver/Src/stm32l4xx_hal_rcc_ex.c ****         {
 1243              		.loc 1 371 15 is_stmt 0 view .LVU390
 1244 01a2 074B     		ldr	r3, .L159
 1245 01a4 D3F89030 		ldr	r3, [r3, #144]
 371:Drivers/STM32L4xx_HAL_Driver/Src/stm32l4xx_hal_rcc_ex.c ****         {
 1246              		.loc 1 371 52 view .LVU391
 1247 01a8 13F0020F 		tst	r3, #2
 1248 01ac E5D1     		bne	.L105
 373:Drivers/STM32L4xx_HAL_Driver/Src/stm32l4xx_hal_rcc_ex.c ****           {
 1249              		.loc 1 373 11 is_stmt 1 view .LVU392
 373:Drivers/STM32L4xx_HAL_Driver/Src/stm32l4xx_hal_rcc_ex.c ****           {
 1250              		.loc 1 373 15 is_stmt 0 view .LVU393
ARM GAS  /tmp/cc4nR4Y7.s 			page 91


 1251 01ae FFF7FEFF 		bl	HAL_GetTick
 1252              	.LVL109:
 373:Drivers/STM32L4xx_HAL_Driver/Src/stm32l4xx_hal_rcc_ex.c ****           {
 1253              		.loc 1 373 29 discriminator 1 view .LVU394
 1254 01b2 401B     		subs	r0, r0, r5
 373:Drivers/STM32L4xx_HAL_Driver/Src/stm32l4xx_hal_rcc_ex.c ****           {
 1255              		.loc 1 373 13 discriminator 1 view .LVU395
 1256 01b4 41F28833 		movw	r3, #5000
 1257 01b8 9842     		cmp	r0, r3
 1258 01ba F2D9     		bls	.L107
 375:Drivers/STM32L4xx_HAL_Driver/Src/stm32l4xx_hal_rcc_ex.c ****             break;
 1259              		.loc 1 375 17 view .LVU396
 1260 01bc 0326     		movs	r6, #3
 1261              	.LVL110:
 375:Drivers/STM32L4xx_HAL_Driver/Src/stm32l4xx_hal_rcc_ex.c ****             break;
 1262              		.loc 1 375 17 view .LVU397
 1263 01be DCE7     		b	.L105
 1264              	.L160:
 1265              		.align	2
 1266              	.L159:
 1267 01c0 00100240 		.word	1073876992
 1268 01c4 00700040 		.word	1073770496
 1269              	.LVL111:
 1270              	.L136:
 395:Drivers/STM32L4xx_HAL_Driver/Src/stm32l4xx_hal_rcc_ex.c ****     }
 1271              		.loc 1 395 14 view .LVU398
 1272 01c8 3746     		mov	r7, r6
 1273              	.LVL112:
 1274              	.L104:
 399:Drivers/STM32L4xx_HAL_Driver/Src/stm32l4xx_hal_rcc_ex.c ****     {
 1275              		.loc 1 399 5 is_stmt 1 view .LVU399
 399:Drivers/STM32L4xx_HAL_Driver/Src/stm32l4xx_hal_rcc_ex.c ****     {
 1276              		.loc 1 399 7 is_stmt 0 view .LVU400
 1277 01ca B8F1000F 		cmp	r8, #0
 1278 01ce 40F00081 		bne	.L150
 1279              	.LVL113:
 1280              	.L99:
 399:Drivers/STM32L4xx_HAL_Driver/Src/stm32l4xx_hal_rcc_ex.c ****     {
 1281              		.loc 1 399 7 view .LVU401
 1282              	.LBE2:
 406:Drivers/STM32L4xx_HAL_Driver/Src/stm32l4xx_hal_rcc_ex.c ****   {
 1283              		.loc 1 406 3 is_stmt 1 view .LVU402
 406:Drivers/STM32L4xx_HAL_Driver/Src/stm32l4xx_hal_rcc_ex.c ****   {
 1284              		.loc 1 406 21 is_stmt 0 view .LVU403
 1285 01d2 2368     		ldr	r3, [r4]
 406:Drivers/STM32L4xx_HAL_Driver/Src/stm32l4xx_hal_rcc_ex.c ****   {
 1286              		.loc 1 406 5 view .LVU404
 1287 01d4 13F0010F 		tst	r3, #1
 1288 01d8 08D0     		beq	.L109
 409:Drivers/STM32L4xx_HAL_Driver/Src/stm32l4xx_hal_rcc_ex.c **** 
 1289              		.loc 1 409 5 is_stmt 1 view .LVU405
 412:Drivers/STM32L4xx_HAL_Driver/Src/stm32l4xx_hal_rcc_ex.c ****   }
 1290              		.loc 1 412 5 view .LVU406
 1291 01da 9D4A     		ldr	r2, .L161
 1292 01dc D2F88830 		ldr	r3, [r2, #136]
 1293 01e0 23F00303 		bic	r3, r3, #3
 1294 01e4 A16B     		ldr	r1, [r4, #56]
ARM GAS  /tmp/cc4nR4Y7.s 			page 92


 1295 01e6 0B43     		orrs	r3, r3, r1
 1296 01e8 C2F88830 		str	r3, [r2, #136]
 1297              	.L109:
 416:Drivers/STM32L4xx_HAL_Driver/Src/stm32l4xx_hal_rcc_ex.c ****   {
 1298              		.loc 1 416 3 view .LVU407
 416:Drivers/STM32L4xx_HAL_Driver/Src/stm32l4xx_hal_rcc_ex.c ****   {
 1299              		.loc 1 416 21 is_stmt 0 view .LVU408
 1300 01ec 2368     		ldr	r3, [r4]
 416:Drivers/STM32L4xx_HAL_Driver/Src/stm32l4xx_hal_rcc_ex.c ****   {
 1301              		.loc 1 416 5 view .LVU409
 1302 01ee 13F0020F 		tst	r3, #2
 1303 01f2 08D0     		beq	.L110
 419:Drivers/STM32L4xx_HAL_Driver/Src/stm32l4xx_hal_rcc_ex.c **** 
 1304              		.loc 1 419 5 is_stmt 1 view .LVU410
 422:Drivers/STM32L4xx_HAL_Driver/Src/stm32l4xx_hal_rcc_ex.c ****   }
 1305              		.loc 1 422 5 view .LVU411
 1306 01f4 964A     		ldr	r2, .L161
 1307 01f6 D2F88830 		ldr	r3, [r2, #136]
 1308 01fa 23F00C03 		bic	r3, r3, #12
 1309 01fe E16B     		ldr	r1, [r4, #60]
 1310 0200 0B43     		orrs	r3, r3, r1
 1311 0202 C2F88830 		str	r3, [r2, #136]
 1312              	.L110:
 428:Drivers/STM32L4xx_HAL_Driver/Src/stm32l4xx_hal_rcc_ex.c ****   {
 1313              		.loc 1 428 3 view .LVU412
 428:Drivers/STM32L4xx_HAL_Driver/Src/stm32l4xx_hal_rcc_ex.c ****   {
 1314              		.loc 1 428 21 is_stmt 0 view .LVU413
 1315 0206 2368     		ldr	r3, [r4]
 428:Drivers/STM32L4xx_HAL_Driver/Src/stm32l4xx_hal_rcc_ex.c ****   {
 1316              		.loc 1 428 5 view .LVU414
 1317 0208 13F0040F 		tst	r3, #4
 1318 020c 08D0     		beq	.L111
 431:Drivers/STM32L4xx_HAL_Driver/Src/stm32l4xx_hal_rcc_ex.c **** 
 1319              		.loc 1 431 5 is_stmt 1 view .LVU415
 434:Drivers/STM32L4xx_HAL_Driver/Src/stm32l4xx_hal_rcc_ex.c ****   }
 1320              		.loc 1 434 5 view .LVU416
 1321 020e 904A     		ldr	r2, .L161
 1322 0210 D2F88830 		ldr	r3, [r2, #136]
 1323 0214 23F03003 		bic	r3, r3, #48
 1324 0218 216C     		ldr	r1, [r4, #64]
 1325 021a 0B43     		orrs	r3, r3, r1
 1326 021c C2F88830 		str	r3, [r2, #136]
 1327              	.L111:
 442:Drivers/STM32L4xx_HAL_Driver/Src/stm32l4xx_hal_rcc_ex.c ****   {
 1328              		.loc 1 442 3 view .LVU417
 442:Drivers/STM32L4xx_HAL_Driver/Src/stm32l4xx_hal_rcc_ex.c ****   {
 1329              		.loc 1 442 21 is_stmt 0 view .LVU418
 1330 0220 2368     		ldr	r3, [r4]
 442:Drivers/STM32L4xx_HAL_Driver/Src/stm32l4xx_hal_rcc_ex.c ****   {
 1331              		.loc 1 442 5 view .LVU419
 1332 0222 13F0080F 		tst	r3, #8
 1333 0226 08D0     		beq	.L112
 445:Drivers/STM32L4xx_HAL_Driver/Src/stm32l4xx_hal_rcc_ex.c **** 
 1334              		.loc 1 445 5 is_stmt 1 view .LVU420
 448:Drivers/STM32L4xx_HAL_Driver/Src/stm32l4xx_hal_rcc_ex.c ****   }
 1335              		.loc 1 448 5 view .LVU421
 1336 0228 894A     		ldr	r2, .L161
ARM GAS  /tmp/cc4nR4Y7.s 			page 93


 1337 022a D2F88830 		ldr	r3, [r2, #136]
 1338 022e 23F0C003 		bic	r3, r3, #192
 1339 0232 616C     		ldr	r1, [r4, #68]
 1340 0234 0B43     		orrs	r3, r3, r1
 1341 0236 C2F88830 		str	r3, [r2, #136]
 1342              	.L112:
 456:Drivers/STM32L4xx_HAL_Driver/Src/stm32l4xx_hal_rcc_ex.c ****   {
 1343              		.loc 1 456 3 view .LVU422
 456:Drivers/STM32L4xx_HAL_Driver/Src/stm32l4xx_hal_rcc_ex.c ****   {
 1344              		.loc 1 456 21 is_stmt 0 view .LVU423
 1345 023a 2368     		ldr	r3, [r4]
 456:Drivers/STM32L4xx_HAL_Driver/Src/stm32l4xx_hal_rcc_ex.c ****   {
 1346              		.loc 1 456 5 view .LVU424
 1347 023c 13F0100F 		tst	r3, #16
 1348 0240 08D0     		beq	.L113
 459:Drivers/STM32L4xx_HAL_Driver/Src/stm32l4xx_hal_rcc_ex.c **** 
 1349              		.loc 1 459 5 is_stmt 1 view .LVU425
 462:Drivers/STM32L4xx_HAL_Driver/Src/stm32l4xx_hal_rcc_ex.c ****   }
 1350              		.loc 1 462 5 view .LVU426
 1351 0242 834A     		ldr	r2, .L161
 1352 0244 D2F88830 		ldr	r3, [r2, #136]
 1353 0248 23F44073 		bic	r3, r3, #768
 1354 024c A16C     		ldr	r1, [r4, #72]
 1355 024e 0B43     		orrs	r3, r3, r1
 1356 0250 C2F88830 		str	r3, [r2, #136]
 1357              	.L113:
 468:Drivers/STM32L4xx_HAL_Driver/Src/stm32l4xx_hal_rcc_ex.c ****   {
 1358              		.loc 1 468 3 view .LVU427
 468:Drivers/STM32L4xx_HAL_Driver/Src/stm32l4xx_hal_rcc_ex.c ****   {
 1359              		.loc 1 468 21 is_stmt 0 view .LVU428
 1360 0254 2368     		ldr	r3, [r4]
 468:Drivers/STM32L4xx_HAL_Driver/Src/stm32l4xx_hal_rcc_ex.c ****   {
 1361              		.loc 1 468 5 view .LVU429
 1362 0256 13F0200F 		tst	r3, #32
 1363 025a 08D0     		beq	.L114
 471:Drivers/STM32L4xx_HAL_Driver/Src/stm32l4xx_hal_rcc_ex.c **** 
 1364              		.loc 1 471 5 is_stmt 1 view .LVU430
 474:Drivers/STM32L4xx_HAL_Driver/Src/stm32l4xx_hal_rcc_ex.c ****   }
 1365              		.loc 1 474 5 view .LVU431
 1366 025c 7C4A     		ldr	r2, .L161
 1367 025e D2F88830 		ldr	r3, [r2, #136]
 1368 0262 23F44063 		bic	r3, r3, #3072
 1369 0266 E16C     		ldr	r1, [r4, #76]
 1370 0268 0B43     		orrs	r3, r3, r1
 1371 026a C2F88830 		str	r3, [r2, #136]
 1372              	.L114:
 478:Drivers/STM32L4xx_HAL_Driver/Src/stm32l4xx_hal_rcc_ex.c ****   {
 1373              		.loc 1 478 3 view .LVU432
 478:Drivers/STM32L4xx_HAL_Driver/Src/stm32l4xx_hal_rcc_ex.c ****   {
 1374              		.loc 1 478 21 is_stmt 0 view .LVU433
 1375 026e 2368     		ldr	r3, [r4]
 478:Drivers/STM32L4xx_HAL_Driver/Src/stm32l4xx_hal_rcc_ex.c ****   {
 1376              		.loc 1 478 5 view .LVU434
 1377 0270 13F4007F 		tst	r3, #512
 1378 0274 08D0     		beq	.L115
 480:Drivers/STM32L4xx_HAL_Driver/Src/stm32l4xx_hal_rcc_ex.c ****     __HAL_RCC_LPTIM1_CONFIG(PeriphClkInit->Lptim1ClockSelection);
 1379              		.loc 1 480 5 is_stmt 1 view .LVU435
ARM GAS  /tmp/cc4nR4Y7.s 			page 94


 481:Drivers/STM32L4xx_HAL_Driver/Src/stm32l4xx_hal_rcc_ex.c ****   }
 1380              		.loc 1 481 5 view .LVU436
 1381 0276 764A     		ldr	r2, .L161
 1382 0278 D2F88830 		ldr	r3, [r2, #136]
 1383 027c 23F44023 		bic	r3, r3, #786432
 1384 0280 E16D     		ldr	r1, [r4, #92]
 1385 0282 0B43     		orrs	r3, r3, r1
 1386 0284 C2F88830 		str	r3, [r2, #136]
 1387              	.L115:
 485:Drivers/STM32L4xx_HAL_Driver/Src/stm32l4xx_hal_rcc_ex.c ****   {
 1388              		.loc 1 485 3 view .LVU437
 485:Drivers/STM32L4xx_HAL_Driver/Src/stm32l4xx_hal_rcc_ex.c ****   {
 1389              		.loc 1 485 21 is_stmt 0 view .LVU438
 1390 0288 2368     		ldr	r3, [r4]
 485:Drivers/STM32L4xx_HAL_Driver/Src/stm32l4xx_hal_rcc_ex.c ****   {
 1391              		.loc 1 485 5 view .LVU439
 1392 028a 13F4806F 		tst	r3, #1024
 1393 028e 08D0     		beq	.L116
 487:Drivers/STM32L4xx_HAL_Driver/Src/stm32l4xx_hal_rcc_ex.c ****     __HAL_RCC_LPTIM2_CONFIG(PeriphClkInit->Lptim2ClockSelection);
 1394              		.loc 1 487 5 is_stmt 1 view .LVU440
 488:Drivers/STM32L4xx_HAL_Driver/Src/stm32l4xx_hal_rcc_ex.c ****   }
 1395              		.loc 1 488 5 view .LVU441
 1396 0290 6F4A     		ldr	r2, .L161
 1397 0292 D2F88830 		ldr	r3, [r2, #136]
 1398 0296 23F44013 		bic	r3, r3, #3145728
 1399 029a 216E     		ldr	r1, [r4, #96]
 1400 029c 0B43     		orrs	r3, r3, r1
 1401 029e C2F88830 		str	r3, [r2, #136]
 1402              	.L116:
 492:Drivers/STM32L4xx_HAL_Driver/Src/stm32l4xx_hal_rcc_ex.c ****   {
 1403              		.loc 1 492 3 view .LVU442
 492:Drivers/STM32L4xx_HAL_Driver/Src/stm32l4xx_hal_rcc_ex.c ****   {
 1404              		.loc 1 492 21 is_stmt 0 view .LVU443
 1405 02a2 2368     		ldr	r3, [r4]
 492:Drivers/STM32L4xx_HAL_Driver/Src/stm32l4xx_hal_rcc_ex.c ****   {
 1406              		.loc 1 492 5 view .LVU444
 1407 02a4 13F0400F 		tst	r3, #64
 1408 02a8 08D0     		beq	.L117
 495:Drivers/STM32L4xx_HAL_Driver/Src/stm32l4xx_hal_rcc_ex.c **** 
 1409              		.loc 1 495 5 is_stmt 1 view .LVU445
 498:Drivers/STM32L4xx_HAL_Driver/Src/stm32l4xx_hal_rcc_ex.c ****   }
 1410              		.loc 1 498 5 view .LVU446
 1411 02aa 694A     		ldr	r2, .L161
 1412 02ac D2F88830 		ldr	r3, [r2, #136]
 1413 02b0 23F44053 		bic	r3, r3, #12288
 1414 02b4 216D     		ldr	r1, [r4, #80]
 1415 02b6 0B43     		orrs	r3, r3, r1
 1416 02b8 C2F88830 		str	r3, [r2, #136]
 1417              	.L117:
 504:Drivers/STM32L4xx_HAL_Driver/Src/stm32l4xx_hal_rcc_ex.c ****   {
 1418              		.loc 1 504 3 view .LVU447
 504:Drivers/STM32L4xx_HAL_Driver/Src/stm32l4xx_hal_rcc_ex.c ****   {
 1419              		.loc 1 504 21 is_stmt 0 view .LVU448
 1420 02bc 2368     		ldr	r3, [r4]
 504:Drivers/STM32L4xx_HAL_Driver/Src/stm32l4xx_hal_rcc_ex.c ****   {
 1421              		.loc 1 504 5 view .LVU449
 1422 02be 13F0800F 		tst	r3, #128
ARM GAS  /tmp/cc4nR4Y7.s 			page 95


 1423 02c2 08D0     		beq	.L118
 507:Drivers/STM32L4xx_HAL_Driver/Src/stm32l4xx_hal_rcc_ex.c **** 
 1424              		.loc 1 507 5 is_stmt 1 view .LVU450
 510:Drivers/STM32L4xx_HAL_Driver/Src/stm32l4xx_hal_rcc_ex.c ****   }
 1425              		.loc 1 510 5 view .LVU451
 1426 02c4 624A     		ldr	r2, .L161
 1427 02c6 D2F88830 		ldr	r3, [r2, #136]
 1428 02ca 23F44043 		bic	r3, r3, #49152
 1429 02ce 616D     		ldr	r1, [r4, #84]
 1430 02d0 0B43     		orrs	r3, r3, r1
 1431 02d2 C2F88830 		str	r3, [r2, #136]
 1432              	.L118:
 516:Drivers/STM32L4xx_HAL_Driver/Src/stm32l4xx_hal_rcc_ex.c ****   {
 1433              		.loc 1 516 3 view .LVU452
 516:Drivers/STM32L4xx_HAL_Driver/Src/stm32l4xx_hal_rcc_ex.c ****   {
 1434              		.loc 1 516 21 is_stmt 0 view .LVU453
 1435 02d6 2368     		ldr	r3, [r4]
 516:Drivers/STM32L4xx_HAL_Driver/Src/stm32l4xx_hal_rcc_ex.c ****   {
 1436              		.loc 1 516 5 view .LVU454
 1437 02d8 13F4807F 		tst	r3, #256
 1438 02dc 08D0     		beq	.L119
 519:Drivers/STM32L4xx_HAL_Driver/Src/stm32l4xx_hal_rcc_ex.c **** 
 1439              		.loc 1 519 5 is_stmt 1 view .LVU455
 522:Drivers/STM32L4xx_HAL_Driver/Src/stm32l4xx_hal_rcc_ex.c ****   }
 1440              		.loc 1 522 5 view .LVU456
 1441 02de 5C4A     		ldr	r2, .L161
 1442 02e0 D2F88830 		ldr	r3, [r2, #136]
 1443 02e4 23F44033 		bic	r3, r3, #196608
 1444 02e8 A16D     		ldr	r1, [r4, #88]
 1445 02ea 0B43     		orrs	r3, r3, r1
 1446 02ec C2F88830 		str	r3, [r2, #136]
 1447              	.L119:
 542:Drivers/STM32L4xx_HAL_Driver/Src/stm32l4xx_hal_rcc_ex.c ****   {
 1448              		.loc 1 542 3 view .LVU457
 542:Drivers/STM32L4xx_HAL_Driver/Src/stm32l4xx_hal_rcc_ex.c ****   {
 1449              		.loc 1 542 21 is_stmt 0 view .LVU458
 1450 02f0 2368     		ldr	r3, [r4]
 542:Drivers/STM32L4xx_HAL_Driver/Src/stm32l4xx_hal_rcc_ex.c ****   {
 1451              		.loc 1 542 5 view .LVU459
 1452 02f2 13F4005F 		tst	r3, #8192
 1453 02f6 0FD0     		beq	.L120
 544:Drivers/STM32L4xx_HAL_Driver/Src/stm32l4xx_hal_rcc_ex.c ****     __HAL_RCC_USB_CONFIG(PeriphClkInit->UsbClockSelection);
 1454              		.loc 1 544 5 is_stmt 1 view .LVU460
 545:Drivers/STM32L4xx_HAL_Driver/Src/stm32l4xx_hal_rcc_ex.c **** 
 1455              		.loc 1 545 5 view .LVU461
 1456 02f8 554A     		ldr	r2, .L161
 1457 02fa D2F88830 		ldr	r3, [r2, #136]
 1458 02fe 23F04063 		bic	r3, r3, #201326592
 1459 0302 E16E     		ldr	r1, [r4, #108]
 1460 0304 0B43     		orrs	r3, r3, r1
 1461 0306 C2F88830 		str	r3, [r2, #136]
 547:Drivers/STM32L4xx_HAL_Driver/Src/stm32l4xx_hal_rcc_ex.c ****     {
 1462              		.loc 1 547 5 view .LVU462
 547:Drivers/STM32L4xx_HAL_Driver/Src/stm32l4xx_hal_rcc_ex.c ****     {
 1463              		.loc 1 547 21 is_stmt 0 view .LVU463
 1464 030a E36E     		ldr	r3, [r4, #108]
 547:Drivers/STM32L4xx_HAL_Driver/Src/stm32l4xx_hal_rcc_ex.c ****     {
ARM GAS  /tmp/cc4nR4Y7.s 			page 96


 1465              		.loc 1 547 7 view .LVU464
 1466 030c B3F1006F 		cmp	r3, #134217728
 1467 0310 65D0     		beq	.L151
 555:Drivers/STM32L4xx_HAL_Driver/Src/stm32l4xx_hal_rcc_ex.c ****       {
 1468              		.loc 1 555 7 is_stmt 1 view .LVU465
 555:Drivers/STM32L4xx_HAL_Driver/Src/stm32l4xx_hal_rcc_ex.c ****       {
 1469              		.loc 1 555 9 is_stmt 0 view .LVU466
 1470 0312 B3F1806F 		cmp	r3, #67108864
 1471 0316 67D0     		beq	.L152
 1472              	.LVL114:
 1473              	.L120:
 575:Drivers/STM32L4xx_HAL_Driver/Src/stm32l4xx_hal_rcc_ex.c ****   {
 1474              		.loc 1 575 3 is_stmt 1 view .LVU467
 575:Drivers/STM32L4xx_HAL_Driver/Src/stm32l4xx_hal_rcc_ex.c ****   {
 1475              		.loc 1 575 21 is_stmt 0 view .LVU468
 1476 0318 2368     		ldr	r3, [r4]
 575:Drivers/STM32L4xx_HAL_Driver/Src/stm32l4xx_hal_rcc_ex.c ****   {
 1477              		.loc 1 575 5 view .LVU469
 1478 031a 13F4002F 		tst	r3, #524288
 1479 031e 0FD0     		beq	.L122
 577:Drivers/STM32L4xx_HAL_Driver/Src/stm32l4xx_hal_rcc_ex.c ****     __HAL_RCC_SDMMC1_CONFIG(PeriphClkInit->Sdmmc1ClockSelection);
 1480              		.loc 1 577 5 is_stmt 1 view .LVU470
 578:Drivers/STM32L4xx_HAL_Driver/Src/stm32l4xx_hal_rcc_ex.c **** 
 1481              		.loc 1 578 5 view .LVU471
 1482 0320 4B4A     		ldr	r2, .L161
 1483 0322 D2F88830 		ldr	r3, [r2, #136]
 1484 0326 23F04063 		bic	r3, r3, #201326592
 1485 032a 216F     		ldr	r1, [r4, #112]
 1486 032c 0B43     		orrs	r3, r3, r1
 1487 032e C2F88830 		str	r3, [r2, #136]
 580:Drivers/STM32L4xx_HAL_Driver/Src/stm32l4xx_hal_rcc_ex.c ****     {
 1488              		.loc 1 580 5 view .LVU472
 580:Drivers/STM32L4xx_HAL_Driver/Src/stm32l4xx_hal_rcc_ex.c ****     {
 1489              		.loc 1 580 21 is_stmt 0 view .LVU473
 1490 0332 236F     		ldr	r3, [r4, #112]
 580:Drivers/STM32L4xx_HAL_Driver/Src/stm32l4xx_hal_rcc_ex.c ****     {
 1491              		.loc 1 580 7 view .LVU474
 1492 0334 B3F1006F 		cmp	r3, #134217728
 1493 0338 5ED0     		beq	.L153
 592:Drivers/STM32L4xx_HAL_Driver/Src/stm32l4xx_hal_rcc_ex.c ****     {
 1494              		.loc 1 592 10 is_stmt 1 view .LVU475
 592:Drivers/STM32L4xx_HAL_Driver/Src/stm32l4xx_hal_rcc_ex.c ****     {
 1495              		.loc 1 592 12 is_stmt 0 view .LVU476
 1496 033a B3F1806F 		cmp	r3, #67108864
 1497 033e 60D0     		beq	.L154
 1498              	.LVL115:
 1499              	.L122:
 606:Drivers/STM32L4xx_HAL_Driver/Src/stm32l4xx_hal_rcc_ex.c ****   }
 1500              		.loc 1 606 5 is_stmt 1 view .LVU477
 612:Drivers/STM32L4xx_HAL_Driver/Src/stm32l4xx_hal_rcc_ex.c ****   {
 1501              		.loc 1 612 3 view .LVU478
 612:Drivers/STM32L4xx_HAL_Driver/Src/stm32l4xx_hal_rcc_ex.c ****   {
 1502              		.loc 1 612 21 is_stmt 0 view .LVU479
 1503 0340 2368     		ldr	r3, [r4]
 612:Drivers/STM32L4xx_HAL_Driver/Src/stm32l4xx_hal_rcc_ex.c ****   {
 1504              		.loc 1 612 5 view .LVU480
 1505 0342 13F4802F 		tst	r3, #262144
ARM GAS  /tmp/cc4nR4Y7.s 			page 97


 1506 0346 0FD0     		beq	.L124
 614:Drivers/STM32L4xx_HAL_Driver/Src/stm32l4xx_hal_rcc_ex.c ****     __HAL_RCC_RNG_CONFIG(PeriphClkInit->RngClockSelection);
 1507              		.loc 1 614 5 is_stmt 1 view .LVU481
 615:Drivers/STM32L4xx_HAL_Driver/Src/stm32l4xx_hal_rcc_ex.c **** 
 1508              		.loc 1 615 5 view .LVU482
 1509 0348 414A     		ldr	r2, .L161
 1510 034a D2F88830 		ldr	r3, [r2, #136]
 1511 034e 23F04063 		bic	r3, r3, #201326592
 1512 0352 616F     		ldr	r1, [r4, #116]
 1513 0354 0B43     		orrs	r3, r3, r1
 1514 0356 C2F88830 		str	r3, [r2, #136]
 617:Drivers/STM32L4xx_HAL_Driver/Src/stm32l4xx_hal_rcc_ex.c ****     {
 1515              		.loc 1 617 5 view .LVU483
 617:Drivers/STM32L4xx_HAL_Driver/Src/stm32l4xx_hal_rcc_ex.c ****     {
 1516              		.loc 1 617 21 is_stmt 0 view .LVU484
 1517 035a 636F     		ldr	r3, [r4, #116]
 617:Drivers/STM32L4xx_HAL_Driver/Src/stm32l4xx_hal_rcc_ex.c ****     {
 1518              		.loc 1 617 7 view .LVU485
 1519 035c B3F1006F 		cmp	r3, #134217728
 1520 0360 57D0     		beq	.L155
 623:Drivers/STM32L4xx_HAL_Driver/Src/stm32l4xx_hal_rcc_ex.c ****     {
 1521              		.loc 1 623 10 is_stmt 1 view .LVU486
 623:Drivers/STM32L4xx_HAL_Driver/Src/stm32l4xx_hal_rcc_ex.c ****     {
 1522              		.loc 1 623 12 is_stmt 0 view .LVU487
 1523 0362 B3F1806F 		cmp	r3, #67108864
 1524 0366 59D0     		beq	.L156
 1525              	.LVL116:
 1526              	.L124:
 638:Drivers/STM32L4xx_HAL_Driver/Src/stm32l4xx_hal_rcc_ex.c ****   }
 1527              		.loc 1 638 5 is_stmt 1 view .LVU488
 643:Drivers/STM32L4xx_HAL_Driver/Src/stm32l4xx_hal_rcc_ex.c ****   {
 1528              		.loc 1 643 3 view .LVU489
 643:Drivers/STM32L4xx_HAL_Driver/Src/stm32l4xx_hal_rcc_ex.c ****   {
 1529              		.loc 1 643 21 is_stmt 0 view .LVU490
 1530 0368 2368     		ldr	r3, [r4]
 643:Drivers/STM32L4xx_HAL_Driver/Src/stm32l4xx_hal_rcc_ex.c ****   {
 1531              		.loc 1 643 5 view .LVU491
 1532 036a 13F4804F 		tst	r3, #16384
 1533 036e 0FD0     		beq	.L126
 646:Drivers/STM32L4xx_HAL_Driver/Src/stm32l4xx_hal_rcc_ex.c **** 
 1534              		.loc 1 646 5 is_stmt 1 view .LVU492
 649:Drivers/STM32L4xx_HAL_Driver/Src/stm32l4xx_hal_rcc_ex.c **** 
 1535              		.loc 1 649 5 view .LVU493
 1536 0370 374A     		ldr	r2, .L161
 1537 0372 D2F88830 		ldr	r3, [r2, #136]
 1538 0376 23F04053 		bic	r3, r3, #805306368
 1539 037a A16F     		ldr	r1, [r4, #120]
 1540 037c 0B43     		orrs	r3, r3, r1
 1541 037e C2F88830 		str	r3, [r2, #136]
 652:Drivers/STM32L4xx_HAL_Driver/Src/stm32l4xx_hal_rcc_ex.c ****     {
 1542              		.loc 1 652 5 view .LVU494
 652:Drivers/STM32L4xx_HAL_Driver/Src/stm32l4xx_hal_rcc_ex.c ****     {
 1543              		.loc 1 652 21 is_stmt 0 view .LVU495
 1544 0382 A36F     		ldr	r3, [r4, #120]
 652:Drivers/STM32L4xx_HAL_Driver/Src/stm32l4xx_hal_rcc_ex.c ****     {
 1545              		.loc 1 652 7 view .LVU496
 1546 0384 B3F1805F 		cmp	r3, #268435456
ARM GAS  /tmp/cc4nR4Y7.s 			page 98


 1547 0388 50D0     		beq	.L157
 667:Drivers/STM32L4xx_HAL_Driver/Src/stm32l4xx_hal_rcc_ex.c ****     {
 1548              		.loc 1 667 10 is_stmt 1 view .LVU497
 667:Drivers/STM32L4xx_HAL_Driver/Src/stm32l4xx_hal_rcc_ex.c ****     {
 1549              		.loc 1 667 12 is_stmt 0 view .LVU498
 1550 038a B3F1005F 		cmp	r3, #536870912
 1551 038e 55D0     		beq	.L158
 1552              	.LVL117:
 1553              	.L126:
 681:Drivers/STM32L4xx_HAL_Driver/Src/stm32l4xx_hal_rcc_ex.c **** 
 1554              		.loc 1 681 5 is_stmt 1 view .LVU499
 691:Drivers/STM32L4xx_HAL_Driver/Src/stm32l4xx_hal_rcc_ex.c ****   {
 1555              		.loc 1 691 3 view .LVU500
 691:Drivers/STM32L4xx_HAL_Driver/Src/stm32l4xx_hal_rcc_ex.c ****   {
 1556              		.loc 1 691 21 is_stmt 0 view .LVU501
 1557 0390 2368     		ldr	r3, [r4]
 691:Drivers/STM32L4xx_HAL_Driver/Src/stm32l4xx_hal_rcc_ex.c ****   {
 1558              		.loc 1 691 5 view .LVU502
 1559 0392 13F4004F 		tst	r3, #32768
 1560 0396 08D0     		beq	.L128
 694:Drivers/STM32L4xx_HAL_Driver/Src/stm32l4xx_hal_rcc_ex.c **** 
 1561              		.loc 1 694 5 is_stmt 1 view .LVU503
 697:Drivers/STM32L4xx_HAL_Driver/Src/stm32l4xx_hal_rcc_ex.c ****   }
 1562              		.loc 1 697 5 view .LVU504
 1563 0398 2D4A     		ldr	r2, .L161
 1564 039a D2F88830 		ldr	r3, [r2, #136]
 1565 039e 23F08043 		bic	r3, r3, #1073741824
 1566 03a2 E16F     		ldr	r1, [r4, #124]
 1567 03a4 0B43     		orrs	r3, r3, r1
 1568 03a6 C2F88830 		str	r3, [r2, #136]
 1569              	.L128:
 705:Drivers/STM32L4xx_HAL_Driver/Src/stm32l4xx_hal_rcc_ex.c ****   {
 1570              		.loc 1 705 3 view .LVU505
 705:Drivers/STM32L4xx_HAL_Driver/Src/stm32l4xx_hal_rcc_ex.c ****   {
 1571              		.loc 1 705 21 is_stmt 0 view .LVU506
 1572 03aa 2368     		ldr	r3, [r4]
 705:Drivers/STM32L4xx_HAL_Driver/Src/stm32l4xx_hal_rcc_ex.c ****   {
 1573              		.loc 1 705 5 view .LVU507
 1574 03ac 13F4803F 		tst	r3, #65536
 1575 03b0 09D0     		beq	.L129
 708:Drivers/STM32L4xx_HAL_Driver/Src/stm32l4xx_hal_rcc_ex.c **** 
 1576              		.loc 1 708 5 is_stmt 1 view .LVU508
 711:Drivers/STM32L4xx_HAL_Driver/Src/stm32l4xx_hal_rcc_ex.c ****   }
 1577              		.loc 1 711 5 view .LVU509
 1578 03b2 274A     		ldr	r2, .L161
 1579 03b4 D2F88830 		ldr	r3, [r2, #136]
 1580 03b8 23F00043 		bic	r3, r3, #-2147483648
 1581 03bc D4F88010 		ldr	r1, [r4, #128]
 1582 03c0 0B43     		orrs	r3, r3, r1
 1583 03c2 C2F88830 		str	r3, [r2, #136]
 1584              	.L129:
 817:Drivers/STM32L4xx_HAL_Driver/Src/stm32l4xx_hal_rcc_ex.c **** }
 1585              		.loc 1 817 3 view .LVU510
 818:Drivers/STM32L4xx_HAL_Driver/Src/stm32l4xx_hal_rcc_ex.c **** 
 1586              		.loc 1 818 1 is_stmt 0 view .LVU511
 1587 03c6 3846     		mov	r0, r7
 1588 03c8 02B0     		add	sp, sp, #8
ARM GAS  /tmp/cc4nR4Y7.s 			page 99


 1589              	.LCFI4:
 1590              		.cfi_remember_state
 1591              		.cfi_def_cfa_offset 24
 1592              		@ sp needed
 1593 03ca BDE8F081 		pop	{r4, r5, r6, r7, r8, pc}
 1594              	.LVL118:
 1595              	.L138:
 1596              	.LCFI5:
 1597              		.cfi_restore_state
 1598              	.LBB4:
 389:Drivers/STM32L4xx_HAL_Driver/Src/stm32l4xx_hal_rcc_ex.c ****       }
 1599              		.loc 1 389 16 view .LVU512
 1600 03ce 3746     		mov	r7, r6
 1601              	.LVL119:
 389:Drivers/STM32L4xx_HAL_Driver/Src/stm32l4xx_hal_rcc_ex.c ****       }
 1602              		.loc 1 389 16 view .LVU513
 1603 03d0 FBE6     		b	.L104
 1604              	.LVL120:
 1605              	.L150:
 401:Drivers/STM32L4xx_HAL_Driver/Src/stm32l4xx_hal_rcc_ex.c ****     }
 1606              		.loc 1 401 7 is_stmt 1 view .LVU514
 1607 03d2 1F4A     		ldr	r2, .L161
 1608 03d4 936D     		ldr	r3, [r2, #88]
 1609 03d6 23F08053 		bic	r3, r3, #268435456
 1610 03da 9365     		str	r3, [r2, #88]
 1611 03dc F9E6     		b	.L99
 1612              	.LVL121:
 1613              	.L151:
 401:Drivers/STM32L4xx_HAL_Driver/Src/stm32l4xx_hal_rcc_ex.c ****     }
 1614              		.loc 1 401 7 is_stmt 0 view .LVU515
 1615              	.LBE4:
 550:Drivers/STM32L4xx_HAL_Driver/Src/stm32l4xx_hal_rcc_ex.c ****     }
 1616              		.loc 1 550 7 is_stmt 1 view .LVU516
 1617 03de D368     		ldr	r3, [r2, #12]
 1618 03e0 43F48013 		orr	r3, r3, #1048576
 1619 03e4 D360     		str	r3, [r2, #12]
 1620 03e6 97E7     		b	.L120
 1621              	.L152:
 558:Drivers/STM32L4xx_HAL_Driver/Src/stm32l4xx_hal_rcc_ex.c **** 
 1622              		.loc 1 558 9 view .LVU517
 558:Drivers/STM32L4xx_HAL_Driver/Src/stm32l4xx_hal_rcc_ex.c **** 
 1623              		.loc 1 558 15 is_stmt 0 view .LVU518
 1624 03e8 0121     		movs	r1, #1
 1625 03ea 201D     		adds	r0, r4, #4
 1626 03ec FFF7FEFF 		bl	RCCEx_PLLSAI1_Config
 1627              	.LVL122:
 560:Drivers/STM32L4xx_HAL_Driver/Src/stm32l4xx_hal_rcc_ex.c ****         {
 1628              		.loc 1 560 9 is_stmt 1 view .LVU519
 560:Drivers/STM32L4xx_HAL_Driver/Src/stm32l4xx_hal_rcc_ex.c ****         {
 1629              		.loc 1 560 11 is_stmt 0 view .LVU520
 1630 03f0 0028     		cmp	r0, #0
 1631 03f2 91D0     		beq	.L120
 563:Drivers/STM32L4xx_HAL_Driver/Src/stm32l4xx_hal_rcc_ex.c ****         }
 1632              		.loc 1 563 18 view .LVU521
 1633 03f4 0746     		mov	r7, r0
 1634              	.LVL123:
 563:Drivers/STM32L4xx_HAL_Driver/Src/stm32l4xx_hal_rcc_ex.c ****         }
ARM GAS  /tmp/cc4nR4Y7.s 			page 100


 1635              		.loc 1 563 18 view .LVU522
 1636 03f6 8FE7     		b	.L120
 1637              	.LVL124:
 1638              	.L153:
 583:Drivers/STM32L4xx_HAL_Driver/Src/stm32l4xx_hal_rcc_ex.c ****     }
 1639              		.loc 1 583 7 is_stmt 1 view .LVU523
 1640 03f8 D368     		ldr	r3, [r2, #12]
 1641 03fa 43F48013 		orr	r3, r3, #1048576
 1642 03fe D360     		str	r3, [r2, #12]
 1643 0400 9EE7     		b	.L122
 1644              	.L154:
 595:Drivers/STM32L4xx_HAL_Driver/Src/stm32l4xx_hal_rcc_ex.c **** 
 1645              		.loc 1 595 7 view .LVU524
 595:Drivers/STM32L4xx_HAL_Driver/Src/stm32l4xx_hal_rcc_ex.c **** 
 1646              		.loc 1 595 13 is_stmt 0 view .LVU525
 1647 0402 0121     		movs	r1, #1
 1648 0404 201D     		adds	r0, r4, #4
 1649 0406 FFF7FEFF 		bl	RCCEx_PLLSAI1_Config
 1650              	.LVL125:
 597:Drivers/STM32L4xx_HAL_Driver/Src/stm32l4xx_hal_rcc_ex.c ****       {
 1651              		.loc 1 597 7 is_stmt 1 view .LVU526
 597:Drivers/STM32L4xx_HAL_Driver/Src/stm32l4xx_hal_rcc_ex.c ****       {
 1652              		.loc 1 597 9 is_stmt 0 view .LVU527
 1653 040a 0028     		cmp	r0, #0
 1654 040c 98D0     		beq	.L122
 600:Drivers/STM32L4xx_HAL_Driver/Src/stm32l4xx_hal_rcc_ex.c ****       }
 1655              		.loc 1 600 16 view .LVU528
 1656 040e 0746     		mov	r7, r0
 1657              	.LVL126:
 600:Drivers/STM32L4xx_HAL_Driver/Src/stm32l4xx_hal_rcc_ex.c ****       }
 1658              		.loc 1 600 16 view .LVU529
 1659 0410 96E7     		b	.L122
 1660              	.LVL127:
 1661              	.L155:
 620:Drivers/STM32L4xx_HAL_Driver/Src/stm32l4xx_hal_rcc_ex.c ****     }
 1662              		.loc 1 620 7 is_stmt 1 view .LVU530
 1663 0412 D368     		ldr	r3, [r2, #12]
 1664 0414 43F48013 		orr	r3, r3, #1048576
 1665 0418 D360     		str	r3, [r2, #12]
 1666 041a A5E7     		b	.L124
 1667              	.L156:
 626:Drivers/STM32L4xx_HAL_Driver/Src/stm32l4xx_hal_rcc_ex.c **** 
 1668              		.loc 1 626 7 view .LVU531
 626:Drivers/STM32L4xx_HAL_Driver/Src/stm32l4xx_hal_rcc_ex.c **** 
 1669              		.loc 1 626 13 is_stmt 0 view .LVU532
 1670 041c 0121     		movs	r1, #1
 1671 041e 201D     		adds	r0, r4, #4
 1672 0420 FFF7FEFF 		bl	RCCEx_PLLSAI1_Config
 1673              	.LVL128:
 628:Drivers/STM32L4xx_HAL_Driver/Src/stm32l4xx_hal_rcc_ex.c ****       {
 1674              		.loc 1 628 7 is_stmt 1 view .LVU533
 628:Drivers/STM32L4xx_HAL_Driver/Src/stm32l4xx_hal_rcc_ex.c ****       {
 1675              		.loc 1 628 9 is_stmt 0 view .LVU534
 1676 0424 0028     		cmp	r0, #0
 1677 0426 9FD0     		beq	.L124
 631:Drivers/STM32L4xx_HAL_Driver/Src/stm32l4xx_hal_rcc_ex.c ****       }
 1678              		.loc 1 631 16 view .LVU535
ARM GAS  /tmp/cc4nR4Y7.s 			page 101


 1679 0428 0746     		mov	r7, r0
 1680              	.LVL129:
 631:Drivers/STM32L4xx_HAL_Driver/Src/stm32l4xx_hal_rcc_ex.c ****       }
 1681              		.loc 1 631 16 view .LVU536
 1682 042a 9DE7     		b	.L124
 1683              	.LVL130:
 1684              	.L157:
 655:Drivers/STM32L4xx_HAL_Driver/Src/stm32l4xx_hal_rcc_ex.c **** 
 1685              		.loc 1 655 7 is_stmt 1 view .LVU537
 655:Drivers/STM32L4xx_HAL_Driver/Src/stm32l4xx_hal_rcc_ex.c **** 
 1686              		.loc 1 655 13 is_stmt 0 view .LVU538
 1687 042c 0221     		movs	r1, #2
 1688 042e 201D     		adds	r0, r4, #4
 1689 0430 FFF7FEFF 		bl	RCCEx_PLLSAI1_Config
 1690              	.LVL131:
 657:Drivers/STM32L4xx_HAL_Driver/Src/stm32l4xx_hal_rcc_ex.c ****       {
 1691              		.loc 1 657 7 is_stmt 1 view .LVU539
 657:Drivers/STM32L4xx_HAL_Driver/Src/stm32l4xx_hal_rcc_ex.c ****       {
 1692              		.loc 1 657 9 is_stmt 0 view .LVU540
 1693 0434 0028     		cmp	r0, #0
 1694 0436 ABD0     		beq	.L126
 660:Drivers/STM32L4xx_HAL_Driver/Src/stm32l4xx_hal_rcc_ex.c ****       }
 1695              		.loc 1 660 16 view .LVU541
 1696 0438 0746     		mov	r7, r0
 1697              	.LVL132:
 660:Drivers/STM32L4xx_HAL_Driver/Src/stm32l4xx_hal_rcc_ex.c ****       }
 1698              		.loc 1 660 16 view .LVU542
 1699 043a A9E7     		b	.L126
 1700              	.LVL133:
 1701              	.L158:
 670:Drivers/STM32L4xx_HAL_Driver/Src/stm32l4xx_hal_rcc_ex.c **** 
 1702              		.loc 1 670 7 is_stmt 1 view .LVU543
 670:Drivers/STM32L4xx_HAL_Driver/Src/stm32l4xx_hal_rcc_ex.c **** 
 1703              		.loc 1 670 13 is_stmt 0 view .LVU544
 1704 043c 0221     		movs	r1, #2
 1705 043e 04F12000 		add	r0, r4, #32
 1706 0442 FFF7FEFF 		bl	RCCEx_PLLSAI2_Config
 1707              	.LVL134:
 672:Drivers/STM32L4xx_HAL_Driver/Src/stm32l4xx_hal_rcc_ex.c ****       {
 1708              		.loc 1 672 7 is_stmt 1 view .LVU545
 672:Drivers/STM32L4xx_HAL_Driver/Src/stm32l4xx_hal_rcc_ex.c ****       {
 1709              		.loc 1 672 9 is_stmt 0 view .LVU546
 1710 0446 0028     		cmp	r0, #0
 1711 0448 A2D0     		beq	.L126
 675:Drivers/STM32L4xx_HAL_Driver/Src/stm32l4xx_hal_rcc_ex.c ****       }
 1712              		.loc 1 675 16 view .LVU547
 1713 044a 0746     		mov	r7, r0
 1714              	.LVL135:
 675:Drivers/STM32L4xx_HAL_Driver/Src/stm32l4xx_hal_rcc_ex.c ****       }
 1715              		.loc 1 675 16 view .LVU548
 1716 044c A0E7     		b	.L126
 1717              	.L162:
 1718 044e 00BF     		.align	2
 1719              	.L161:
 1720 0450 00100240 		.word	1073876992
 1721              		.cfi_endproc
 1722              	.LFE132:
ARM GAS  /tmp/cc4nR4Y7.s 			page 102


 1724              		.section	.text.HAL_RCCEx_GetPeriphCLKConfig,"ax",%progbits
 1725              		.align	1
 1726              		.global	HAL_RCCEx_GetPeriphCLKConfig
 1727              		.syntax unified
 1728              		.thumb
 1729              		.thumb_func
 1731              	HAL_RCCEx_GetPeriphCLKConfig:
 1732              	.LVL136:
 1733              	.LFB133:
 829:Drivers/STM32L4xx_HAL_Driver/Src/stm32l4xx_hal_rcc_ex.c ****   /* Set all possible values for the extended clock type parameter------------*/
 1734              		.loc 1 829 1 is_stmt 1 view -0
 1735              		.cfi_startproc
 1736              		@ args = 0, pretend = 0, frame = 0
 1737              		@ frame_needed = 0, uses_anonymous_args = 0
 1738              		@ link register save eliminated.
 829:Drivers/STM32L4xx_HAL_Driver/Src/stm32l4xx_hal_rcc_ex.c ****   /* Set all possible values for the extended clock type parameter------------*/
 1739              		.loc 1 829 1 is_stmt 0 view .LVU550
 1740 0000 10B4     		push	{r4}
 1741              	.LCFI6:
 1742              		.cfi_def_cfa_offset 4
 1743              		.cfi_offset 4, -4
 890:Drivers/STM32L4xx_HAL_Driver/Src/stm32l4xx_hal_rcc_ex.c ****                                         RCC_PERIPHCLK_LPUART1 | RCC_PERIPHCLK_I2C1   | RCC_PERIPHCL
 1744              		.loc 1 890 3 is_stmt 1 view .LVU551
 890:Drivers/STM32L4xx_HAL_Driver/Src/stm32l4xx_hal_rcc_ex.c ****                                         RCC_PERIPHCLK_LPUART1 | RCC_PERIPHCLK_I2C1   | RCC_PERIPHCL
 1745              		.loc 1 890 39 is_stmt 0 view .LVU552
 1746 0002 4F4B     		ldr	r3, .L165
 1747 0004 0360     		str	r3, [r0]
 934:Drivers/STM32L4xx_HAL_Driver/Src/stm32l4xx_hal_rcc_ex.c **** #if defined(RCC_PLLSAI1M_DIV_1_16_SUPPORT)
 1748              		.loc 1 934 3 is_stmt 1 view .LVU553
 934:Drivers/STM32L4xx_HAL_Driver/Src/stm32l4xx_hal_rcc_ex.c **** #if defined(RCC_PLLSAI1M_DIV_1_16_SUPPORT)
 1749              		.loc 1 934 42 is_stmt 0 view .LVU554
 1750 0006 4F4B     		ldr	r3, .L165+4
 1751 0008 DC68     		ldr	r4, [r3, #12]
 934:Drivers/STM32L4xx_HAL_Driver/Src/stm32l4xx_hal_rcc_ex.c **** #if defined(RCC_PLLSAI1M_DIV_1_16_SUPPORT)
 1752              		.loc 1 934 85 view .LVU555
 1753 000a 04F00304 		and	r4, r4, #3
 934:Drivers/STM32L4xx_HAL_Driver/Src/stm32l4xx_hal_rcc_ex.c **** #if defined(RCC_PLLSAI1M_DIV_1_16_SUPPORT)
 1754              		.loc 1 934 40 view .LVU556
 1755 000e 4460     		str	r4, [r0, #4]
 938:Drivers/STM32L4xx_HAL_Driver/Src/stm32l4xx_hal_rcc_ex.c **** #endif /* RCC_PLLSAI1M_DIV_1_16_SUPPORT */
 1756              		.loc 1 938 3 is_stmt 1 view .LVU557
 938:Drivers/STM32L4xx_HAL_Driver/Src/stm32l4xx_hal_rcc_ex.c **** #endif /* RCC_PLLSAI1M_DIV_1_16_SUPPORT */
 1757              		.loc 1 938 38 is_stmt 0 view .LVU558
 1758 0010 D968     		ldr	r1, [r3, #12]
 938:Drivers/STM32L4xx_HAL_Driver/Src/stm32l4xx_hal_rcc_ex.c **** #endif /* RCC_PLLSAI1M_DIV_1_16_SUPPORT */
 1759              		.loc 1 938 79 view .LVU559
 1760 0012 C1F30211 		ubfx	r1, r1, #4, #3
 938:Drivers/STM32L4xx_HAL_Driver/Src/stm32l4xx_hal_rcc_ex.c **** #endif /* RCC_PLLSAI1M_DIV_1_16_SUPPORT */
 1761              		.loc 1 938 104 view .LVU560
 1762 0016 0131     		adds	r1, r1, #1
 938:Drivers/STM32L4xx_HAL_Driver/Src/stm32l4xx_hal_rcc_ex.c **** #endif /* RCC_PLLSAI1M_DIV_1_16_SUPPORT */
 1763              		.loc 1 938 35 view .LVU561
 1764 0018 8160     		str	r1, [r0, #8]
 940:Drivers/STM32L4xx_HAL_Driver/Src/stm32l4xx_hal_rcc_ex.c ****   PeriphClkInit->PLLSAI1.PLLSAI1P = ((READ_BIT(RCC->PLLSAI1CFGR, RCC_PLLSAI1CFGR_PLLSAI1P) >> RCC_P
 1765              		.loc 1 940 3 is_stmt 1 view .LVU562
 940:Drivers/STM32L4xx_HAL_Driver/Src/stm32l4xx_hal_rcc_ex.c ****   PeriphClkInit->PLLSAI1.PLLSAI1P = ((READ_BIT(RCC->PLLSAI1CFGR, RCC_PLLSAI1CFGR_PLLSAI1P) >> RCC_P
 1766              		.loc 1 940 37 is_stmt 0 view .LVU563
ARM GAS  /tmp/cc4nR4Y7.s 			page 103


 1767 001a 1A69     		ldr	r2, [r3, #16]
 940:Drivers/STM32L4xx_HAL_Driver/Src/stm32l4xx_hal_rcc_ex.c ****   PeriphClkInit->PLLSAI1.PLLSAI1P = ((READ_BIT(RCC->PLLSAI1CFGR, RCC_PLLSAI1CFGR_PLLSAI1P) >> RCC_P
 1768              		.loc 1 940 90 view .LVU564
 1769 001c C2F30622 		ubfx	r2, r2, #8, #7
 940:Drivers/STM32L4xx_HAL_Driver/Src/stm32l4xx_hal_rcc_ex.c ****   PeriphClkInit->PLLSAI1.PLLSAI1P = ((READ_BIT(RCC->PLLSAI1CFGR, RCC_PLLSAI1CFGR_PLLSAI1P) >> RCC_P
 1770              		.loc 1 940 35 view .LVU565
 1771 0020 C260     		str	r2, [r0, #12]
 941:Drivers/STM32L4xx_HAL_Driver/Src/stm32l4xx_hal_rcc_ex.c ****   PeriphClkInit->PLLSAI1.PLLSAI1Q = ((READ_BIT(RCC->PLLSAI1CFGR, RCC_PLLSAI1CFGR_PLLSAI1Q) >> RCC_P
 1772              		.loc 1 941 3 is_stmt 1 view .LVU566
 941:Drivers/STM32L4xx_HAL_Driver/Src/stm32l4xx_hal_rcc_ex.c ****   PeriphClkInit->PLLSAI1.PLLSAI1Q = ((READ_BIT(RCC->PLLSAI1CFGR, RCC_PLLSAI1CFGR_PLLSAI1Q) >> RCC_P
 1773              		.loc 1 941 39 is_stmt 0 view .LVU567
 1774 0022 1A69     		ldr	r2, [r3, #16]
 941:Drivers/STM32L4xx_HAL_Driver/Src/stm32l4xx_hal_rcc_ex.c ****   PeriphClkInit->PLLSAI1.PLLSAI1Q = ((READ_BIT(RCC->PLLSAI1CFGR, RCC_PLLSAI1CFGR_PLLSAI1Q) >> RCC_P
 1775              		.loc 1 941 92 view .LVU568
 1776 0024 520C     		lsrs	r2, r2, #17
 941:Drivers/STM32L4xx_HAL_Driver/Src/stm32l4xx_hal_rcc_ex.c ****   PeriphClkInit->PLLSAI1.PLLSAI1Q = ((READ_BIT(RCC->PLLSAI1CFGR, RCC_PLLSAI1CFGR_PLLSAI1Q) >> RCC_P
 1777              		.loc 1 941 125 view .LVU569
 1778 0026 1201     		lsls	r2, r2, #4
 1779 0028 02F01002 		and	r2, r2, #16
 941:Drivers/STM32L4xx_HAL_Driver/Src/stm32l4xx_hal_rcc_ex.c ****   PeriphClkInit->PLLSAI1.PLLSAI1Q = ((READ_BIT(RCC->PLLSAI1CFGR, RCC_PLLSAI1CFGR_PLLSAI1Q) >> RCC_P
 1780              		.loc 1 941 132 view .LVU570
 1781 002c 0732     		adds	r2, r2, #7
 941:Drivers/STM32L4xx_HAL_Driver/Src/stm32l4xx_hal_rcc_ex.c ****   PeriphClkInit->PLLSAI1.PLLSAI1Q = ((READ_BIT(RCC->PLLSAI1CFGR, RCC_PLLSAI1CFGR_PLLSAI1Q) >> RCC_P
 1782              		.loc 1 941 35 view .LVU571
 1783 002e 0261     		str	r2, [r0, #16]
 942:Drivers/STM32L4xx_HAL_Driver/Src/stm32l4xx_hal_rcc_ex.c ****   PeriphClkInit->PLLSAI1.PLLSAI1R = ((READ_BIT(RCC->PLLSAI1CFGR, RCC_PLLSAI1CFGR_PLLSAI1R) >> RCC_P
 1784              		.loc 1 942 3 is_stmt 1 view .LVU572
 942:Drivers/STM32L4xx_HAL_Driver/Src/stm32l4xx_hal_rcc_ex.c ****   PeriphClkInit->PLLSAI1.PLLSAI1R = ((READ_BIT(RCC->PLLSAI1CFGR, RCC_PLLSAI1CFGR_PLLSAI1R) >> RCC_P
 1785              		.loc 1 942 39 is_stmt 0 view .LVU573
 1786 0030 1A69     		ldr	r2, [r3, #16]
 942:Drivers/STM32L4xx_HAL_Driver/Src/stm32l4xx_hal_rcc_ex.c ****   PeriphClkInit->PLLSAI1.PLLSAI1R = ((READ_BIT(RCC->PLLSAI1CFGR, RCC_PLLSAI1CFGR_PLLSAI1R) >> RCC_P
 1787              		.loc 1 942 92 view .LVU574
 1788 0032 C2F34152 		ubfx	r2, r2, #21, #2
 942:Drivers/STM32L4xx_HAL_Driver/Src/stm32l4xx_hal_rcc_ex.c ****   PeriphClkInit->PLLSAI1.PLLSAI1R = ((READ_BIT(RCC->PLLSAI1CFGR, RCC_PLLSAI1CFGR_PLLSAI1R) >> RCC_P
 1789              		.loc 1 942 125 view .LVU575
 1790 0036 0132     		adds	r2, r2, #1
 942:Drivers/STM32L4xx_HAL_Driver/Src/stm32l4xx_hal_rcc_ex.c ****   PeriphClkInit->PLLSAI1.PLLSAI1R = ((READ_BIT(RCC->PLLSAI1CFGR, RCC_PLLSAI1CFGR_PLLSAI1R) >> RCC_P
 1791              		.loc 1 942 131 view .LVU576
 1792 0038 5200     		lsls	r2, r2, #1
 942:Drivers/STM32L4xx_HAL_Driver/Src/stm32l4xx_hal_rcc_ex.c ****   PeriphClkInit->PLLSAI1.PLLSAI1R = ((READ_BIT(RCC->PLLSAI1CFGR, RCC_PLLSAI1CFGR_PLLSAI1R) >> RCC_P
 1793              		.loc 1 942 35 view .LVU577
 1794 003a 4261     		str	r2, [r0, #20]
 943:Drivers/STM32L4xx_HAL_Driver/Src/stm32l4xx_hal_rcc_ex.c **** 
 1795              		.loc 1 943 3 is_stmt 1 view .LVU578
 943:Drivers/STM32L4xx_HAL_Driver/Src/stm32l4xx_hal_rcc_ex.c **** 
 1796              		.loc 1 943 39 is_stmt 0 view .LVU579
 1797 003c 1A69     		ldr	r2, [r3, #16]
 943:Drivers/STM32L4xx_HAL_Driver/Src/stm32l4xx_hal_rcc_ex.c **** 
 1798              		.loc 1 943 92 view .LVU580
 1799 003e C2F34162 		ubfx	r2, r2, #25, #2
 943:Drivers/STM32L4xx_HAL_Driver/Src/stm32l4xx_hal_rcc_ex.c **** 
 1800              		.loc 1 943 125 view .LVU581
 1801 0042 0132     		adds	r2, r2, #1
 943:Drivers/STM32L4xx_HAL_Driver/Src/stm32l4xx_hal_rcc_ex.c **** 
 1802              		.loc 1 943 131 view .LVU582
 1803 0044 5200     		lsls	r2, r2, #1
 943:Drivers/STM32L4xx_HAL_Driver/Src/stm32l4xx_hal_rcc_ex.c **** 
ARM GAS  /tmp/cc4nR4Y7.s 			page 104


 1804              		.loc 1 943 35 view .LVU583
 1805 0046 8261     		str	r2, [r0, #24]
 951:Drivers/STM32L4xx_HAL_Driver/Src/stm32l4xx_hal_rcc_ex.c **** #if defined(RCC_PLLSAI2M_DIV_1_16_SUPPORT)
 1806              		.loc 1 951 3 is_stmt 1 view .LVU584
 951:Drivers/STM32L4xx_HAL_Driver/Src/stm32l4xx_hal_rcc_ex.c **** #if defined(RCC_PLLSAI2M_DIV_1_16_SUPPORT)
 1807              		.loc 1 951 40 is_stmt 0 view .LVU585
 1808 0048 0462     		str	r4, [r0, #32]
 955:Drivers/STM32L4xx_HAL_Driver/Src/stm32l4xx_hal_rcc_ex.c **** #endif /* RCC_PLLSAI2M_DIV_1_16_SUPPORT */
 1809              		.loc 1 955 3 is_stmt 1 view .LVU586
 955:Drivers/STM32L4xx_HAL_Driver/Src/stm32l4xx_hal_rcc_ex.c **** #endif /* RCC_PLLSAI2M_DIV_1_16_SUPPORT */
 1810              		.loc 1 955 35 is_stmt 0 view .LVU587
 1811 004a 4162     		str	r1, [r0, #36]
 957:Drivers/STM32L4xx_HAL_Driver/Src/stm32l4xx_hal_rcc_ex.c ****   PeriphClkInit->PLLSAI2.PLLSAI2P = ((READ_BIT(RCC->PLLSAI2CFGR, RCC_PLLSAI2CFGR_PLLSAI2P) >> RCC_P
 1812              		.loc 1 957 3 is_stmt 1 view .LVU588
 957:Drivers/STM32L4xx_HAL_Driver/Src/stm32l4xx_hal_rcc_ex.c ****   PeriphClkInit->PLLSAI2.PLLSAI2P = ((READ_BIT(RCC->PLLSAI2CFGR, RCC_PLLSAI2CFGR_PLLSAI2P) >> RCC_P
 1813              		.loc 1 957 37 is_stmt 0 view .LVU589
 1814 004c 5A69     		ldr	r2, [r3, #20]
 957:Drivers/STM32L4xx_HAL_Driver/Src/stm32l4xx_hal_rcc_ex.c ****   PeriphClkInit->PLLSAI2.PLLSAI2P = ((READ_BIT(RCC->PLLSAI2CFGR, RCC_PLLSAI2CFGR_PLLSAI2P) >> RCC_P
 1815              		.loc 1 957 90 view .LVU590
 1816 004e C2F30622 		ubfx	r2, r2, #8, #7
 957:Drivers/STM32L4xx_HAL_Driver/Src/stm32l4xx_hal_rcc_ex.c ****   PeriphClkInit->PLLSAI2.PLLSAI2P = ((READ_BIT(RCC->PLLSAI2CFGR, RCC_PLLSAI2CFGR_PLLSAI2P) >> RCC_P
 1817              		.loc 1 957 35 view .LVU591
 1818 0052 8262     		str	r2, [r0, #40]
 958:Drivers/STM32L4xx_HAL_Driver/Src/stm32l4xx_hal_rcc_ex.c **** #if defined(RCC_PLLSAI2Q_DIV_SUPPORT)
 1819              		.loc 1 958 3 is_stmt 1 view .LVU592
 958:Drivers/STM32L4xx_HAL_Driver/Src/stm32l4xx_hal_rcc_ex.c **** #if defined(RCC_PLLSAI2Q_DIV_SUPPORT)
 1820              		.loc 1 958 39 is_stmt 0 view .LVU593
 1821 0054 5A69     		ldr	r2, [r3, #20]
 958:Drivers/STM32L4xx_HAL_Driver/Src/stm32l4xx_hal_rcc_ex.c **** #if defined(RCC_PLLSAI2Q_DIV_SUPPORT)
 1822              		.loc 1 958 92 view .LVU594
 1823 0056 520C     		lsrs	r2, r2, #17
 958:Drivers/STM32L4xx_HAL_Driver/Src/stm32l4xx_hal_rcc_ex.c **** #if defined(RCC_PLLSAI2Q_DIV_SUPPORT)
 1824              		.loc 1 958 125 view .LVU595
 1825 0058 1201     		lsls	r2, r2, #4
 1826 005a 02F01002 		and	r2, r2, #16
 958:Drivers/STM32L4xx_HAL_Driver/Src/stm32l4xx_hal_rcc_ex.c **** #if defined(RCC_PLLSAI2Q_DIV_SUPPORT)
 1827              		.loc 1 958 132 view .LVU596
 1828 005e 0732     		adds	r2, r2, #7
 958:Drivers/STM32L4xx_HAL_Driver/Src/stm32l4xx_hal_rcc_ex.c **** #if defined(RCC_PLLSAI2Q_DIV_SUPPORT)
 1829              		.loc 1 958 35 view .LVU597
 1830 0060 C262     		str	r2, [r0, #44]
 962:Drivers/STM32L4xx_HAL_Driver/Src/stm32l4xx_hal_rcc_ex.c **** 
 1831              		.loc 1 962 3 is_stmt 1 view .LVU598
 962:Drivers/STM32L4xx_HAL_Driver/Src/stm32l4xx_hal_rcc_ex.c **** 
 1832              		.loc 1 962 39 is_stmt 0 view .LVU599
 1833 0062 5A69     		ldr	r2, [r3, #20]
 962:Drivers/STM32L4xx_HAL_Driver/Src/stm32l4xx_hal_rcc_ex.c **** 
 1834              		.loc 1 962 91 view .LVU600
 1835 0064 C2F34162 		ubfx	r2, r2, #25, #2
 962:Drivers/STM32L4xx_HAL_Driver/Src/stm32l4xx_hal_rcc_ex.c **** 
 1836              		.loc 1 962 124 view .LVU601
 1837 0068 0132     		adds	r2, r2, #1
 962:Drivers/STM32L4xx_HAL_Driver/Src/stm32l4xx_hal_rcc_ex.c **** 
 1838              		.loc 1 962 130 view .LVU602
 1839 006a 5200     		lsls	r2, r2, #1
 962:Drivers/STM32L4xx_HAL_Driver/Src/stm32l4xx_hal_rcc_ex.c **** 
 1840              		.loc 1 962 35 view .LVU603
ARM GAS  /tmp/cc4nR4Y7.s 			page 105


 1841 006c 0263     		str	r2, [r0, #48]
 967:Drivers/STM32L4xx_HAL_Driver/Src/stm32l4xx_hal_rcc_ex.c ****   /* Get the USART2 clock source ---------------------------------------------*/
 1842              		.loc 1 967 3 is_stmt 1 view .LVU604
 967:Drivers/STM32L4xx_HAL_Driver/Src/stm32l4xx_hal_rcc_ex.c ****   /* Get the USART2 clock source ---------------------------------------------*/
 1843              		.loc 1 967 42 is_stmt 0 view .LVU605
 1844 006e D3F88820 		ldr	r2, [r3, #136]
 1845 0072 02F00302 		and	r2, r2, #3
 967:Drivers/STM32L4xx_HAL_Driver/Src/stm32l4xx_hal_rcc_ex.c ****   /* Get the USART2 clock source ---------------------------------------------*/
 1846              		.loc 1 967 40 view .LVU606
 1847 0076 8263     		str	r2, [r0, #56]
 969:Drivers/STM32L4xx_HAL_Driver/Src/stm32l4xx_hal_rcc_ex.c **** 
 1848              		.loc 1 969 3 is_stmt 1 view .LVU607
 969:Drivers/STM32L4xx_HAL_Driver/Src/stm32l4xx_hal_rcc_ex.c **** 
 1849              		.loc 1 969 42 is_stmt 0 view .LVU608
 1850 0078 D3F88820 		ldr	r2, [r3, #136]
 1851 007c 02F00C02 		and	r2, r2, #12
 969:Drivers/STM32L4xx_HAL_Driver/Src/stm32l4xx_hal_rcc_ex.c **** 
 1852              		.loc 1 969 40 view .LVU609
 1853 0080 C263     		str	r2, [r0, #60]
 973:Drivers/STM32L4xx_HAL_Driver/Src/stm32l4xx_hal_rcc_ex.c **** #endif /* USART3 */
 1854              		.loc 1 973 3 is_stmt 1 view .LVU610
 973:Drivers/STM32L4xx_HAL_Driver/Src/stm32l4xx_hal_rcc_ex.c **** #endif /* USART3 */
 1855              		.loc 1 973 42 is_stmt 0 view .LVU611
 1856 0082 D3F88820 		ldr	r2, [r3, #136]
 1857 0086 02F03002 		and	r2, r2, #48
 973:Drivers/STM32L4xx_HAL_Driver/Src/stm32l4xx_hal_rcc_ex.c **** #endif /* USART3 */
 1858              		.loc 1 973 40 view .LVU612
 1859 008a 0264     		str	r2, [r0, #64]
 978:Drivers/STM32L4xx_HAL_Driver/Src/stm32l4xx_hal_rcc_ex.c **** #endif /* UART4 */
 1860              		.loc 1 978 3 is_stmt 1 view .LVU613
 978:Drivers/STM32L4xx_HAL_Driver/Src/stm32l4xx_hal_rcc_ex.c **** #endif /* UART4 */
 1861              		.loc 1 978 42 is_stmt 0 view .LVU614
 1862 008c D3F88820 		ldr	r2, [r3, #136]
 1863 0090 02F0C002 		and	r2, r2, #192
 978:Drivers/STM32L4xx_HAL_Driver/Src/stm32l4xx_hal_rcc_ex.c **** #endif /* UART4 */
 1864              		.loc 1 978 40 view .LVU615
 1865 0094 4264     		str	r2, [r0, #68]
 983:Drivers/STM32L4xx_HAL_Driver/Src/stm32l4xx_hal_rcc_ex.c **** #endif /* UART5 */
 1866              		.loc 1 983 3 is_stmt 1 view .LVU616
 983:Drivers/STM32L4xx_HAL_Driver/Src/stm32l4xx_hal_rcc_ex.c **** #endif /* UART5 */
 1867              		.loc 1 983 42 is_stmt 0 view .LVU617
 1868 0096 D3F88820 		ldr	r2, [r3, #136]
 1869 009a 02F44072 		and	r2, r2, #768
 983:Drivers/STM32L4xx_HAL_Driver/Src/stm32l4xx_hal_rcc_ex.c **** #endif /* UART5 */
 1870              		.loc 1 983 40 view .LVU618
 1871 009e 8264     		str	r2, [r0, #72]
 987:Drivers/STM32L4xx_HAL_Driver/Src/stm32l4xx_hal_rcc_ex.c **** 
 1872              		.loc 1 987 3 is_stmt 1 view .LVU619
 987:Drivers/STM32L4xx_HAL_Driver/Src/stm32l4xx_hal_rcc_ex.c **** 
 1873              		.loc 1 987 42 is_stmt 0 view .LVU620
 1874 00a0 D3F88820 		ldr	r2, [r3, #136]
 1875 00a4 02F44062 		and	r2, r2, #3072
 987:Drivers/STM32L4xx_HAL_Driver/Src/stm32l4xx_hal_rcc_ex.c **** 
 1876              		.loc 1 987 40 view .LVU621
 1877 00a8 C264     		str	r2, [r0, #76]
 990:Drivers/STM32L4xx_HAL_Driver/Src/stm32l4xx_hal_rcc_ex.c **** 
 1878              		.loc 1 990 3 is_stmt 1 view .LVU622
ARM GAS  /tmp/cc4nR4Y7.s 			page 106


 990:Drivers/STM32L4xx_HAL_Driver/Src/stm32l4xx_hal_rcc_ex.c **** 
 1879              		.loc 1 990 42 is_stmt 0 view .LVU623
 1880 00aa D3F88820 		ldr	r2, [r3, #136]
 1881 00ae 02F44052 		and	r2, r2, #12288
 990:Drivers/STM32L4xx_HAL_Driver/Src/stm32l4xx_hal_rcc_ex.c **** 
 1882              		.loc 1 990 40 view .LVU624
 1883 00b2 0265     		str	r2, [r0, #80]
 994:Drivers/STM32L4xx_HAL_Driver/Src/stm32l4xx_hal_rcc_ex.c **** #endif /* I2C2 */
 1884              		.loc 1 994 3 is_stmt 1 view .LVU625
 994:Drivers/STM32L4xx_HAL_Driver/Src/stm32l4xx_hal_rcc_ex.c **** #endif /* I2C2 */
 1885              		.loc 1 994 42 is_stmt 0 view .LVU626
 1886 00b4 D3F88820 		ldr	r2, [r3, #136]
 1887 00b8 02F44042 		and	r2, r2, #49152
 994:Drivers/STM32L4xx_HAL_Driver/Src/stm32l4xx_hal_rcc_ex.c **** #endif /* I2C2 */
 1888              		.loc 1 994 40 view .LVU627
 1889 00bc 4265     		str	r2, [r0, #84]
 998:Drivers/STM32L4xx_HAL_Driver/Src/stm32l4xx_hal_rcc_ex.c **** 
 1890              		.loc 1 998 3 is_stmt 1 view .LVU628
 998:Drivers/STM32L4xx_HAL_Driver/Src/stm32l4xx_hal_rcc_ex.c **** 
 1891              		.loc 1 998 42 is_stmt 0 view .LVU629
 1892 00be D3F88820 		ldr	r2, [r3, #136]
 1893 00c2 02F44032 		and	r2, r2, #196608
 998:Drivers/STM32L4xx_HAL_Driver/Src/stm32l4xx_hal_rcc_ex.c **** 
 1894              		.loc 1 998 40 view .LVU630
 1895 00c6 8265     		str	r2, [r0, #88]
1006:Drivers/STM32L4xx_HAL_Driver/Src/stm32l4xx_hal_rcc_ex.c **** 
 1896              		.loc 1 1006 3 is_stmt 1 view .LVU631
1006:Drivers/STM32L4xx_HAL_Driver/Src/stm32l4xx_hal_rcc_ex.c **** 
 1897              		.loc 1 1006 42 is_stmt 0 view .LVU632
 1898 00c8 D3F88820 		ldr	r2, [r3, #136]
 1899 00cc 02F44022 		and	r2, r2, #786432
1006:Drivers/STM32L4xx_HAL_Driver/Src/stm32l4xx_hal_rcc_ex.c **** 
 1900              		.loc 1 1006 40 view .LVU633
 1901 00d0 C265     		str	r2, [r0, #92]
1009:Drivers/STM32L4xx_HAL_Driver/Src/stm32l4xx_hal_rcc_ex.c **** 
 1902              		.loc 1 1009 3 is_stmt 1 view .LVU634
1009:Drivers/STM32L4xx_HAL_Driver/Src/stm32l4xx_hal_rcc_ex.c **** 
 1903              		.loc 1 1009 42 is_stmt 0 view .LVU635
 1904 00d2 D3F88820 		ldr	r2, [r3, #136]
 1905 00d6 02F44012 		and	r2, r2, #3145728
1009:Drivers/STM32L4xx_HAL_Driver/Src/stm32l4xx_hal_rcc_ex.c **** 
 1906              		.loc 1 1009 40 view .LVU636
 1907 00da 0266     		str	r2, [r0, #96]
1013:Drivers/STM32L4xx_HAL_Driver/Src/stm32l4xx_hal_rcc_ex.c **** #endif /* SAI1 */
 1908              		.loc 1 1013 3 is_stmt 1 view .LVU637
1013:Drivers/STM32L4xx_HAL_Driver/Src/stm32l4xx_hal_rcc_ex.c **** #endif /* SAI1 */
 1909              		.loc 1 1013 42 is_stmt 0 view .LVU638
 1910 00dc D3F88820 		ldr	r2, [r3, #136]
 1911 00e0 02F44002 		and	r2, r2, #12582912
1013:Drivers/STM32L4xx_HAL_Driver/Src/stm32l4xx_hal_rcc_ex.c **** #endif /* SAI1 */
 1912              		.loc 1 1013 40 view .LVU639
 1913 00e4 4266     		str	r2, [r0, #100]
1018:Drivers/STM32L4xx_HAL_Driver/Src/stm32l4xx_hal_rcc_ex.c **** #endif /* SAI2 */
 1914              		.loc 1 1018 3 is_stmt 1 view .LVU640
1018:Drivers/STM32L4xx_HAL_Driver/Src/stm32l4xx_hal_rcc_ex.c **** #endif /* SAI2 */
 1915              		.loc 1 1018 42 is_stmt 0 view .LVU641
 1916 00e6 D3F88820 		ldr	r2, [r3, #136]
ARM GAS  /tmp/cc4nR4Y7.s 			page 107


 1917 00ea 02F04072 		and	r2, r2, #50331648
1018:Drivers/STM32L4xx_HAL_Driver/Src/stm32l4xx_hal_rcc_ex.c **** #endif /* SAI2 */
 1918              		.loc 1 1018 40 view .LVU642
 1919 00ee 8266     		str	r2, [r0, #104]
1022:Drivers/STM32L4xx_HAL_Driver/Src/stm32l4xx_hal_rcc_ex.c **** 
 1920              		.loc 1 1022 3 is_stmt 1 view .LVU643
1022:Drivers/STM32L4xx_HAL_Driver/Src/stm32l4xx_hal_rcc_ex.c **** 
 1921              		.loc 1 1022 42 is_stmt 0 view .LVU644
 1922 00f0 D3F89020 		ldr	r2, [r3, #144]
 1923 00f4 02F44072 		and	r2, r2, #768
1022:Drivers/STM32L4xx_HAL_Driver/Src/stm32l4xx_hal_rcc_ex.c **** 
 1924              		.loc 1 1022 40 view .LVU645
 1925 00f8 C0F88420 		str	r2, [r0, #132]
1026:Drivers/STM32L4xx_HAL_Driver/Src/stm32l4xx_hal_rcc_ex.c **** #endif /* USB_OTG_FS || USB */
 1926              		.loc 1 1026 3 is_stmt 1 view .LVU646
1026:Drivers/STM32L4xx_HAL_Driver/Src/stm32l4xx_hal_rcc_ex.c **** #endif /* USB_OTG_FS || USB */
 1927              		.loc 1 1026 40 is_stmt 0 view .LVU647
 1928 00fc D3F88820 		ldr	r2, [r3, #136]
 1929 0100 02F04062 		and	r2, r2, #201326592
1026:Drivers/STM32L4xx_HAL_Driver/Src/stm32l4xx_hal_rcc_ex.c **** #endif /* USB_OTG_FS || USB */
 1930              		.loc 1 1026 38 view .LVU648
 1931 0104 C266     		str	r2, [r0, #108]
1031:Drivers/STM32L4xx_HAL_Driver/Src/stm32l4xx_hal_rcc_ex.c **** #endif /* SDMMC1 */
 1932              		.loc 1 1031 3 is_stmt 1 view .LVU649
1031:Drivers/STM32L4xx_HAL_Driver/Src/stm32l4xx_hal_rcc_ex.c **** #endif /* SDMMC1 */
 1933              		.loc 1 1031 43 is_stmt 0 view .LVU650
 1934 0106 D3F88820 		ldr	r2, [r3, #136]
 1935 010a 02F04062 		and	r2, r2, #201326592
1031:Drivers/STM32L4xx_HAL_Driver/Src/stm32l4xx_hal_rcc_ex.c **** #endif /* SDMMC1 */
 1936              		.loc 1 1031 41 view .LVU651
 1937 010e 0267     		str	r2, [r0, #112]
1035:Drivers/STM32L4xx_HAL_Driver/Src/stm32l4xx_hal_rcc_ex.c **** 
 1938              		.loc 1 1035 3 is_stmt 1 view .LVU652
1035:Drivers/STM32L4xx_HAL_Driver/Src/stm32l4xx_hal_rcc_ex.c **** 
 1939              		.loc 1 1035 40 is_stmt 0 view .LVU653
 1940 0110 D3F88820 		ldr	r2, [r3, #136]
 1941 0114 02F04062 		and	r2, r2, #201326592
1035:Drivers/STM32L4xx_HAL_Driver/Src/stm32l4xx_hal_rcc_ex.c **** 
 1942              		.loc 1 1035 38 view .LVU654
 1943 0118 4267     		str	r2, [r0, #116]
1039:Drivers/STM32L4xx_HAL_Driver/Src/stm32l4xx_hal_rcc_ex.c **** #endif /* !STM32L412xx && !STM32L422xx */
 1944              		.loc 1 1039 3 is_stmt 1 view .LVU655
1039:Drivers/STM32L4xx_HAL_Driver/Src/stm32l4xx_hal_rcc_ex.c **** #endif /* !STM32L412xx && !STM32L422xx */
 1945              		.loc 1 1039 42 is_stmt 0 view .LVU656
 1946 011a D3F88820 		ldr	r2, [r3, #136]
 1947 011e 02F04052 		and	r2, r2, #805306368
1039:Drivers/STM32L4xx_HAL_Driver/Src/stm32l4xx_hal_rcc_ex.c **** #endif /* !STM32L412xx && !STM32L422xx */
 1948              		.loc 1 1039 40 view .LVU657
 1949 0122 8267     		str	r2, [r0, #120]
1044:Drivers/STM32L4xx_HAL_Driver/Src/stm32l4xx_hal_rcc_ex.c **** #endif /* SWPMI1 */
 1950              		.loc 1 1044 3 is_stmt 1 view .LVU658
1044:Drivers/STM32L4xx_HAL_Driver/Src/stm32l4xx_hal_rcc_ex.c **** #endif /* SWPMI1 */
 1951              		.loc 1 1044 42 is_stmt 0 view .LVU659
 1952 0124 D3F88820 		ldr	r2, [r3, #136]
 1953 0128 02F08042 		and	r2, r2, #1073741824
1044:Drivers/STM32L4xx_HAL_Driver/Src/stm32l4xx_hal_rcc_ex.c **** #endif /* SWPMI1 */
 1954              		.loc 1 1044 40 view .LVU660
ARM GAS  /tmp/cc4nR4Y7.s 			page 108


 1955 012c C267     		str	r2, [r0, #124]
1049:Drivers/STM32L4xx_HAL_Driver/Src/stm32l4xx_hal_rcc_ex.c **** 
 1956              		.loc 1 1049 3 is_stmt 1 view .LVU661
1049:Drivers/STM32L4xx_HAL_Driver/Src/stm32l4xx_hal_rcc_ex.c **** 
 1957              		.loc 1 1049 42 is_stmt 0 view .LVU662
 1958 012e D3F88830 		ldr	r3, [r3, #136]
 1959 0132 03F00043 		and	r3, r3, #-2147483648
1049:Drivers/STM32L4xx_HAL_Driver/Src/stm32l4xx_hal_rcc_ex.c **** 
 1960              		.loc 1 1049 40 view .LVU663
 1961 0136 C0F88030 		str	r3, [r0, #128]
1071:Drivers/STM32L4xx_HAL_Driver/Src/stm32l4xx_hal_rcc_ex.c **** 
 1962              		.loc 1 1071 1 view .LVU664
 1963 013a 5DF8044B 		ldr	r4, [sp], #4
 1964              	.LCFI7:
 1965              		.cfi_restore 4
 1966              		.cfi_def_cfa_offset 0
 1967 013e 7047     		bx	lr
 1968              	.L166:
 1969              		.align	2
 1970              	.L165:
 1971 0140 FFFF0F00 		.word	1048575
 1972 0144 00100240 		.word	1073876992
 1973              		.cfi_endproc
 1974              	.LFE133:
 1976              		.section	.text.HAL_RCCEx_GetPeriphCLKFreq,"ax",%progbits
 1977              		.align	1
 1978              		.global	HAL_RCCEx_GetPeriphCLKFreq
 1979              		.syntax unified
 1980              		.thumb
 1981              		.thumb_func
 1983              	HAL_RCCEx_GetPeriphCLKFreq:
 1984              	.LVL137:
 1985              	.LFB134:
1155:Drivers/STM32L4xx_HAL_Driver/Src/stm32l4xx_hal_rcc_ex.c ****   uint32_t frequency = 0U;
 1986              		.loc 1 1155 1 is_stmt 1 view -0
 1987              		.cfi_startproc
 1988              		@ args = 0, pretend = 0, frame = 0
 1989              		@ frame_needed = 0, uses_anonymous_args = 0
1155:Drivers/STM32L4xx_HAL_Driver/Src/stm32l4xx_hal_rcc_ex.c ****   uint32_t frequency = 0U;
 1990              		.loc 1 1155 1 is_stmt 0 view .LVU666
 1991 0000 08B5     		push	{r3, lr}
 1992              	.LCFI8:
 1993              		.cfi_def_cfa_offset 8
 1994              		.cfi_offset 3, -8
 1995              		.cfi_offset 14, -4
1156:Drivers/STM32L4xx_HAL_Driver/Src/stm32l4xx_hal_rcc_ex.c ****   uint32_t srcclk, pll_oscsource, pllvco, plln;    /* no init needed */
 1996              		.loc 1 1156 3 is_stmt 1 view .LVU667
 1997              	.LVL138:
1157:Drivers/STM32L4xx_HAL_Driver/Src/stm32l4xx_hal_rcc_ex.c **** #if defined(SDMMC1) && defined(RCC_CCIPR2_SDMMCSEL)
 1998              		.loc 1 1157 3 view .LVU668
1163:Drivers/STM32L4xx_HAL_Driver/Src/stm32l4xx_hal_rcc_ex.c **** 
 1999              		.loc 1 1163 3 view .LVU669
1165:Drivers/STM32L4xx_HAL_Driver/Src/stm32l4xx_hal_rcc_ex.c ****   {
 2000              		.loc 1 1165 3 view .LVU670
1165:Drivers/STM32L4xx_HAL_Driver/Src/stm32l4xx_hal_rcc_ex.c ****   {
 2001              		.loc 1 1165 5 is_stmt 0 view .LVU671
 2002 0002 B0F5003F 		cmp	r0, #131072
ARM GAS  /tmp/cc4nR4Y7.s 			page 109


 2003 0006 1AD0     		beq	.L292
1210:Drivers/STM32L4xx_HAL_Driver/Src/stm32l4xx_hal_rcc_ex.c **** 
 2004              		.loc 1 1210 5 is_stmt 1 view .LVU672
1210:Drivers/STM32L4xx_HAL_Driver/Src/stm32l4xx_hal_rcc_ex.c **** 
 2005              		.loc 1 1210 21 is_stmt 0 view .LVU673
 2006 0008 9C4B     		ldr	r3, .L312
 2007 000a DB68     		ldr	r3, [r3, #12]
1210:Drivers/STM32L4xx_HAL_Driver/Src/stm32l4xx_hal_rcc_ex.c **** 
 2008              		.loc 1 1210 19 view .LVU674
 2009 000c 03F00303 		and	r3, r3, #3
 2010              	.LVL139:
1213:Drivers/STM32L4xx_HAL_Driver/Src/stm32l4xx_hal_rcc_ex.c ****     {
 2011              		.loc 1 1213 5 is_stmt 1 view .LVU675
 2012 0010 022B     		cmp	r3, #2
 2013 0012 45D0     		beq	.L172
 2014 0014 032B     		cmp	r3, #3
 2015 0016 4AD0     		beq	.L173
 2016 0018 012B     		cmp	r3, #1
 2017 001a 4FD1     		bne	.L260
1216:Drivers/STM32L4xx_HAL_Driver/Src/stm32l4xx_hal_rcc_ex.c ****       {
 2018              		.loc 1 1216 7 view .LVU676
1216:Drivers/STM32L4xx_HAL_Driver/Src/stm32l4xx_hal_rcc_ex.c ****       {
 2019              		.loc 1 1216 10 is_stmt 0 view .LVU677
 2020 001c 974B     		ldr	r3, .L312
 2021              	.LVL140:
1216:Drivers/STM32L4xx_HAL_Driver/Src/stm32l4xx_hal_rcc_ex.c ****       {
 2022              		.loc 1 1216 10 view .LVU678
 2023 001e 1968     		ldr	r1, [r3]
1216:Drivers/STM32L4xx_HAL_Driver/Src/stm32l4xx_hal_rcc_ex.c ****       {
 2024              		.loc 1 1216 9 view .LVU679
 2025 0020 11F00201 		ands	r1, r1, #2
 2026 0024 4BD0     		beq	.L174
1219:Drivers/STM32L4xx_HAL_Driver/Src/stm32l4xx_hal_rcc_ex.c ****       }
 2027              		.loc 1 1219 9 is_stmt 1 view .LVU680
1219:Drivers/STM32L4xx_HAL_Driver/Src/stm32l4xx_hal_rcc_ex.c ****       }
 2028              		.loc 1 1219 33 is_stmt 0 view .LVU681
 2029 0026 1B68     		ldr	r3, [r3]
1219:Drivers/STM32L4xx_HAL_Driver/Src/stm32l4xx_hal_rcc_ex.c ****       }
 2030              		.loc 1 1219 59 view .LVU682
 2031 0028 13F0080F 		tst	r3, #8
 2032 002c 32D0     		beq	.L175
1219:Drivers/STM32L4xx_HAL_Driver/Src/stm32l4xx_hal_rcc_ex.c ****       }
 2033              		.loc 1 1219 33 discriminator 1 view .LVU683
 2034 002e 934B     		ldr	r3, .L312
 2035 0030 1B68     		ldr	r3, [r3]
1219:Drivers/STM32L4xx_HAL_Driver/Src/stm32l4xx_hal_rcc_ex.c ****       }
 2036              		.loc 1 1219 59 discriminator 1 view .LVU684
 2037 0032 C3F30313 		ubfx	r3, r3, #4, #4
 2038              	.L176:
1219:Drivers/STM32L4xx_HAL_Driver/Src/stm32l4xx_hal_rcc_ex.c ****       }
 2039              		.loc 1 1219 16 discriminator 4 view .LVU685
 2040 0036 924A     		ldr	r2, .L312+4
 2041 0038 52F82310 		ldr	r1, [r2, r3, lsl #2]
 2042              	.LVL141:
1219:Drivers/STM32L4xx_HAL_Driver/Src/stm32l4xx_hal_rcc_ex.c ****       }
 2043              		.loc 1 1219 16 discriminator 4 view .LVU686
 2044 003c 3FE0     		b	.L174
ARM GAS  /tmp/cc4nR4Y7.s 			page 110


 2045              	.LVL142:
 2046              	.L292:
1168:Drivers/STM32L4xx_HAL_Driver/Src/stm32l4xx_hal_rcc_ex.c **** 
 2047              		.loc 1 1168 5 is_stmt 1 view .LVU687
1168:Drivers/STM32L4xx_HAL_Driver/Src/stm32l4xx_hal_rcc_ex.c **** 
 2048              		.loc 1 1168 14 is_stmt 0 view .LVU688
 2049 003e 8F4B     		ldr	r3, .L312
 2050 0040 D3F89030 		ldr	r3, [r3, #144]
1168:Drivers/STM32L4xx_HAL_Driver/Src/stm32l4xx_hal_rcc_ex.c **** 
 2051              		.loc 1 1168 12 view .LVU689
 2052 0044 03F44073 		and	r3, r3, #768
 2053              	.LVL143:
1170:Drivers/STM32L4xx_HAL_Driver/Src/stm32l4xx_hal_rcc_ex.c ****     {
 2054              		.loc 1 1170 5 is_stmt 1 view .LVU690
 2055 0048 B3F5007F 		cmp	r3, #512
 2056 004c 10D0     		beq	.L169
 2057 004e B3F5407F 		cmp	r3, #768
 2058 0052 17D0     		beq	.L170
 2059 0054 B3F5807F 		cmp	r3, #256
 2060 0058 40F03A83 		bne	.L256
1174:Drivers/STM32L4xx_HAL_Driver/Src/stm32l4xx_hal_rcc_ex.c ****       {
 2061              		.loc 1 1174 7 view .LVU691
1174:Drivers/STM32L4xx_HAL_Driver/Src/stm32l4xx_hal_rcc_ex.c ****       {
 2062              		.loc 1 1174 10 is_stmt 0 view .LVU692
 2063 005c 874B     		ldr	r3, .L312
 2064              	.LVL144:
1174:Drivers/STM32L4xx_HAL_Driver/Src/stm32l4xx_hal_rcc_ex.c ****       {
 2065              		.loc 1 1174 10 view .LVU693
 2066 005e D3F89000 		ldr	r0, [r3, #144]
 2067              	.LVL145:
1174:Drivers/STM32L4xx_HAL_Driver/Src/stm32l4xx_hal_rcc_ex.c ****       {
 2068              		.loc 1 1174 9 view .LVU694
 2069 0062 10F00200 		ands	r0, r0, #2
 2070 0066 00F03883 		beq	.L167
1176:Drivers/STM32L4xx_HAL_Driver/Src/stm32l4xx_hal_rcc_ex.c ****       }
 2071              		.loc 1 1176 19 view .LVU695
 2072 006a 4FF40040 		mov	r0, #32768
 2073 006e 34E3     		b	.L167
 2074              	.LVL146:
 2075              	.L169:
1181:Drivers/STM32L4xx_HAL_Driver/Src/stm32l4xx_hal_rcc_ex.c ****       {
 2076              		.loc 1 1181 7 is_stmt 1 view .LVU696
1181:Drivers/STM32L4xx_HAL_Driver/Src/stm32l4xx_hal_rcc_ex.c ****       {
 2077              		.loc 1 1181 10 is_stmt 0 view .LVU697
 2078 0070 824B     		ldr	r3, .L312
 2079              	.LVL147:
1181:Drivers/STM32L4xx_HAL_Driver/Src/stm32l4xx_hal_rcc_ex.c ****       {
 2080              		.loc 1 1181 10 view .LVU698
 2081 0072 D3F89400 		ldr	r0, [r3, #148]
 2082              	.LVL148:
1181:Drivers/STM32L4xx_HAL_Driver/Src/stm32l4xx_hal_rcc_ex.c ****       {
 2083              		.loc 1 1181 9 view .LVU699
 2084 0076 10F00200 		ands	r0, r0, #2
 2085 007a 00F02E83 		beq	.L167
1191:Drivers/STM32L4xx_HAL_Driver/Src/stm32l4xx_hal_rcc_ex.c ****         }
 2086              		.loc 1 1191 21 view .LVU700
 2087 007e 4FF4FA40 		mov	r0, #32000
ARM GAS  /tmp/cc4nR4Y7.s 			page 111


 2088 0082 2AE3     		b	.L167
 2089              	.LVL149:
 2090              	.L170:
1197:Drivers/STM32L4xx_HAL_Driver/Src/stm32l4xx_hal_rcc_ex.c ****       {
 2091              		.loc 1 1197 7 is_stmt 1 view .LVU701
1197:Drivers/STM32L4xx_HAL_Driver/Src/stm32l4xx_hal_rcc_ex.c ****       {
 2092              		.loc 1 1197 10 is_stmt 0 view .LVU702
 2093 0084 7D4B     		ldr	r3, .L312
 2094              	.LVL150:
1197:Drivers/STM32L4xx_HAL_Driver/Src/stm32l4xx_hal_rcc_ex.c ****       {
 2095              		.loc 1 1197 10 view .LVU703
 2096 0086 1868     		ldr	r0, [r3]
 2097              	.LVL151:
1197:Drivers/STM32L4xx_HAL_Driver/Src/stm32l4xx_hal_rcc_ex.c ****       {
 2098              		.loc 1 1197 9 view .LVU704
 2099 0088 10F40030 		ands	r0, r0, #131072
 2100 008c 00F02583 		beq	.L167
1199:Drivers/STM32L4xx_HAL_Driver/Src/stm32l4xx_hal_rcc_ex.c ****       }
 2101              		.loc 1 1199 19 view .LVU705
 2102 0090 7C48     		ldr	r0, .L312+8
 2103 0092 22E3     		b	.L167
 2104              	.LVL152:
 2105              	.L175:
1219:Drivers/STM32L4xx_HAL_Driver/Src/stm32l4xx_hal_rcc_ex.c ****       }
 2106              		.loc 1 1219 33 discriminator 2 view .LVU706
 2107 0094 794B     		ldr	r3, .L312
 2108 0096 D3F89430 		ldr	r3, [r3, #148]
1219:Drivers/STM32L4xx_HAL_Driver/Src/stm32l4xx_hal_rcc_ex.c ****       }
 2109              		.loc 1 1219 59 discriminator 2 view .LVU707
 2110 009a C3F30323 		ubfx	r3, r3, #8, #4
 2111 009e CAE7     		b	.L176
 2112              	.LVL153:
 2113              	.L172:
1227:Drivers/STM32L4xx_HAL_Driver/Src/stm32l4xx_hal_rcc_ex.c ****       {
 2114              		.loc 1 1227 7 is_stmt 1 view .LVU708
1227:Drivers/STM32L4xx_HAL_Driver/Src/stm32l4xx_hal_rcc_ex.c ****       {
 2115              		.loc 1 1227 10 is_stmt 0 view .LVU709
 2116 00a0 764B     		ldr	r3, .L312
 2117              	.LVL154:
1227:Drivers/STM32L4xx_HAL_Driver/Src/stm32l4xx_hal_rcc_ex.c ****       {
 2118              		.loc 1 1227 10 view .LVU710
 2119 00a2 1968     		ldr	r1, [r3]
1227:Drivers/STM32L4xx_HAL_Driver/Src/stm32l4xx_hal_rcc_ex.c ****       {
 2120              		.loc 1 1227 9 view .LVU711
 2121 00a4 11F48061 		ands	r1, r1, #1024
 2122 00a8 09D0     		beq	.L174
1229:Drivers/STM32L4xx_HAL_Driver/Src/stm32l4xx_hal_rcc_ex.c ****       }
 2123              		.loc 1 1229 16 view .LVU712
 2124 00aa 7749     		ldr	r1, .L312+12
 2125 00ac 07E0     		b	.L174
 2126              	.LVL155:
 2127              	.L173:
1237:Drivers/STM32L4xx_HAL_Driver/Src/stm32l4xx_hal_rcc_ex.c ****       {
 2128              		.loc 1 1237 7 is_stmt 1 view .LVU713
1237:Drivers/STM32L4xx_HAL_Driver/Src/stm32l4xx_hal_rcc_ex.c ****       {
 2129              		.loc 1 1237 10 is_stmt 0 view .LVU714
 2130 00ae 734B     		ldr	r3, .L312
ARM GAS  /tmp/cc4nR4Y7.s 			page 112


 2131              	.LVL156:
1237:Drivers/STM32L4xx_HAL_Driver/Src/stm32l4xx_hal_rcc_ex.c ****       {
 2132              		.loc 1 1237 10 view .LVU715
 2133 00b0 1968     		ldr	r1, [r3]
1237:Drivers/STM32L4xx_HAL_Driver/Src/stm32l4xx_hal_rcc_ex.c ****       {
 2134              		.loc 1 1237 9 view .LVU716
 2135 00b2 11F40031 		ands	r1, r1, #131072
 2136 00b6 02D0     		beq	.L174
1239:Drivers/STM32L4xx_HAL_Driver/Src/stm32l4xx_hal_rcc_ex.c ****       }
 2137              		.loc 1 1239 16 view .LVU717
 2138 00b8 7449     		ldr	r1, .L312+16
 2139 00ba 00E0     		b	.L174
 2140              	.LVL157:
 2141              	.L260:
1213:Drivers/STM32L4xx_HAL_Driver/Src/stm32l4xx_hal_rcc_ex.c ****     {
 2142              		.loc 1 1213 5 view .LVU718
 2143 00bc 0021     		movs	r1, #0
 2144              	.LVL158:
 2145              	.L174:
1252:Drivers/STM32L4xx_HAL_Driver/Src/stm32l4xx_hal_rcc_ex.c ****     {
 2146              		.loc 1 1252 5 is_stmt 1 view .LVU719
 2147 00be B0F5807F 		cmp	r0, #256
 2148 00c2 00F08E82 		beq	.L177
 2149 00c6 44D8     		bhi	.L178
 2150 00c8 2028     		cmp	r0, #32
 2151 00ca 28D8     		bhi	.L179
 2152 00cc 0028     		cmp	r0, #0
 2153 00ce 00F00183 		beq	.L261
 2154 00d2 0138     		subs	r0, r0, #1
 2155              	.LVL159:
1252:Drivers/STM32L4xx_HAL_Driver/Src/stm32l4xx_hal_rcc_ex.c ****     {
 2156              		.loc 1 1252 5 is_stmt 0 view .LVU720
 2157 00d4 1F28     		cmp	r0, #31
 2158 00d6 00F2FF82 		bhi	.L262
 2159 00da DFE810F0 		tbh	[pc, r0, lsl #1]
 2160              	.L181:
 2161 00de 1701     		.2byte	(.L186-.L181)/2
 2162 00e0 3B01     		.2byte	(.L185-.L181)/2
 2163 00e2 FD02     		.2byte	(.L262-.L181)/2
 2164 00e4 6A01     		.2byte	(.L184-.L181)/2
 2165 00e6 FD02     		.2byte	(.L262-.L181)/2
 2166 00e8 FD02     		.2byte	(.L262-.L181)/2
 2167 00ea FD02     		.2byte	(.L262-.L181)/2
 2168 00ec 9301     		.2byte	(.L183-.L181)/2
 2169 00ee FD02     		.2byte	(.L262-.L181)/2
 2170 00f0 FD02     		.2byte	(.L262-.L181)/2
 2171 00f2 FD02     		.2byte	(.L262-.L181)/2
 2172 00f4 FD02     		.2byte	(.L262-.L181)/2
 2173 00f6 FD02     		.2byte	(.L262-.L181)/2
 2174 00f8 FD02     		.2byte	(.L262-.L181)/2
 2175 00fa FD02     		.2byte	(.L262-.L181)/2
 2176 00fc BC01     		.2byte	(.L182-.L181)/2
 2177 00fe FD02     		.2byte	(.L262-.L181)/2
 2178 0100 FD02     		.2byte	(.L262-.L181)/2
 2179 0102 FD02     		.2byte	(.L262-.L181)/2
 2180 0104 FD02     		.2byte	(.L262-.L181)/2
 2181 0106 FD02     		.2byte	(.L262-.L181)/2
ARM GAS  /tmp/cc4nR4Y7.s 			page 113


 2182 0108 FD02     		.2byte	(.L262-.L181)/2
 2183 010a FD02     		.2byte	(.L262-.L181)/2
 2184 010c FD02     		.2byte	(.L262-.L181)/2
 2185 010e FD02     		.2byte	(.L262-.L181)/2
 2186 0110 FD02     		.2byte	(.L262-.L181)/2
 2187 0112 FD02     		.2byte	(.L262-.L181)/2
 2188 0114 FD02     		.2byte	(.L262-.L181)/2
 2189 0116 FD02     		.2byte	(.L262-.L181)/2
 2190 0118 FD02     		.2byte	(.L262-.L181)/2
 2191 011a FD02     		.2byte	(.L262-.L181)/2
 2192 011c E801     		.2byte	(.L180-.L181)/2
 2193              	.LVL160:
 2194              		.p2align 1
 2195              	.L179:
1252:Drivers/STM32L4xx_HAL_Driver/Src/stm32l4xx_hal_rcc_ex.c ****     {
 2196              		.loc 1 1252 5 view .LVU721
 2197 011e 4028     		cmp	r0, #64
 2198 0120 00F03982 		beq	.L187
 2199 0124 8028     		cmp	r0, #128
 2200 0126 12D1     		bne	.L293
1779:Drivers/STM32L4xx_HAL_Driver/Src/stm32l4xx_hal_rcc_ex.c **** 
 2201              		.loc 1 1779 9 is_stmt 1 view .LVU722
1779:Drivers/STM32L4xx_HAL_Driver/Src/stm32l4xx_hal_rcc_ex.c **** 
 2202              		.loc 1 1779 18 is_stmt 0 view .LVU723
 2203 0128 544B     		ldr	r3, .L312
 2204 012a D3F88830 		ldr	r3, [r3, #136]
1779:Drivers/STM32L4xx_HAL_Driver/Src/stm32l4xx_hal_rcc_ex.c **** 
 2205              		.loc 1 1779 16 view .LVU724
 2206 012e 03F44043 		and	r3, r3, #49152
 2207              	.LVL161:
1781:Drivers/STM32L4xx_HAL_Driver/Src/stm32l4xx_hal_rcc_ex.c ****         {
 2208              		.loc 1 1781 9 is_stmt 1 view .LVU725
 2209 0132 B3F5804F 		cmp	r3, #16384
 2210 0136 00F04A82 		beq	.L240
 2211 013a B3F5004F 		cmp	r3, #32768
 2212 013e 00F04982 		beq	.L241
 2213 0142 002B     		cmp	r3, #0
 2214 0144 40F0D282 		bne	.L280
1784:Drivers/STM32L4xx_HAL_Driver/Src/stm32l4xx_hal_rcc_ex.c ****           break;
 2215              		.loc 1 1784 11 view .LVU726
1784:Drivers/STM32L4xx_HAL_Driver/Src/stm32l4xx_hal_rcc_ex.c ****           break;
 2216              		.loc 1 1784 23 is_stmt 0 view .LVU727
 2217 0148 FFF7FEFF 		bl	HAL_RCC_GetPCLK1Freq
 2218              	.LVL162:
1785:Drivers/STM32L4xx_HAL_Driver/Src/stm32l4xx_hal_rcc_ex.c ****         case RCC_I2C2CLKSOURCE_SYSCLK:
 2219              		.loc 1 1785 11 is_stmt 1 view .LVU728
 2220 014c C5E2     		b	.L167
 2221              	.LVL163:
 2222              	.L293:
1252:Drivers/STM32L4xx_HAL_Driver/Src/stm32l4xx_hal_rcc_ex.c ****     {
 2223              		.loc 1 1252 5 is_stmt 0 view .LVU729
 2224 014e 0020     		movs	r0, #0
 2225              	.LVL164:
1252:Drivers/STM32L4xx_HAL_Driver/Src/stm32l4xx_hal_rcc_ex.c ****     {
 2226              		.loc 1 1252 5 view .LVU730
 2227 0150 C3E2     		b	.L167
 2228              	.LVL165:
ARM GAS  /tmp/cc4nR4Y7.s 			page 114


 2229              	.L178:
1252:Drivers/STM32L4xx_HAL_Driver/Src/stm32l4xx_hal_rcc_ex.c ****     {
 2230              		.loc 1 1252 5 view .LVU731
 2231 0152 B0F5805F 		cmp	r0, #4096
 2232 0156 73D0     		beq	.L189
 2233 0158 10D9     		bls	.L294
 2234 015a B0F5004F 		cmp	r0, #32768
 2235 015e 00F0A482 		beq	.L194
 2236 0162 33D9     		bls	.L295
 2237 0164 B0F5803F 		cmp	r0, #65536
 2238 0168 4BD1     		bne	.L296
1696:Drivers/STM32L4xx_HAL_Driver/Src/stm32l4xx_hal_rcc_ex.c **** 
 2239              		.loc 1 1696 9 is_stmt 1 view .LVU732
1696:Drivers/STM32L4xx_HAL_Driver/Src/stm32l4xx_hal_rcc_ex.c **** 
 2240              		.loc 1 1696 18 is_stmt 0 view .LVU733
 2241 016a 444B     		ldr	r3, .L312
 2242 016c D3F88830 		ldr	r3, [r3, #136]
 2243              	.LVL166:
1698:Drivers/STM32L4xx_HAL_Driver/Src/stm32l4xx_hal_rcc_ex.c ****         {
 2244              		.loc 1 1698 9 is_stmt 1 view .LVU734
1698:Drivers/STM32L4xx_HAL_Driver/Src/stm32l4xx_hal_rcc_ex.c ****         {
 2245              		.loc 1 1698 11 is_stmt 0 view .LVU735
 2246 0170 002B     		cmp	r3, #0
 2247 0172 C0F20D82 		blt	.L237
1700:Drivers/STM32L4xx_HAL_Driver/Src/stm32l4xx_hal_rcc_ex.c ****         }
 2248              		.loc 1 1700 11 is_stmt 1 view .LVU736
1700:Drivers/STM32L4xx_HAL_Driver/Src/stm32l4xx_hal_rcc_ex.c ****         }
 2249              		.loc 1 1700 23 is_stmt 0 view .LVU737
 2250 0176 FFF7FEFF 		bl	HAL_RCC_GetPCLK2Freq
 2251              	.LVL167:
1700:Drivers/STM32L4xx_HAL_Driver/Src/stm32l4xx_hal_rcc_ex.c ****         }
 2252              		.loc 1 1700 23 view .LVU738
 2253 017a AEE2     		b	.L167
 2254              	.LVL168:
 2255              	.L294:
1252:Drivers/STM32L4xx_HAL_Driver/Src/stm32l4xx_hal_rcc_ex.c ****     {
 2256              		.loc 1 1252 5 view .LVU739
 2257 017c B0F5806F 		cmp	r0, #1024
 2258 0180 00F06382 		beq	.L191
 2259 0184 B0F5006F 		cmp	r0, #2048
 2260 0188 55D0     		beq	.L192
 2261 018a B0F5007F 		cmp	r0, #512
 2262 018e 1BD1     		bne	.L297
1866:Drivers/STM32L4xx_HAL_Driver/Src/stm32l4xx_hal_rcc_ex.c **** 
 2263              		.loc 1 1866 9 is_stmt 1 view .LVU740
1866:Drivers/STM32L4xx_HAL_Driver/Src/stm32l4xx_hal_rcc_ex.c **** 
 2264              		.loc 1 1866 18 is_stmt 0 view .LVU741
 2265 0190 3A4B     		ldr	r3, .L312
 2266 0192 D3F88830 		ldr	r3, [r3, #136]
1866:Drivers/STM32L4xx_HAL_Driver/Src/stm32l4xx_hal_rcc_ex.c **** 
 2267              		.loc 1 1866 16 view .LVU742
 2268 0196 03F44023 		and	r3, r3, #786432
 2269              	.LVL169:
1868:Drivers/STM32L4xx_HAL_Driver/Src/stm32l4xx_hal_rcc_ex.c ****         {
 2270              		.loc 1 1868 9 is_stmt 1 view .LVU743
 2271 019a B3F5002F 		cmp	r3, #524288
 2272 019e 00F04D82 		beq	.L244
ARM GAS  /tmp/cc4nR4Y7.s 			page 115


 2273 01a2 00F23A82 		bhi	.L245
 2274 01a6 002B     		cmp	r3, #0
 2275 01a8 00F04582 		beq	.L246
 2276 01ac B3F5802F 		cmp	r3, #262144
 2277 01b0 40F03182 		bne	.L298
1874:Drivers/STM32L4xx_HAL_Driver/Src/stm32l4xx_hal_rcc_ex.c ****           {
 2278              		.loc 1 1874 11 view .LVU744
1874:Drivers/STM32L4xx_HAL_Driver/Src/stm32l4xx_hal_rcc_ex.c ****           {
 2279              		.loc 1 1874 14 is_stmt 0 view .LVU745
 2280 01b4 314B     		ldr	r3, .L312
 2281              	.LVL170:
1874:Drivers/STM32L4xx_HAL_Driver/Src/stm32l4xx_hal_rcc_ex.c ****           {
 2282              		.loc 1 1874 14 view .LVU746
 2283 01b6 D3F89400 		ldr	r0, [r3, #148]
 2284              	.LVL171:
1874:Drivers/STM32L4xx_HAL_Driver/Src/stm32l4xx_hal_rcc_ex.c ****           {
 2285              		.loc 1 1874 13 view .LVU747
 2286 01ba 10F00200 		ands	r0, r0, #2
 2287 01be 00F08C82 		beq	.L167
1884:Drivers/STM32L4xx_HAL_Driver/Src/stm32l4xx_hal_rcc_ex.c ****             }
 2288              		.loc 1 1884 25 view .LVU748
 2289 01c2 4FF4FA40 		mov	r0, #32000
 2290 01c6 88E2     		b	.L167
 2291              	.LVL172:
 2292              	.L297:
1252:Drivers/STM32L4xx_HAL_Driver/Src/stm32l4xx_hal_rcc_ex.c ****     {
 2293              		.loc 1 1252 5 view .LVU749
 2294 01c8 0020     		movs	r0, #0
 2295              	.LVL173:
1252:Drivers/STM32L4xx_HAL_Driver/Src/stm32l4xx_hal_rcc_ex.c ****     {
 2296              		.loc 1 1252 5 view .LVU750
 2297 01ca 86E2     		b	.L167
 2298              	.LVL174:
 2299              	.L295:
1252:Drivers/STM32L4xx_HAL_Driver/Src/stm32l4xx_hal_rcc_ex.c ****     {
 2300              		.loc 1 1252 5 view .LVU751
 2301 01cc B0F5005F 		cmp	r0, #8192
 2302 01d0 1FD0     		beq	.L196
 2303 01d2 B0F5804F 		cmp	r0, #16384
 2304 01d6 12D1     		bne	.L299
1640:Drivers/STM32L4xx_HAL_Driver/Src/stm32l4xx_hal_rcc_ex.c **** 
 2305              		.loc 1 1640 9 is_stmt 1 view .LVU752
1640:Drivers/STM32L4xx_HAL_Driver/Src/stm32l4xx_hal_rcc_ex.c **** 
 2306              		.loc 1 1640 18 is_stmt 0 view .LVU753
 2307 01d8 284B     		ldr	r3, .L312
 2308 01da D3F88830 		ldr	r3, [r3, #136]
1640:Drivers/STM32L4xx_HAL_Driver/Src/stm32l4xx_hal_rcc_ex.c **** 
 2309              		.loc 1 1640 16 view .LVU754
 2310 01de 03F04053 		and	r3, r3, #805306368
 2311              	.LVL175:
1642:Drivers/STM32L4xx_HAL_Driver/Src/stm32l4xx_hal_rcc_ex.c ****         {
 2312              		.loc 1 1642 9 is_stmt 1 view .LVU755
 2313 01e2 B3F1005F 		cmp	r3, #536870912
 2314 01e6 00F0B481 		beq	.L234
 2315 01ea B3F1405F 		cmp	r3, #805306368
 2316 01ee 00F08A81 		beq	.L235
 2317 01f2 B3F1805F 		cmp	r3, #268435456
ARM GAS  /tmp/cc4nR4Y7.s 			page 116


 2318 01f6 00F08D81 		beq	.L236
 2319 01fa 0020     		movs	r0, #0
 2320              	.LVL176:
1642:Drivers/STM32L4xx_HAL_Driver/Src/stm32l4xx_hal_rcc_ex.c ****         {
 2321              		.loc 1 1642 9 is_stmt 0 view .LVU756
 2322 01fc 6DE2     		b	.L167
 2323              	.LVL177:
 2324              	.L299:
1252:Drivers/STM32L4xx_HAL_Driver/Src/stm32l4xx_hal_rcc_ex.c ****     {
 2325              		.loc 1 1252 5 view .LVU757
 2326 01fe 0020     		movs	r0, #0
 2327              	.LVL178:
1252:Drivers/STM32L4xx_HAL_Driver/Src/stm32l4xx_hal_rcc_ex.c ****     {
 2328              		.loc 1 1252 5 view .LVU758
 2329 0200 6BE2     		b	.L167
 2330              	.LVL179:
 2331              	.L296:
1252:Drivers/STM32L4xx_HAL_Driver/Src/stm32l4xx_hal_rcc_ex.c ****     {
 2332              		.loc 1 1252 5 view .LVU759
 2333 0202 C0F06B82 		bcc	.L263
 2334 0206 B0F5802F 		cmp	r0, #262144
 2335 020a 02D0     		beq	.L196
 2336 020c B0F5002F 		cmp	r0, #524288
 2337 0210 0FD1     		bne	.L300
 2338              	.L196:
1284:Drivers/STM32L4xx_HAL_Driver/Src/stm32l4xx_hal_rcc_ex.c **** 
 2339              		.loc 1 1284 9 is_stmt 1 view .LVU760
1284:Drivers/STM32L4xx_HAL_Driver/Src/stm32l4xx_hal_rcc_ex.c **** 
 2340              		.loc 1 1284 18 is_stmt 0 view .LVU761
 2341 0212 1A4B     		ldr	r3, .L312
 2342 0214 D3F88830 		ldr	r3, [r3, #136]
1284:Drivers/STM32L4xx_HAL_Driver/Src/stm32l4xx_hal_rcc_ex.c **** 
 2343              		.loc 1 1284 16 view .LVU762
 2344 0218 03F04063 		and	r3, r3, #201326592
 2345              	.LVL180:
1286:Drivers/STM32L4xx_HAL_Driver/Src/stm32l4xx_hal_rcc_ex.c ****         {
 2346              		.loc 1 1286 9 is_stmt 1 view .LVU763
 2347 021c B3F1006F 		cmp	r3, #134217728
 2348 0220 36D0     		beq	.L199
 2349 0222 B3F1406F 		cmp	r3, #201326592
 2350 0226 10D0     		beq	.L200
 2351 0228 B3F1806F 		cmp	r3, #67108864
 2352 022c 4FD0     		beq	.L201
 2353 022e 0020     		movs	r0, #0
 2354              	.LVL181:
1286:Drivers/STM32L4xx_HAL_Driver/Src/stm32l4xx_hal_rcc_ex.c ****         {
 2355              		.loc 1 1286 9 is_stmt 0 view .LVU764
 2356 0230 53E2     		b	.L167
 2357              	.LVL182:
 2358              	.L300:
1252:Drivers/STM32L4xx_HAL_Driver/Src/stm32l4xx_hal_rcc_ex.c ****     {
 2359              		.loc 1 1252 5 view .LVU765
 2360 0232 0020     		movs	r0, #0
 2361              	.LVL183:
1252:Drivers/STM32L4xx_HAL_Driver/Src/stm32l4xx_hal_rcc_ex.c ****     {
 2362              		.loc 1 1252 5 view .LVU766
 2363 0234 51E2     		b	.L167
ARM GAS  /tmp/cc4nR4Y7.s 			page 117


 2364              	.LVL184:
 2365              	.L192:
1257:Drivers/STM32L4xx_HAL_Driver/Src/stm32l4xx_hal_rcc_ex.c ****       break;
 2366              		.loc 1 1257 7 is_stmt 1 view .LVU767
1257:Drivers/STM32L4xx_HAL_Driver/Src/stm32l4xx_hal_rcc_ex.c ****       break;
 2367              		.loc 1 1257 19 is_stmt 0 view .LVU768
 2368 0236 4FF40060 		mov	r0, #2048
 2369              	.LVL185:
1257:Drivers/STM32L4xx_HAL_Driver/Src/stm32l4xx_hal_rcc_ex.c ****       break;
 2370              		.loc 1 1257 19 view .LVU769
 2371 023a FFF7FEFF 		bl	RCCEx_GetSAIxPeriphCLKFreq
 2372              	.LVL186:
1258:Drivers/STM32L4xx_HAL_Driver/Src/stm32l4xx_hal_rcc_ex.c **** 
 2373              		.loc 1 1258 7 is_stmt 1 view .LVU770
 2374 023e 4CE2     		b	.L167
 2375              	.LVL187:
 2376              	.L189:
1265:Drivers/STM32L4xx_HAL_Driver/Src/stm32l4xx_hal_rcc_ex.c ****       break;
 2377              		.loc 1 1265 7 view .LVU771
1265:Drivers/STM32L4xx_HAL_Driver/Src/stm32l4xx_hal_rcc_ex.c ****       break;
 2378              		.loc 1 1265 19 is_stmt 0 view .LVU772
 2379 0240 4FF48050 		mov	r0, #4096
 2380              	.LVL188:
1265:Drivers/STM32L4xx_HAL_Driver/Src/stm32l4xx_hal_rcc_ex.c ****       break;
 2381              		.loc 1 1265 19 view .LVU773
 2382 0244 FFF7FEFF 		bl	RCCEx_GetSAIxPeriphCLKFreq
 2383              	.LVL189:
1266:Drivers/STM32L4xx_HAL_Driver/Src/stm32l4xx_hal_rcc_ex.c **** 
 2384              		.loc 1 1266 7 is_stmt 1 view .LVU774
 2385 0248 47E2     		b	.L167
 2386              	.LVL190:
 2387              	.L200:
1289:Drivers/STM32L4xx_HAL_Driver/Src/stm32l4xx_hal_rcc_ex.c ****           {
 2388              		.loc 1 1289 11 view .LVU775
1289:Drivers/STM32L4xx_HAL_Driver/Src/stm32l4xx_hal_rcc_ex.c ****           {
 2389              		.loc 1 1289 14 is_stmt 0 view .LVU776
 2390 024a 0C4B     		ldr	r3, .L312
 2391              	.LVL191:
1289:Drivers/STM32L4xx_HAL_Driver/Src/stm32l4xx_hal_rcc_ex.c ****           {
 2392              		.loc 1 1289 14 view .LVU777
 2393 024c 1868     		ldr	r0, [r3]
 2394              	.LVL192:
1289:Drivers/STM32L4xx_HAL_Driver/Src/stm32l4xx_hal_rcc_ex.c ****           {
 2395              		.loc 1 1289 13 view .LVU778
 2396 024e 10F00200 		ands	r0, r0, #2
 2397 0252 00F04282 		beq	.L167
1292:Drivers/STM32L4xx_HAL_Driver/Src/stm32l4xx_hal_rcc_ex.c ****           }
 2398              		.loc 1 1292 13 is_stmt 1 view .LVU779
1292:Drivers/STM32L4xx_HAL_Driver/Src/stm32l4xx_hal_rcc_ex.c ****           }
 2399              		.loc 1 1292 40 is_stmt 0 view .LVU780
 2400 0256 1B68     		ldr	r3, [r3]
1292:Drivers/STM32L4xx_HAL_Driver/Src/stm32l4xx_hal_rcc_ex.c ****           }
 2401              		.loc 1 1292 66 view .LVU781
 2402 0258 13F0080F 		tst	r3, #8
 2403 025c 07D0     		beq	.L202
1292:Drivers/STM32L4xx_HAL_Driver/Src/stm32l4xx_hal_rcc_ex.c ****           }
 2404              		.loc 1 1292 40 discriminator 1 view .LVU782
ARM GAS  /tmp/cc4nR4Y7.s 			page 118


 2405 025e 074B     		ldr	r3, .L312
 2406 0260 1B68     		ldr	r3, [r3]
1292:Drivers/STM32L4xx_HAL_Driver/Src/stm32l4xx_hal_rcc_ex.c ****           }
 2407              		.loc 1 1292 66 discriminator 1 view .LVU783
 2408 0262 C3F30313 		ubfx	r3, r3, #4, #4
 2409              	.L203:
1292:Drivers/STM32L4xx_HAL_Driver/Src/stm32l4xx_hal_rcc_ex.c ****           }
 2410              		.loc 1 1292 23 discriminator 4 view .LVU784
 2411 0266 064A     		ldr	r2, .L312+4
 2412 0268 52F82300 		ldr	r0, [r2, r3, lsl #2]
 2413              	.LVL193:
1292:Drivers/STM32L4xx_HAL_Driver/Src/stm32l4xx_hal_rcc_ex.c ****           }
 2414              		.loc 1 1292 23 discriminator 4 view .LVU785
 2415 026c 35E2     		b	.L167
 2416              	.LVL194:
 2417              	.L202:
1292:Drivers/STM32L4xx_HAL_Driver/Src/stm32l4xx_hal_rcc_ex.c ****           }
 2418              		.loc 1 1292 40 discriminator 2 view .LVU786
 2419 026e 034B     		ldr	r3, .L312
 2420 0270 D3F89430 		ldr	r3, [r3, #148]
1292:Drivers/STM32L4xx_HAL_Driver/Src/stm32l4xx_hal_rcc_ex.c ****           }
 2421              		.loc 1 1292 66 discriminator 2 view .LVU787
 2422 0274 C3F30323 		ubfx	r3, r3, #8, #4
 2423 0278 F5E7     		b	.L203
 2424              	.L313:
 2425 027a 00BF     		.align	2
 2426              	.L312:
 2427 027c 00100240 		.word	1073876992
 2428 0280 00000000 		.word	MSIRangeTable
 2429 0284 90D00300 		.word	250000
 2430 0288 0024F400 		.word	16000000
 2431 028c 00127A00 		.word	8000000
 2432              	.LVL195:
 2433              	.L199:
1296:Drivers/STM32L4xx_HAL_Driver/Src/stm32l4xx_hal_rcc_ex.c ****           {
 2434              		.loc 1 1296 11 is_stmt 1 view .LVU788
1296:Drivers/STM32L4xx_HAL_Driver/Src/stm32l4xx_hal_rcc_ex.c ****           {
 2435              		.loc 1 1296 14 is_stmt 0 view .LVU789
 2436 0290 9E4B     		ldr	r3, .L314
 2437              	.LVL196:
1296:Drivers/STM32L4xx_HAL_Driver/Src/stm32l4xx_hal_rcc_ex.c ****           {
 2438              		.loc 1 1296 14 view .LVU790
 2439 0292 1868     		ldr	r0, [r3]
 2440              	.LVL197:
1296:Drivers/STM32L4xx_HAL_Driver/Src/stm32l4xx_hal_rcc_ex.c ****           {
 2441              		.loc 1 1296 13 view .LVU791
 2442 0294 10F00070 		ands	r0, r0, #33554432
 2443 0298 00F01F82 		beq	.L167
1298:Drivers/STM32L4xx_HAL_Driver/Src/stm32l4xx_hal_rcc_ex.c ****             {
 2444              		.loc 1 1298 13 is_stmt 1 view .LVU792
1298:Drivers/STM32L4xx_HAL_Driver/Src/stm32l4xx_hal_rcc_ex.c ****             {
 2445              		.loc 1 1298 16 is_stmt 0 view .LVU793
 2446 029c D868     		ldr	r0, [r3, #12]
1298:Drivers/STM32L4xx_HAL_Driver/Src/stm32l4xx_hal_rcc_ex.c ****             {
 2447              		.loc 1 1298 15 view .LVU794
 2448 029e 10F48010 		ands	r0, r0, #1048576
 2449 02a2 00F01A82 		beq	.L167
ARM GAS  /tmp/cc4nR4Y7.s 			page 119


1301:Drivers/STM32L4xx_HAL_Driver/Src/stm32l4xx_hal_rcc_ex.c ****               pllvco = ((pllvco * plln) / ((READ_BIT(RCC->PLLCFGR, RCC_PLLCFGR_PLLM) >> RCC_PLLCFGR
 2450              		.loc 1 1301 15 is_stmt 1 view .LVU795
1301:Drivers/STM32L4xx_HAL_Driver/Src/stm32l4xx_hal_rcc_ex.c ****               pllvco = ((pllvco * plln) / ((READ_BIT(RCC->PLLCFGR, RCC_PLLCFGR_PLLM) >> RCC_PLLCFGR
 2451              		.loc 1 1301 22 is_stmt 0 view .LVU796
 2452 02a6 1A46     		mov	r2, r3
 2453 02a8 DB68     		ldr	r3, [r3, #12]
1301:Drivers/STM32L4xx_HAL_Driver/Src/stm32l4xx_hal_rcc_ex.c ****               pllvco = ((pllvco * plln) / ((READ_BIT(RCC->PLLCFGR, RCC_PLLCFGR_PLLM) >> RCC_PLLCFGR
 2454              		.loc 1 1301 20 view .LVU797
 2455 02aa C3F30623 		ubfx	r3, r3, #8, #7
 2456              	.LVL198:
1302:Drivers/STM32L4xx_HAL_Driver/Src/stm32l4xx_hal_rcc_ex.c ****               /* f(PLL48M1CLK) = f(VCO input) / PLLQ */
 2457              		.loc 1 1302 15 is_stmt 1 view .LVU798
1302:Drivers/STM32L4xx_HAL_Driver/Src/stm32l4xx_hal_rcc_ex.c ****               /* f(PLL48M1CLK) = f(VCO input) / PLLQ */
 2458              		.loc 1 1302 33 is_stmt 0 view .LVU799
 2459 02ae 03FB01F0 		mul	r0, r3, r1
1302:Drivers/STM32L4xx_HAL_Driver/Src/stm32l4xx_hal_rcc_ex.c ****               /* f(PLL48M1CLK) = f(VCO input) / PLLQ */
 2460              		.loc 1 1302 45 view .LVU800
 2461 02b2 D368     		ldr	r3, [r2, #12]
 2462              	.LVL199:
1302:Drivers/STM32L4xx_HAL_Driver/Src/stm32l4xx_hal_rcc_ex.c ****               /* f(PLL48M1CLK) = f(VCO input) / PLLQ */
 2463              		.loc 1 1302 86 view .LVU801
 2464 02b4 C3F30213 		ubfx	r3, r3, #4, #3
1302:Drivers/STM32L4xx_HAL_Driver/Src/stm32l4xx_hal_rcc_ex.c ****               /* f(PLL48M1CLK) = f(VCO input) / PLLQ */
 2465              		.loc 1 1302 111 view .LVU802
 2466 02b8 0133     		adds	r3, r3, #1
1302:Drivers/STM32L4xx_HAL_Driver/Src/stm32l4xx_hal_rcc_ex.c ****               /* f(PLL48M1CLK) = f(VCO input) / PLLQ */
 2467              		.loc 1 1302 22 view .LVU803
 2468 02ba B0FBF3F0 		udiv	r0, r0, r3
 2469              	.LVL200:
1304:Drivers/STM32L4xx_HAL_Driver/Src/stm32l4xx_hal_rcc_ex.c ****             }
 2470              		.loc 1 1304 15 is_stmt 1 view .LVU804
1304:Drivers/STM32L4xx_HAL_Driver/Src/stm32l4xx_hal_rcc_ex.c ****             }
 2471              		.loc 1 1304 40 is_stmt 0 view .LVU805
 2472 02be D368     		ldr	r3, [r2, #12]
1304:Drivers/STM32L4xx_HAL_Driver/Src/stm32l4xx_hal_rcc_ex.c ****             }
 2473              		.loc 1 1304 81 view .LVU806
 2474 02c0 C3F34153 		ubfx	r3, r3, #21, #2
1304:Drivers/STM32L4xx_HAL_Driver/Src/stm32l4xx_hal_rcc_ex.c ****             }
 2475              		.loc 1 1304 106 view .LVU807
 2476 02c4 0133     		adds	r3, r3, #1
1304:Drivers/STM32L4xx_HAL_Driver/Src/stm32l4xx_hal_rcc_ex.c ****             }
 2477              		.loc 1 1304 112 view .LVU808
 2478 02c6 5B00     		lsls	r3, r3, #1
1304:Drivers/STM32L4xx_HAL_Driver/Src/stm32l4xx_hal_rcc_ex.c ****             }
 2479              		.loc 1 1304 25 view .LVU809
 2480 02c8 B0FBF3F0 		udiv	r0, r0, r3
 2481              	.LVL201:
1304:Drivers/STM32L4xx_HAL_Driver/Src/stm32l4xx_hal_rcc_ex.c ****             }
 2482              		.loc 1 1304 25 view .LVU810
 2483 02cc 05E2     		b	.L167
 2484              	.LVL202:
 2485              	.L201:
1310:Drivers/STM32L4xx_HAL_Driver/Src/stm32l4xx_hal_rcc_ex.c ****           {
 2486              		.loc 1 1310 11 is_stmt 1 view .LVU811
1310:Drivers/STM32L4xx_HAL_Driver/Src/stm32l4xx_hal_rcc_ex.c ****           {
 2487              		.loc 1 1310 14 is_stmt 0 view .LVU812
 2488 02ce 8F4B     		ldr	r3, .L314
ARM GAS  /tmp/cc4nR4Y7.s 			page 120


 2489              	.LVL203:
1310:Drivers/STM32L4xx_HAL_Driver/Src/stm32l4xx_hal_rcc_ex.c ****           {
 2490              		.loc 1 1310 14 view .LVU813
 2491 02d0 1868     		ldr	r0, [r3]
 2492              	.LVL204:
1310:Drivers/STM32L4xx_HAL_Driver/Src/stm32l4xx_hal_rcc_ex.c ****           {
 2493              		.loc 1 1310 13 view .LVU814
 2494 02d2 10F00060 		ands	r0, r0, #134217728
 2495 02d6 00F00082 		beq	.L167
1312:Drivers/STM32L4xx_HAL_Driver/Src/stm32l4xx_hal_rcc_ex.c ****             {
 2496              		.loc 1 1312 13 is_stmt 1 view .LVU815
1312:Drivers/STM32L4xx_HAL_Driver/Src/stm32l4xx_hal_rcc_ex.c ****             {
 2497              		.loc 1 1312 16 is_stmt 0 view .LVU816
 2498 02da 1869     		ldr	r0, [r3, #16]
1312:Drivers/STM32L4xx_HAL_Driver/Src/stm32l4xx_hal_rcc_ex.c ****             {
 2499              		.loc 1 1312 15 view .LVU817
 2500 02dc 10F48010 		ands	r0, r0, #1048576
 2501 02e0 00F0FB81 		beq	.L167
1314:Drivers/STM32L4xx_HAL_Driver/Src/stm32l4xx_hal_rcc_ex.c **** #if defined(RCC_PLLSAI1M_DIV_1_16_SUPPORT)
 2502              		.loc 1 1314 15 is_stmt 1 view .LVU818
1314:Drivers/STM32L4xx_HAL_Driver/Src/stm32l4xx_hal_rcc_ex.c **** #if defined(RCC_PLLSAI1M_DIV_1_16_SUPPORT)
 2503              		.loc 1 1314 22 is_stmt 0 view .LVU819
 2504 02e4 1A46     		mov	r2, r3
 2505 02e6 1B69     		ldr	r3, [r3, #16]
1314:Drivers/STM32L4xx_HAL_Driver/Src/stm32l4xx_hal_rcc_ex.c **** #if defined(RCC_PLLSAI1M_DIV_1_16_SUPPORT)
 2506              		.loc 1 1314 20 view .LVU820
 2507 02e8 C3F30623 		ubfx	r3, r3, #8, #7
 2508              	.LVL205:
1321:Drivers/STM32L4xx_HAL_Driver/Src/stm32l4xx_hal_rcc_ex.c **** #endif
 2509              		.loc 1 1321 15 is_stmt 1 view .LVU821
1321:Drivers/STM32L4xx_HAL_Driver/Src/stm32l4xx_hal_rcc_ex.c **** #endif
 2510              		.loc 1 1321 33 is_stmt 0 view .LVU822
 2511 02ec 03FB01F0 		mul	r0, r3, r1
1321:Drivers/STM32L4xx_HAL_Driver/Src/stm32l4xx_hal_rcc_ex.c **** #endif
 2512              		.loc 1 1321 45 view .LVU823
 2513 02f0 D368     		ldr	r3, [r2, #12]
 2514              	.LVL206:
1321:Drivers/STM32L4xx_HAL_Driver/Src/stm32l4xx_hal_rcc_ex.c **** #endif
 2515              		.loc 1 1321 86 view .LVU824
 2516 02f2 C3F30213 		ubfx	r3, r3, #4, #3
1321:Drivers/STM32L4xx_HAL_Driver/Src/stm32l4xx_hal_rcc_ex.c **** #endif
 2517              		.loc 1 1321 111 view .LVU825
 2518 02f6 0133     		adds	r3, r3, #1
1321:Drivers/STM32L4xx_HAL_Driver/Src/stm32l4xx_hal_rcc_ex.c **** #endif
 2519              		.loc 1 1321 22 view .LVU826
 2520 02f8 B0FBF3F0 		udiv	r0, r0, r3
 2521              	.LVL207:
1324:Drivers/STM32L4xx_HAL_Driver/Src/stm32l4xx_hal_rcc_ex.c ****             }
 2522              		.loc 1 1324 15 is_stmt 1 view .LVU827
1324:Drivers/STM32L4xx_HAL_Driver/Src/stm32l4xx_hal_rcc_ex.c ****             }
 2523              		.loc 1 1324 40 is_stmt 0 view .LVU828
 2524 02fc 1369     		ldr	r3, [r2, #16]
1324:Drivers/STM32L4xx_HAL_Driver/Src/stm32l4xx_hal_rcc_ex.c ****             }
 2525              		.loc 1 1324 93 view .LVU829
 2526 02fe C3F34153 		ubfx	r3, r3, #21, #2
1324:Drivers/STM32L4xx_HAL_Driver/Src/stm32l4xx_hal_rcc_ex.c ****             }
 2527              		.loc 1 1324 126 view .LVU830
ARM GAS  /tmp/cc4nR4Y7.s 			page 121


 2528 0302 0133     		adds	r3, r3, #1
1324:Drivers/STM32L4xx_HAL_Driver/Src/stm32l4xx_hal_rcc_ex.c ****             }
 2529              		.loc 1 1324 132 view .LVU831
 2530 0304 5B00     		lsls	r3, r3, #1
1324:Drivers/STM32L4xx_HAL_Driver/Src/stm32l4xx_hal_rcc_ex.c ****             }
 2531              		.loc 1 1324 25 view .LVU832
 2532 0306 B0FBF3F0 		udiv	r0, r0, r3
 2533              	.LVL208:
1324:Drivers/STM32L4xx_HAL_Driver/Src/stm32l4xx_hal_rcc_ex.c ****             }
 2534              		.loc 1 1324 25 view .LVU833
 2535 030a E6E1     		b	.L167
 2536              	.LVL209:
 2537              	.L186:
1431:Drivers/STM32L4xx_HAL_Driver/Src/stm32l4xx_hal_rcc_ex.c **** 
 2538              		.loc 1 1431 9 is_stmt 1 view .LVU834
1431:Drivers/STM32L4xx_HAL_Driver/Src/stm32l4xx_hal_rcc_ex.c **** 
 2539              		.loc 1 1431 18 is_stmt 0 view .LVU835
 2540 030c 7F4B     		ldr	r3, .L314
 2541 030e D3F88830 		ldr	r3, [r3, #136]
1431:Drivers/STM32L4xx_HAL_Driver/Src/stm32l4xx_hal_rcc_ex.c **** 
 2542              		.loc 1 1431 16 view .LVU836
 2543 0312 03F00303 		and	r3, r3, #3
 2544              	.LVL210:
1433:Drivers/STM32L4xx_HAL_Driver/Src/stm32l4xx_hal_rcc_ex.c ****         {
 2545              		.loc 1 1433 9 is_stmt 1 view .LVU837
 2546 0316 032B     		cmp	r3, #3
 2547 0318 00F2E281 		bhi	.L264
 2548 031c DFE803F0 		tbb	[pc, r3]
 2549              	.L205:
 2550 0320 02       		.byte	(.L208-.L205)/2
 2551 0321 05       		.byte	(.L207-.L205)/2
 2552 0322 08       		.byte	(.L206-.L205)/2
 2553 0323 10       		.byte	(.L204-.L205)/2
 2554              		.p2align 1
 2555              	.L208:
1436:Drivers/STM32L4xx_HAL_Driver/Src/stm32l4xx_hal_rcc_ex.c ****           break;
 2556              		.loc 1 1436 11 view .LVU838
1436:Drivers/STM32L4xx_HAL_Driver/Src/stm32l4xx_hal_rcc_ex.c ****           break;
 2557              		.loc 1 1436 23 is_stmt 0 view .LVU839
 2558 0324 FFF7FEFF 		bl	HAL_RCC_GetPCLK2Freq
 2559              	.LVL211:
1437:Drivers/STM32L4xx_HAL_Driver/Src/stm32l4xx_hal_rcc_ex.c ****         case RCC_USART1CLKSOURCE_SYSCLK:
 2560              		.loc 1 1437 11 is_stmt 1 view .LVU840
 2561 0328 D7E1     		b	.L167
 2562              	.LVL212:
 2563              	.L207:
1439:Drivers/STM32L4xx_HAL_Driver/Src/stm32l4xx_hal_rcc_ex.c ****           break;
 2564              		.loc 1 1439 11 view .LVU841
1439:Drivers/STM32L4xx_HAL_Driver/Src/stm32l4xx_hal_rcc_ex.c ****           break;
 2565              		.loc 1 1439 23 is_stmt 0 view .LVU842
 2566 032a FFF7FEFF 		bl	HAL_RCC_GetSysClockFreq
 2567              	.LVL213:
1440:Drivers/STM32L4xx_HAL_Driver/Src/stm32l4xx_hal_rcc_ex.c ****         case RCC_USART1CLKSOURCE_HSI:
 2568              		.loc 1 1440 11 is_stmt 1 view .LVU843
 2569 032e D4E1     		b	.L167
 2570              	.LVL214:
 2571              	.L206:
ARM GAS  /tmp/cc4nR4Y7.s 			page 122


1442:Drivers/STM32L4xx_HAL_Driver/Src/stm32l4xx_hal_rcc_ex.c ****           {
 2572              		.loc 1 1442 11 view .LVU844
1442:Drivers/STM32L4xx_HAL_Driver/Src/stm32l4xx_hal_rcc_ex.c ****           {
 2573              		.loc 1 1442 14 is_stmt 0 view .LVU845
 2574 0330 764B     		ldr	r3, .L314
 2575              	.LVL215:
1442:Drivers/STM32L4xx_HAL_Driver/Src/stm32l4xx_hal_rcc_ex.c ****           {
 2576              		.loc 1 1442 14 view .LVU846
 2577 0332 1868     		ldr	r0, [r3]
1442:Drivers/STM32L4xx_HAL_Driver/Src/stm32l4xx_hal_rcc_ex.c ****           {
 2578              		.loc 1 1442 13 view .LVU847
 2579 0334 10F48060 		ands	r0, r0, #1024
 2580 0338 00F0CF81 		beq	.L167
1444:Drivers/STM32L4xx_HAL_Driver/Src/stm32l4xx_hal_rcc_ex.c ****           }
 2581              		.loc 1 1444 23 view .LVU848
 2582 033c 7448     		ldr	r0, .L314+4
 2583 033e CCE1     		b	.L167
 2584              	.LVL216:
 2585              	.L204:
1448:Drivers/STM32L4xx_HAL_Driver/Src/stm32l4xx_hal_rcc_ex.c ****           {
 2586              		.loc 1 1448 11 is_stmt 1 view .LVU849
1448:Drivers/STM32L4xx_HAL_Driver/Src/stm32l4xx_hal_rcc_ex.c ****           {
 2587              		.loc 1 1448 14 is_stmt 0 view .LVU850
 2588 0340 724B     		ldr	r3, .L314
 2589              	.LVL217:
1448:Drivers/STM32L4xx_HAL_Driver/Src/stm32l4xx_hal_rcc_ex.c ****           {
 2590              		.loc 1 1448 14 view .LVU851
 2591 0342 D3F89000 		ldr	r0, [r3, #144]
1448:Drivers/STM32L4xx_HAL_Driver/Src/stm32l4xx_hal_rcc_ex.c ****           {
 2592              		.loc 1 1448 13 view .LVU852
 2593 0346 10F00200 		ands	r0, r0, #2
 2594 034a 00F0C681 		beq	.L167
1450:Drivers/STM32L4xx_HAL_Driver/Src/stm32l4xx_hal_rcc_ex.c ****           }
 2595              		.loc 1 1450 23 view .LVU853
 2596 034e 4FF40040 		mov	r0, #32768
 2597 0352 C2E1     		b	.L167
 2598              	.LVL218:
 2599              	.L185:
1464:Drivers/STM32L4xx_HAL_Driver/Src/stm32l4xx_hal_rcc_ex.c **** 
 2600              		.loc 1 1464 9 is_stmt 1 view .LVU854
1464:Drivers/STM32L4xx_HAL_Driver/Src/stm32l4xx_hal_rcc_ex.c **** 
 2601              		.loc 1 1464 18 is_stmt 0 view .LVU855
 2602 0354 6D4B     		ldr	r3, .L314
 2603 0356 D3F88830 		ldr	r3, [r3, #136]
1464:Drivers/STM32L4xx_HAL_Driver/Src/stm32l4xx_hal_rcc_ex.c **** 
 2604              		.loc 1 1464 16 view .LVU856
 2605 035a 03F00C03 		and	r3, r3, #12
 2606              	.LVL219:
1466:Drivers/STM32L4xx_HAL_Driver/Src/stm32l4xx_hal_rcc_ex.c ****         {
 2607              		.loc 1 1466 9 is_stmt 1 view .LVU857
 2608 035e 0C2B     		cmp	r3, #12
 2609 0360 00F2C081 		bhi	.L267
 2610 0364 DFE813F0 		tbh	[pc, r3, lsl #1]
 2611              	.L210:
 2612 0368 0D00     		.2byte	(.L213-.L210)/2
 2613 036a BE01     		.2byte	(.L267-.L210)/2
 2614 036c BE01     		.2byte	(.L267-.L210)/2
ARM GAS  /tmp/cc4nR4Y7.s 			page 123


 2615 036e BE01     		.2byte	(.L267-.L210)/2
 2616 0370 1000     		.2byte	(.L212-.L210)/2
 2617 0372 BE01     		.2byte	(.L267-.L210)/2
 2618 0374 BE01     		.2byte	(.L267-.L210)/2
 2619 0376 BE01     		.2byte	(.L267-.L210)/2
 2620 0378 1300     		.2byte	(.L211-.L210)/2
 2621 037a BE01     		.2byte	(.L267-.L210)/2
 2622 037c BE01     		.2byte	(.L267-.L210)/2
 2623 037e BE01     		.2byte	(.L267-.L210)/2
 2624 0380 1B00     		.2byte	(.L209-.L210)/2
 2625              		.p2align 1
 2626              	.L213:
1469:Drivers/STM32L4xx_HAL_Driver/Src/stm32l4xx_hal_rcc_ex.c ****           break;
 2627              		.loc 1 1469 11 view .LVU858
1469:Drivers/STM32L4xx_HAL_Driver/Src/stm32l4xx_hal_rcc_ex.c ****           break;
 2628              		.loc 1 1469 23 is_stmt 0 view .LVU859
 2629 0382 FFF7FEFF 		bl	HAL_RCC_GetPCLK1Freq
 2630              	.LVL220:
1470:Drivers/STM32L4xx_HAL_Driver/Src/stm32l4xx_hal_rcc_ex.c ****         case RCC_USART2CLKSOURCE_SYSCLK:
 2631              		.loc 1 1470 11 is_stmt 1 view .LVU860
 2632 0386 A8E1     		b	.L167
 2633              	.LVL221:
 2634              	.L212:
1472:Drivers/STM32L4xx_HAL_Driver/Src/stm32l4xx_hal_rcc_ex.c ****           break;
 2635              		.loc 1 1472 11 view .LVU861
1472:Drivers/STM32L4xx_HAL_Driver/Src/stm32l4xx_hal_rcc_ex.c ****           break;
 2636              		.loc 1 1472 23 is_stmt 0 view .LVU862
 2637 0388 FFF7FEFF 		bl	HAL_RCC_GetSysClockFreq
 2638              	.LVL222:
1473:Drivers/STM32L4xx_HAL_Driver/Src/stm32l4xx_hal_rcc_ex.c ****         case RCC_USART2CLKSOURCE_HSI:
 2639              		.loc 1 1473 11 is_stmt 1 view .LVU863
 2640 038c A5E1     		b	.L167
 2641              	.LVL223:
 2642              	.L211:
1475:Drivers/STM32L4xx_HAL_Driver/Src/stm32l4xx_hal_rcc_ex.c ****           {
 2643              		.loc 1 1475 11 view .LVU864
1475:Drivers/STM32L4xx_HAL_Driver/Src/stm32l4xx_hal_rcc_ex.c ****           {
 2644              		.loc 1 1475 14 is_stmt 0 view .LVU865
 2645 038e 5F4B     		ldr	r3, .L314
 2646              	.LVL224:
1475:Drivers/STM32L4xx_HAL_Driver/Src/stm32l4xx_hal_rcc_ex.c ****           {
 2647              		.loc 1 1475 14 view .LVU866
 2648 0390 1868     		ldr	r0, [r3]
1475:Drivers/STM32L4xx_HAL_Driver/Src/stm32l4xx_hal_rcc_ex.c ****           {
 2649              		.loc 1 1475 13 view .LVU867
 2650 0392 10F48060 		ands	r0, r0, #1024
 2651 0396 00F0A081 		beq	.L167
1477:Drivers/STM32L4xx_HAL_Driver/Src/stm32l4xx_hal_rcc_ex.c ****           }
 2652              		.loc 1 1477 23 view .LVU868
 2653 039a 5D48     		ldr	r0, .L314+4
 2654 039c 9DE1     		b	.L167
 2655              	.LVL225:
 2656              	.L209:
1481:Drivers/STM32L4xx_HAL_Driver/Src/stm32l4xx_hal_rcc_ex.c ****           {
 2657              		.loc 1 1481 11 is_stmt 1 view .LVU869
1481:Drivers/STM32L4xx_HAL_Driver/Src/stm32l4xx_hal_rcc_ex.c ****           {
 2658              		.loc 1 1481 14 is_stmt 0 view .LVU870
ARM GAS  /tmp/cc4nR4Y7.s 			page 124


 2659 039e 5B4B     		ldr	r3, .L314
 2660              	.LVL226:
1481:Drivers/STM32L4xx_HAL_Driver/Src/stm32l4xx_hal_rcc_ex.c ****           {
 2661              		.loc 1 1481 14 view .LVU871
 2662 03a0 D3F89000 		ldr	r0, [r3, #144]
1481:Drivers/STM32L4xx_HAL_Driver/Src/stm32l4xx_hal_rcc_ex.c ****           {
 2663              		.loc 1 1481 13 view .LVU872
 2664 03a4 10F00200 		ands	r0, r0, #2
 2665 03a8 00F09781 		beq	.L167
1483:Drivers/STM32L4xx_HAL_Driver/Src/stm32l4xx_hal_rcc_ex.c ****           }
 2666              		.loc 1 1483 23 view .LVU873
 2667 03ac 4FF40040 		mov	r0, #32768
 2668 03b0 93E1     		b	.L167
 2669              	.LVL227:
 2670              	.L184:
1499:Drivers/STM32L4xx_HAL_Driver/Src/stm32l4xx_hal_rcc_ex.c **** 
 2671              		.loc 1 1499 9 is_stmt 1 view .LVU874
1499:Drivers/STM32L4xx_HAL_Driver/Src/stm32l4xx_hal_rcc_ex.c **** 
 2672              		.loc 1 1499 18 is_stmt 0 view .LVU875
 2673 03b2 564B     		ldr	r3, .L314
 2674 03b4 D3F88830 		ldr	r3, [r3, #136]
1499:Drivers/STM32L4xx_HAL_Driver/Src/stm32l4xx_hal_rcc_ex.c **** 
 2675              		.loc 1 1499 16 view .LVU876
 2676 03b8 03F03003 		and	r3, r3, #48
 2677              	.LVL228:
1501:Drivers/STM32L4xx_HAL_Driver/Src/stm32l4xx_hal_rcc_ex.c ****         {
 2678              		.loc 1 1501 9 is_stmt 1 view .LVU877
 2679 03bc 202B     		cmp	r3, #32
 2680 03be 19D0     		beq	.L214
 2681 03c0 07D8     		bhi	.L215
 2682 03c2 A3B1     		cbz	r3, .L216
 2683 03c4 102B     		cmp	r3, #16
 2684 03c6 02D1     		bne	.L301
1507:Drivers/STM32L4xx_HAL_Driver/Src/stm32l4xx_hal_rcc_ex.c ****           break;
 2685              		.loc 1 1507 11 view .LVU878
1507:Drivers/STM32L4xx_HAL_Driver/Src/stm32l4xx_hal_rcc_ex.c ****           break;
 2686              		.loc 1 1507 23 is_stmt 0 view .LVU879
 2687 03c8 FFF7FEFF 		bl	HAL_RCC_GetSysClockFreq
 2688              	.LVL229:
1508:Drivers/STM32L4xx_HAL_Driver/Src/stm32l4xx_hal_rcc_ex.c ****         case RCC_USART3CLKSOURCE_HSI:
 2689              		.loc 1 1508 11 is_stmt 1 view .LVU880
 2690 03cc 85E1     		b	.L167
 2691              	.LVL230:
 2692              	.L301:
1501:Drivers/STM32L4xx_HAL_Driver/Src/stm32l4xx_hal_rcc_ex.c ****         {
 2693              		.loc 1 1501 9 is_stmt 0 view .LVU881
 2694 03ce 0020     		movs	r0, #0
 2695 03d0 83E1     		b	.L167
 2696              	.L215:
 2697 03d2 302B     		cmp	r3, #48
 2698 03d4 09D1     		bne	.L302
1516:Drivers/STM32L4xx_HAL_Driver/Src/stm32l4xx_hal_rcc_ex.c ****           {
 2699              		.loc 1 1516 11 is_stmt 1 view .LVU882
1516:Drivers/STM32L4xx_HAL_Driver/Src/stm32l4xx_hal_rcc_ex.c ****           {
 2700              		.loc 1 1516 14 is_stmt 0 view .LVU883
 2701 03d6 4D4B     		ldr	r3, .L314
 2702              	.LVL231:
ARM GAS  /tmp/cc4nR4Y7.s 			page 125


1516:Drivers/STM32L4xx_HAL_Driver/Src/stm32l4xx_hal_rcc_ex.c ****           {
 2703              		.loc 1 1516 14 view .LVU884
 2704 03d8 D3F89000 		ldr	r0, [r3, #144]
1516:Drivers/STM32L4xx_HAL_Driver/Src/stm32l4xx_hal_rcc_ex.c ****           {
 2705              		.loc 1 1516 13 view .LVU885
 2706 03dc 10F00200 		ands	r0, r0, #2
 2707 03e0 00F07B81 		beq	.L167
1518:Drivers/STM32L4xx_HAL_Driver/Src/stm32l4xx_hal_rcc_ex.c ****           }
 2708              		.loc 1 1518 23 view .LVU886
 2709 03e4 4FF40040 		mov	r0, #32768
 2710 03e8 77E1     		b	.L167
 2711              	.LVL232:
 2712              	.L302:
1501:Drivers/STM32L4xx_HAL_Driver/Src/stm32l4xx_hal_rcc_ex.c ****         {
 2713              		.loc 1 1501 9 view .LVU887
 2714 03ea 0020     		movs	r0, #0
 2715 03ec 75E1     		b	.L167
 2716              	.L216:
1504:Drivers/STM32L4xx_HAL_Driver/Src/stm32l4xx_hal_rcc_ex.c ****           break;
 2717              		.loc 1 1504 11 is_stmt 1 view .LVU888
1504:Drivers/STM32L4xx_HAL_Driver/Src/stm32l4xx_hal_rcc_ex.c ****           break;
 2718              		.loc 1 1504 23 is_stmt 0 view .LVU889
 2719 03ee FFF7FEFF 		bl	HAL_RCC_GetPCLK1Freq
 2720              	.LVL233:
1505:Drivers/STM32L4xx_HAL_Driver/Src/stm32l4xx_hal_rcc_ex.c ****         case RCC_USART3CLKSOURCE_SYSCLK:
 2721              		.loc 1 1505 11 is_stmt 1 view .LVU890
 2722 03f2 72E1     		b	.L167
 2723              	.LVL234:
 2724              	.L214:
1510:Drivers/STM32L4xx_HAL_Driver/Src/stm32l4xx_hal_rcc_ex.c ****           {
 2725              		.loc 1 1510 11 view .LVU891
1510:Drivers/STM32L4xx_HAL_Driver/Src/stm32l4xx_hal_rcc_ex.c ****           {
 2726              		.loc 1 1510 14 is_stmt 0 view .LVU892
 2727 03f4 454B     		ldr	r3, .L314
 2728              	.LVL235:
1510:Drivers/STM32L4xx_HAL_Driver/Src/stm32l4xx_hal_rcc_ex.c ****           {
 2729              		.loc 1 1510 14 view .LVU893
 2730 03f6 1868     		ldr	r0, [r3]
1510:Drivers/STM32L4xx_HAL_Driver/Src/stm32l4xx_hal_rcc_ex.c ****           {
 2731              		.loc 1 1510 13 view .LVU894
 2732 03f8 10F48060 		ands	r0, r0, #1024
 2733 03fc 00F06D81 		beq	.L167
1512:Drivers/STM32L4xx_HAL_Driver/Src/stm32l4xx_hal_rcc_ex.c ****           }
 2734              		.loc 1 1512 23 view .LVU895
 2735 0400 4348     		ldr	r0, .L314+4
 2736 0402 6AE1     		b	.L167
 2737              	.LVL236:
 2738              	.L183:
1536:Drivers/STM32L4xx_HAL_Driver/Src/stm32l4xx_hal_rcc_ex.c **** 
 2739              		.loc 1 1536 9 is_stmt 1 view .LVU896
1536:Drivers/STM32L4xx_HAL_Driver/Src/stm32l4xx_hal_rcc_ex.c **** 
 2740              		.loc 1 1536 18 is_stmt 0 view .LVU897
 2741 0404 414B     		ldr	r3, .L314
 2742 0406 D3F88830 		ldr	r3, [r3, #136]
1536:Drivers/STM32L4xx_HAL_Driver/Src/stm32l4xx_hal_rcc_ex.c **** 
 2743              		.loc 1 1536 16 view .LVU898
 2744 040a 03F0C003 		and	r3, r3, #192
ARM GAS  /tmp/cc4nR4Y7.s 			page 126


 2745              	.LVL237:
1538:Drivers/STM32L4xx_HAL_Driver/Src/stm32l4xx_hal_rcc_ex.c ****         {
 2746              		.loc 1 1538 9 is_stmt 1 view .LVU899
 2747 040e 802B     		cmp	r3, #128
 2748 0410 19D0     		beq	.L219
 2749 0412 07D8     		bhi	.L220
 2750 0414 A3B1     		cbz	r3, .L221
 2751 0416 402B     		cmp	r3, #64
 2752 0418 02D1     		bne	.L303
1544:Drivers/STM32L4xx_HAL_Driver/Src/stm32l4xx_hal_rcc_ex.c ****           break;
 2753              		.loc 1 1544 11 view .LVU900
1544:Drivers/STM32L4xx_HAL_Driver/Src/stm32l4xx_hal_rcc_ex.c ****           break;
 2754              		.loc 1 1544 23 is_stmt 0 view .LVU901
 2755 041a FFF7FEFF 		bl	HAL_RCC_GetSysClockFreq
 2756              	.LVL238:
1545:Drivers/STM32L4xx_HAL_Driver/Src/stm32l4xx_hal_rcc_ex.c ****         case RCC_UART4CLKSOURCE_HSI:
 2757              		.loc 1 1545 11 is_stmt 1 view .LVU902
 2758 041e 5CE1     		b	.L167
 2759              	.LVL239:
 2760              	.L303:
1538:Drivers/STM32L4xx_HAL_Driver/Src/stm32l4xx_hal_rcc_ex.c ****         {
 2761              		.loc 1 1538 9 is_stmt 0 view .LVU903
 2762 0420 0020     		movs	r0, #0
 2763 0422 5AE1     		b	.L167
 2764              	.L220:
 2765 0424 C02B     		cmp	r3, #192
 2766 0426 09D1     		bne	.L304
1553:Drivers/STM32L4xx_HAL_Driver/Src/stm32l4xx_hal_rcc_ex.c ****           {
 2767              		.loc 1 1553 11 is_stmt 1 view .LVU904
1553:Drivers/STM32L4xx_HAL_Driver/Src/stm32l4xx_hal_rcc_ex.c ****           {
 2768              		.loc 1 1553 14 is_stmt 0 view .LVU905
 2769 0428 384B     		ldr	r3, .L314
 2770              	.LVL240:
1553:Drivers/STM32L4xx_HAL_Driver/Src/stm32l4xx_hal_rcc_ex.c ****           {
 2771              		.loc 1 1553 14 view .LVU906
 2772 042a D3F89000 		ldr	r0, [r3, #144]
1553:Drivers/STM32L4xx_HAL_Driver/Src/stm32l4xx_hal_rcc_ex.c ****           {
 2773              		.loc 1 1553 13 view .LVU907
 2774 042e 10F00200 		ands	r0, r0, #2
 2775 0432 00F05281 		beq	.L167
1555:Drivers/STM32L4xx_HAL_Driver/Src/stm32l4xx_hal_rcc_ex.c ****           }
 2776              		.loc 1 1555 23 view .LVU908
 2777 0436 4FF40040 		mov	r0, #32768
 2778 043a 4EE1     		b	.L167
 2779              	.LVL241:
 2780              	.L304:
1538:Drivers/STM32L4xx_HAL_Driver/Src/stm32l4xx_hal_rcc_ex.c ****         {
 2781              		.loc 1 1538 9 view .LVU909
 2782 043c 0020     		movs	r0, #0
 2783 043e 4CE1     		b	.L167
 2784              	.L221:
1541:Drivers/STM32L4xx_HAL_Driver/Src/stm32l4xx_hal_rcc_ex.c ****           break;
 2785              		.loc 1 1541 11 is_stmt 1 view .LVU910
1541:Drivers/STM32L4xx_HAL_Driver/Src/stm32l4xx_hal_rcc_ex.c ****           break;
 2786              		.loc 1 1541 23 is_stmt 0 view .LVU911
 2787 0440 FFF7FEFF 		bl	HAL_RCC_GetPCLK1Freq
 2788              	.LVL242:
ARM GAS  /tmp/cc4nR4Y7.s 			page 127


1542:Drivers/STM32L4xx_HAL_Driver/Src/stm32l4xx_hal_rcc_ex.c ****         case RCC_UART4CLKSOURCE_SYSCLK:
 2789              		.loc 1 1542 11 is_stmt 1 view .LVU912
 2790 0444 49E1     		b	.L167
 2791              	.LVL243:
 2792              	.L219:
1547:Drivers/STM32L4xx_HAL_Driver/Src/stm32l4xx_hal_rcc_ex.c ****           {
 2793              		.loc 1 1547 11 view .LVU913
1547:Drivers/STM32L4xx_HAL_Driver/Src/stm32l4xx_hal_rcc_ex.c ****           {
 2794              		.loc 1 1547 14 is_stmt 0 view .LVU914
 2795 0446 314B     		ldr	r3, .L314
 2796              	.LVL244:
1547:Drivers/STM32L4xx_HAL_Driver/Src/stm32l4xx_hal_rcc_ex.c ****           {
 2797              		.loc 1 1547 14 view .LVU915
 2798 0448 1868     		ldr	r0, [r3]
1547:Drivers/STM32L4xx_HAL_Driver/Src/stm32l4xx_hal_rcc_ex.c ****           {
 2799              		.loc 1 1547 13 view .LVU916
 2800 044a 10F48060 		ands	r0, r0, #1024
 2801 044e 00F04481 		beq	.L167
1549:Drivers/STM32L4xx_HAL_Driver/Src/stm32l4xx_hal_rcc_ex.c ****           }
 2802              		.loc 1 1549 23 view .LVU917
 2803 0452 2F48     		ldr	r0, .L314+4
 2804 0454 41E1     		b	.L167
 2805              	.LVL245:
 2806              	.L182:
1573:Drivers/STM32L4xx_HAL_Driver/Src/stm32l4xx_hal_rcc_ex.c **** 
 2807              		.loc 1 1573 9 is_stmt 1 view .LVU918
1573:Drivers/STM32L4xx_HAL_Driver/Src/stm32l4xx_hal_rcc_ex.c **** 
 2808              		.loc 1 1573 18 is_stmt 0 view .LVU919
 2809 0456 2D4B     		ldr	r3, .L314
 2810 0458 D3F88830 		ldr	r3, [r3, #136]
1573:Drivers/STM32L4xx_HAL_Driver/Src/stm32l4xx_hal_rcc_ex.c **** 
 2811              		.loc 1 1573 16 view .LVU920
 2812 045c 03F44073 		and	r3, r3, #768
 2813              	.LVL246:
1575:Drivers/STM32L4xx_HAL_Driver/Src/stm32l4xx_hal_rcc_ex.c ****         {
 2814              		.loc 1 1575 9 is_stmt 1 view .LVU921
 2815 0460 B3F5007F 		cmp	r3, #512
 2816 0464 1BD0     		beq	.L224
 2817 0466 08D8     		bhi	.L225
 2818 0468 B3B1     		cbz	r3, .L226
 2819 046a B3F5807F 		cmp	r3, #256
 2820 046e 02D1     		bne	.L305
1581:Drivers/STM32L4xx_HAL_Driver/Src/stm32l4xx_hal_rcc_ex.c ****           break;
 2821              		.loc 1 1581 11 view .LVU922
1581:Drivers/STM32L4xx_HAL_Driver/Src/stm32l4xx_hal_rcc_ex.c ****           break;
 2822              		.loc 1 1581 23 is_stmt 0 view .LVU923
 2823 0470 FFF7FEFF 		bl	HAL_RCC_GetSysClockFreq
 2824              	.LVL247:
1582:Drivers/STM32L4xx_HAL_Driver/Src/stm32l4xx_hal_rcc_ex.c ****         case RCC_UART5CLKSOURCE_HSI:
 2825              		.loc 1 1582 11 is_stmt 1 view .LVU924
 2826 0474 31E1     		b	.L167
 2827              	.LVL248:
 2828              	.L305:
1575:Drivers/STM32L4xx_HAL_Driver/Src/stm32l4xx_hal_rcc_ex.c ****         {
 2829              		.loc 1 1575 9 is_stmt 0 view .LVU925
 2830 0476 0020     		movs	r0, #0
 2831 0478 2FE1     		b	.L167
ARM GAS  /tmp/cc4nR4Y7.s 			page 128


 2832              	.L225:
 2833 047a B3F5407F 		cmp	r3, #768
 2834 047e 09D1     		bne	.L306
1590:Drivers/STM32L4xx_HAL_Driver/Src/stm32l4xx_hal_rcc_ex.c ****           {
 2835              		.loc 1 1590 11 is_stmt 1 view .LVU926
1590:Drivers/STM32L4xx_HAL_Driver/Src/stm32l4xx_hal_rcc_ex.c ****           {
 2836              		.loc 1 1590 14 is_stmt 0 view .LVU927
 2837 0480 224B     		ldr	r3, .L314
 2838              	.LVL249:
1590:Drivers/STM32L4xx_HAL_Driver/Src/stm32l4xx_hal_rcc_ex.c ****           {
 2839              		.loc 1 1590 14 view .LVU928
 2840 0482 D3F89000 		ldr	r0, [r3, #144]
1590:Drivers/STM32L4xx_HAL_Driver/Src/stm32l4xx_hal_rcc_ex.c ****           {
 2841              		.loc 1 1590 13 view .LVU929
 2842 0486 10F00200 		ands	r0, r0, #2
 2843 048a 00F02681 		beq	.L167
1592:Drivers/STM32L4xx_HAL_Driver/Src/stm32l4xx_hal_rcc_ex.c ****           }
 2844              		.loc 1 1592 23 view .LVU930
 2845 048e 4FF40040 		mov	r0, #32768
 2846 0492 22E1     		b	.L167
 2847              	.LVL250:
 2848              	.L306:
1575:Drivers/STM32L4xx_HAL_Driver/Src/stm32l4xx_hal_rcc_ex.c ****         {
 2849              		.loc 1 1575 9 view .LVU931
 2850 0494 0020     		movs	r0, #0
 2851 0496 20E1     		b	.L167
 2852              	.L226:
1578:Drivers/STM32L4xx_HAL_Driver/Src/stm32l4xx_hal_rcc_ex.c ****           break;
 2853              		.loc 1 1578 11 is_stmt 1 view .LVU932
1578:Drivers/STM32L4xx_HAL_Driver/Src/stm32l4xx_hal_rcc_ex.c ****           break;
 2854              		.loc 1 1578 23 is_stmt 0 view .LVU933
 2855 0498 FFF7FEFF 		bl	HAL_RCC_GetPCLK1Freq
 2856              	.LVL251:
1579:Drivers/STM32L4xx_HAL_Driver/Src/stm32l4xx_hal_rcc_ex.c ****         case RCC_UART5CLKSOURCE_SYSCLK:
 2857              		.loc 1 1579 11 is_stmt 1 view .LVU934
 2858 049c 1DE1     		b	.L167
 2859              	.LVL252:
 2860              	.L224:
1584:Drivers/STM32L4xx_HAL_Driver/Src/stm32l4xx_hal_rcc_ex.c ****           {
 2861              		.loc 1 1584 11 view .LVU935
1584:Drivers/STM32L4xx_HAL_Driver/Src/stm32l4xx_hal_rcc_ex.c ****           {
 2862              		.loc 1 1584 14 is_stmt 0 view .LVU936
 2863 049e 1B4B     		ldr	r3, .L314
 2864              	.LVL253:
1584:Drivers/STM32L4xx_HAL_Driver/Src/stm32l4xx_hal_rcc_ex.c ****           {
 2865              		.loc 1 1584 14 view .LVU937
 2866 04a0 1868     		ldr	r0, [r3]
1584:Drivers/STM32L4xx_HAL_Driver/Src/stm32l4xx_hal_rcc_ex.c ****           {
 2867              		.loc 1 1584 13 view .LVU938
 2868 04a2 10F48060 		ands	r0, r0, #1024
 2869 04a6 00F01881 		beq	.L167
1586:Drivers/STM32L4xx_HAL_Driver/Src/stm32l4xx_hal_rcc_ex.c ****           }
 2870              		.loc 1 1586 23 view .LVU939
 2871 04aa 1948     		ldr	r0, .L314+4
 2872 04ac 15E1     		b	.L167
 2873              	.LVL254:
 2874              	.L180:
ARM GAS  /tmp/cc4nR4Y7.s 			page 129


1608:Drivers/STM32L4xx_HAL_Driver/Src/stm32l4xx_hal_rcc_ex.c **** 
 2875              		.loc 1 1608 9 is_stmt 1 view .LVU940
1608:Drivers/STM32L4xx_HAL_Driver/Src/stm32l4xx_hal_rcc_ex.c **** 
 2876              		.loc 1 1608 18 is_stmt 0 view .LVU941
 2877 04ae 174B     		ldr	r3, .L314
 2878 04b0 D3F88830 		ldr	r3, [r3, #136]
1608:Drivers/STM32L4xx_HAL_Driver/Src/stm32l4xx_hal_rcc_ex.c **** 
 2879              		.loc 1 1608 16 view .LVU942
 2880 04b4 03F44063 		and	r3, r3, #3072
 2881              	.LVL255:
1610:Drivers/STM32L4xx_HAL_Driver/Src/stm32l4xx_hal_rcc_ex.c ****         {
 2882              		.loc 1 1610 9 is_stmt 1 view .LVU943
 2883 04b8 B3F5006F 		cmp	r3, #2048
 2884 04bc 1BD0     		beq	.L229
 2885 04be 08D8     		bhi	.L230
 2886 04c0 B3B1     		cbz	r3, .L231
 2887 04c2 B3F5806F 		cmp	r3, #1024
 2888 04c6 02D1     		bne	.L307
1616:Drivers/STM32L4xx_HAL_Driver/Src/stm32l4xx_hal_rcc_ex.c ****           break;
 2889              		.loc 1 1616 11 view .LVU944
1616:Drivers/STM32L4xx_HAL_Driver/Src/stm32l4xx_hal_rcc_ex.c ****           break;
 2890              		.loc 1 1616 23 is_stmt 0 view .LVU945
 2891 04c8 FFF7FEFF 		bl	HAL_RCC_GetSysClockFreq
 2892              	.LVL256:
1617:Drivers/STM32L4xx_HAL_Driver/Src/stm32l4xx_hal_rcc_ex.c ****         case RCC_LPUART1CLKSOURCE_HSI:
 2893              		.loc 1 1617 11 is_stmt 1 view .LVU946
 2894 04cc 05E1     		b	.L167
 2895              	.LVL257:
 2896              	.L307:
1610:Drivers/STM32L4xx_HAL_Driver/Src/stm32l4xx_hal_rcc_ex.c ****         {
 2897              		.loc 1 1610 9 is_stmt 0 view .LVU947
 2898 04ce 0020     		movs	r0, #0
 2899 04d0 03E1     		b	.L167
 2900              	.L230:
 2901 04d2 B3F5406F 		cmp	r3, #3072
 2902 04d6 09D1     		bne	.L308
1625:Drivers/STM32L4xx_HAL_Driver/Src/stm32l4xx_hal_rcc_ex.c ****           {
 2903              		.loc 1 1625 11 is_stmt 1 view .LVU948
1625:Drivers/STM32L4xx_HAL_Driver/Src/stm32l4xx_hal_rcc_ex.c ****           {
 2904              		.loc 1 1625 14 is_stmt 0 view .LVU949
 2905 04d8 0C4B     		ldr	r3, .L314
 2906              	.LVL258:
1625:Drivers/STM32L4xx_HAL_Driver/Src/stm32l4xx_hal_rcc_ex.c ****           {
 2907              		.loc 1 1625 14 view .LVU950
 2908 04da D3F89000 		ldr	r0, [r3, #144]
1625:Drivers/STM32L4xx_HAL_Driver/Src/stm32l4xx_hal_rcc_ex.c ****           {
 2909              		.loc 1 1625 13 view .LVU951
 2910 04de 10F00200 		ands	r0, r0, #2
 2911 04e2 00F0FA80 		beq	.L167
1627:Drivers/STM32L4xx_HAL_Driver/Src/stm32l4xx_hal_rcc_ex.c ****           }
 2912              		.loc 1 1627 23 view .LVU952
 2913 04e6 4FF40040 		mov	r0, #32768
 2914 04ea F6E0     		b	.L167
 2915              	.LVL259:
 2916              	.L308:
1610:Drivers/STM32L4xx_HAL_Driver/Src/stm32l4xx_hal_rcc_ex.c ****         {
 2917              		.loc 1 1610 9 view .LVU953
ARM GAS  /tmp/cc4nR4Y7.s 			page 130


 2918 04ec 0020     		movs	r0, #0
 2919 04ee F4E0     		b	.L167
 2920              	.L231:
1613:Drivers/STM32L4xx_HAL_Driver/Src/stm32l4xx_hal_rcc_ex.c ****           break;
 2921              		.loc 1 1613 11 is_stmt 1 view .LVU954
1613:Drivers/STM32L4xx_HAL_Driver/Src/stm32l4xx_hal_rcc_ex.c ****           break;
 2922              		.loc 1 1613 23 is_stmt 0 view .LVU955
 2923 04f0 FFF7FEFF 		bl	HAL_RCC_GetPCLK1Freq
 2924              	.LVL260:
1614:Drivers/STM32L4xx_HAL_Driver/Src/stm32l4xx_hal_rcc_ex.c ****         case RCC_LPUART1CLKSOURCE_SYSCLK:
 2925              		.loc 1 1614 11 is_stmt 1 view .LVU956
 2926 04f4 F1E0     		b	.L167
 2927              	.LVL261:
 2928              	.L229:
1619:Drivers/STM32L4xx_HAL_Driver/Src/stm32l4xx_hal_rcc_ex.c ****           {
 2929              		.loc 1 1619 11 view .LVU957
1619:Drivers/STM32L4xx_HAL_Driver/Src/stm32l4xx_hal_rcc_ex.c ****           {
 2930              		.loc 1 1619 14 is_stmt 0 view .LVU958
 2931 04f6 054B     		ldr	r3, .L314
 2932              	.LVL262:
1619:Drivers/STM32L4xx_HAL_Driver/Src/stm32l4xx_hal_rcc_ex.c ****           {
 2933              		.loc 1 1619 14 view .LVU959
 2934 04f8 1868     		ldr	r0, [r3]
1619:Drivers/STM32L4xx_HAL_Driver/Src/stm32l4xx_hal_rcc_ex.c ****           {
 2935              		.loc 1 1619 13 view .LVU960
 2936 04fa 10F48060 		ands	r0, r0, #1024
 2937 04fe 00F0EC80 		beq	.L167
1621:Drivers/STM32L4xx_HAL_Driver/Src/stm32l4xx_hal_rcc_ex.c ****           }
 2938              		.loc 1 1621 23 view .LVU961
 2939 0502 0348     		ldr	r0, .L314+4
 2940 0504 E9E0     		b	.L167
 2941              	.LVL263:
 2942              	.L235:
1645:Drivers/STM32L4xx_HAL_Driver/Src/stm32l4xx_hal_rcc_ex.c ****           break;
 2943              		.loc 1 1645 11 is_stmt 1 view .LVU962
1645:Drivers/STM32L4xx_HAL_Driver/Src/stm32l4xx_hal_rcc_ex.c ****           break;
 2944              		.loc 1 1645 23 is_stmt 0 view .LVU963
 2945 0506 FFF7FEFF 		bl	HAL_RCC_GetSysClockFreq
 2946              	.LVL264:
1646:Drivers/STM32L4xx_HAL_Driver/Src/stm32l4xx_hal_rcc_ex.c **** #if defined(RCC_PLLSAI1_SUPPORT)
 2947              		.loc 1 1646 11 is_stmt 1 view .LVU964
 2948 050a E6E0     		b	.L167
 2949              	.L315:
 2950              		.align	2
 2951              	.L314:
 2952 050c 00100240 		.word	1073876992
 2953 0510 0024F400 		.word	16000000
 2954              	.LVL265:
 2955              	.L236:
1649:Drivers/STM32L4xx_HAL_Driver/Src/stm32l4xx_hal_rcc_ex.c ****           {
 2956              		.loc 1 1649 11 view .LVU965
1649:Drivers/STM32L4xx_HAL_Driver/Src/stm32l4xx_hal_rcc_ex.c ****           {
 2957              		.loc 1 1649 14 is_stmt 0 view .LVU966
 2958 0514 774B     		ldr	r3, .L316
 2959              	.LVL266:
1649:Drivers/STM32L4xx_HAL_Driver/Src/stm32l4xx_hal_rcc_ex.c ****           {
 2960              		.loc 1 1649 14 view .LVU967
ARM GAS  /tmp/cc4nR4Y7.s 			page 131


 2961 0516 1868     		ldr	r0, [r3]
 2962              	.LVL267:
1649:Drivers/STM32L4xx_HAL_Driver/Src/stm32l4xx_hal_rcc_ex.c ****           {
 2963              		.loc 1 1649 13 view .LVU968
 2964 0518 10F00060 		ands	r0, r0, #134217728
 2965 051c 00F0DD80 		beq	.L167
1649:Drivers/STM32L4xx_HAL_Driver/Src/stm32l4xx_hal_rcc_ex.c ****           {
 2966              		.loc 1 1649 61 discriminator 1 view .LVU969
 2967 0520 1869     		ldr	r0, [r3, #16]
1649:Drivers/STM32L4xx_HAL_Driver/Src/stm32l4xx_hal_rcc_ex.c ****           {
 2968              		.loc 1 1649 57 discriminator 1 view .LVU970
 2969 0522 10F08070 		ands	r0, r0, #16777216
 2970 0526 00F0D880 		beq	.L167
1651:Drivers/STM32L4xx_HAL_Driver/Src/stm32l4xx_hal_rcc_ex.c **** #if defined(RCC_PLLSAI1M_DIV_1_16_SUPPORT)
 2971              		.loc 1 1651 13 is_stmt 1 view .LVU971
1651:Drivers/STM32L4xx_HAL_Driver/Src/stm32l4xx_hal_rcc_ex.c **** #if defined(RCC_PLLSAI1M_DIV_1_16_SUPPORT)
 2972              		.loc 1 1651 20 is_stmt 0 view .LVU972
 2973 052a 1A46     		mov	r2, r3
 2974 052c 1B69     		ldr	r3, [r3, #16]
1651:Drivers/STM32L4xx_HAL_Driver/Src/stm32l4xx_hal_rcc_ex.c **** #if defined(RCC_PLLSAI1M_DIV_1_16_SUPPORT)
 2975              		.loc 1 1651 18 view .LVU973
 2976 052e C3F30623 		ubfx	r3, r3, #8, #7
 2977              	.LVL268:
1658:Drivers/STM32L4xx_HAL_Driver/Src/stm32l4xx_hal_rcc_ex.c **** #endif
 2978              		.loc 1 1658 13 is_stmt 1 view .LVU974
1658:Drivers/STM32L4xx_HAL_Driver/Src/stm32l4xx_hal_rcc_ex.c **** #endif
 2979              		.loc 1 1658 31 is_stmt 0 view .LVU975
 2980 0532 03FB01F0 		mul	r0, r3, r1
1658:Drivers/STM32L4xx_HAL_Driver/Src/stm32l4xx_hal_rcc_ex.c **** #endif
 2981              		.loc 1 1658 43 view .LVU976
 2982 0536 D368     		ldr	r3, [r2, #12]
 2983              	.LVL269:
1658:Drivers/STM32L4xx_HAL_Driver/Src/stm32l4xx_hal_rcc_ex.c **** #endif
 2984              		.loc 1 1658 84 view .LVU977
 2985 0538 C3F30213 		ubfx	r3, r3, #4, #3
1658:Drivers/STM32L4xx_HAL_Driver/Src/stm32l4xx_hal_rcc_ex.c **** #endif
 2986              		.loc 1 1658 109 view .LVU978
 2987 053c 0133     		adds	r3, r3, #1
1658:Drivers/STM32L4xx_HAL_Driver/Src/stm32l4xx_hal_rcc_ex.c **** #endif
 2988              		.loc 1 1658 20 view .LVU979
 2989 053e B0FBF3F0 		udiv	r0, r0, r3
 2990              	.LVL270:
1661:Drivers/STM32L4xx_HAL_Driver/Src/stm32l4xx_hal_rcc_ex.c ****           }
 2991              		.loc 1 1661 13 is_stmt 1 view .LVU980
1661:Drivers/STM32L4xx_HAL_Driver/Src/stm32l4xx_hal_rcc_ex.c ****           }
 2992              		.loc 1 1661 38 is_stmt 0 view .LVU981
 2993 0542 1369     		ldr	r3, [r2, #16]
1661:Drivers/STM32L4xx_HAL_Driver/Src/stm32l4xx_hal_rcc_ex.c ****           }
 2994              		.loc 1 1661 91 view .LVU982
 2995 0544 C3F34163 		ubfx	r3, r3, #25, #2
1661:Drivers/STM32L4xx_HAL_Driver/Src/stm32l4xx_hal_rcc_ex.c ****           }
 2996              		.loc 1 1661 124 view .LVU983
 2997 0548 0133     		adds	r3, r3, #1
1661:Drivers/STM32L4xx_HAL_Driver/Src/stm32l4xx_hal_rcc_ex.c ****           }
 2998              		.loc 1 1661 130 view .LVU984
 2999 054a 5B00     		lsls	r3, r3, #1
1661:Drivers/STM32L4xx_HAL_Driver/Src/stm32l4xx_hal_rcc_ex.c ****           }
ARM GAS  /tmp/cc4nR4Y7.s 			page 132


 3000              		.loc 1 1661 23 view .LVU985
 3001 054c B0FBF3F0 		udiv	r0, r0, r3
 3002              	.LVL271:
1661:Drivers/STM32L4xx_HAL_Driver/Src/stm32l4xx_hal_rcc_ex.c ****           }
 3003              		.loc 1 1661 23 view .LVU986
 3004 0550 C3E0     		b	.L167
 3005              	.LVL272:
 3006              	.L234:
1667:Drivers/STM32L4xx_HAL_Driver/Src/stm32l4xx_hal_rcc_ex.c ****           {
 3007              		.loc 1 1667 11 is_stmt 1 view .LVU987
1667:Drivers/STM32L4xx_HAL_Driver/Src/stm32l4xx_hal_rcc_ex.c ****           {
 3008              		.loc 1 1667 14 is_stmt 0 view .LVU988
 3009 0552 684B     		ldr	r3, .L316
 3010              	.LVL273:
1667:Drivers/STM32L4xx_HAL_Driver/Src/stm32l4xx_hal_rcc_ex.c ****           {
 3011              		.loc 1 1667 14 view .LVU989
 3012 0554 1868     		ldr	r0, [r3]
 3013              	.LVL274:
1667:Drivers/STM32L4xx_HAL_Driver/Src/stm32l4xx_hal_rcc_ex.c ****           {
 3014              		.loc 1 1667 13 view .LVU990
 3015 0556 10F00050 		ands	r0, r0, #536870912
 3016 055a 00F0BE80 		beq	.L167
1667:Drivers/STM32L4xx_HAL_Driver/Src/stm32l4xx_hal_rcc_ex.c ****           {
 3017              		.loc 1 1667 61 discriminator 1 view .LVU991
 3018 055e 5869     		ldr	r0, [r3, #20]
1667:Drivers/STM32L4xx_HAL_Driver/Src/stm32l4xx_hal_rcc_ex.c ****           {
 3019              		.loc 1 1667 57 discriminator 1 view .LVU992
 3020 0560 10F08070 		ands	r0, r0, #16777216
 3021 0564 00F0B980 		beq	.L167
1669:Drivers/STM32L4xx_HAL_Driver/Src/stm32l4xx_hal_rcc_ex.c **** #if defined(RCC_PLLSAI2M_DIV_1_16_SUPPORT)
 3022              		.loc 1 1669 13 is_stmt 1 view .LVU993
1669:Drivers/STM32L4xx_HAL_Driver/Src/stm32l4xx_hal_rcc_ex.c **** #if defined(RCC_PLLSAI2M_DIV_1_16_SUPPORT)
 3023              		.loc 1 1669 20 is_stmt 0 view .LVU994
 3024 0568 1846     		mov	r0, r3
 3025 056a 5B69     		ldr	r3, [r3, #20]
1669:Drivers/STM32L4xx_HAL_Driver/Src/stm32l4xx_hal_rcc_ex.c **** #if defined(RCC_PLLSAI2M_DIV_1_16_SUPPORT)
 3026              		.loc 1 1669 18 view .LVU995
 3027 056c C3F30623 		ubfx	r3, r3, #8, #7
 3028              	.LVL275:
1676:Drivers/STM32L4xx_HAL_Driver/Src/stm32l4xx_hal_rcc_ex.c **** #endif
 3029              		.loc 1 1676 13 is_stmt 1 view .LVU996
1676:Drivers/STM32L4xx_HAL_Driver/Src/stm32l4xx_hal_rcc_ex.c **** #endif
 3030              		.loc 1 1676 31 is_stmt 0 view .LVU997
 3031 0570 01FB03F3 		mul	r3, r1, r3
 3032              	.LVL276:
1676:Drivers/STM32L4xx_HAL_Driver/Src/stm32l4xx_hal_rcc_ex.c **** #endif
 3033              		.loc 1 1676 43 view .LVU998
 3034 0574 C268     		ldr	r2, [r0, #12]
1676:Drivers/STM32L4xx_HAL_Driver/Src/stm32l4xx_hal_rcc_ex.c **** #endif
 3035              		.loc 1 1676 84 view .LVU999
 3036 0576 C2F30212 		ubfx	r2, r2, #4, #3
1676:Drivers/STM32L4xx_HAL_Driver/Src/stm32l4xx_hal_rcc_ex.c **** #endif
 3037              		.loc 1 1676 109 view .LVU1000
 3038 057a 0132     		adds	r2, r2, #1
1676:Drivers/STM32L4xx_HAL_Driver/Src/stm32l4xx_hal_rcc_ex.c **** #endif
 3039              		.loc 1 1676 20 view .LVU1001
 3040 057c B3FBF2F3 		udiv	r3, r3, r2
ARM GAS  /tmp/cc4nR4Y7.s 			page 133


 3041              	.LVL277:
1679:Drivers/STM32L4xx_HAL_Driver/Src/stm32l4xx_hal_rcc_ex.c ****           }
 3042              		.loc 1 1679 13 is_stmt 1 view .LVU1002
1679:Drivers/STM32L4xx_HAL_Driver/Src/stm32l4xx_hal_rcc_ex.c ****           }
 3043              		.loc 1 1679 38 is_stmt 0 view .LVU1003
 3044 0580 4069     		ldr	r0, [r0, #20]
1679:Drivers/STM32L4xx_HAL_Driver/Src/stm32l4xx_hal_rcc_ex.c ****           }
 3045              		.loc 1 1679 91 view .LVU1004
 3046 0582 C0F34160 		ubfx	r0, r0, #25, #2
1679:Drivers/STM32L4xx_HAL_Driver/Src/stm32l4xx_hal_rcc_ex.c ****           }
 3047              		.loc 1 1679 124 view .LVU1005
 3048 0586 0130     		adds	r0, r0, #1
1679:Drivers/STM32L4xx_HAL_Driver/Src/stm32l4xx_hal_rcc_ex.c ****           }
 3049              		.loc 1 1679 130 view .LVU1006
 3050 0588 4000     		lsls	r0, r0, #1
1679:Drivers/STM32L4xx_HAL_Driver/Src/stm32l4xx_hal_rcc_ex.c ****           }
 3051              		.loc 1 1679 23 view .LVU1007
 3052 058a B3FBF0F0 		udiv	r0, r3, r0
 3053              	.LVL278:
1679:Drivers/STM32L4xx_HAL_Driver/Src/stm32l4xx_hal_rcc_ex.c ****           }
 3054              		.loc 1 1679 23 view .LVU1008
 3055 058e A4E0     		b	.L167
 3056              	.LVL279:
 3057              	.L237:
1704:Drivers/STM32L4xx_HAL_Driver/Src/stm32l4xx_hal_rcc_ex.c ****         }
 3058              		.loc 1 1704 11 is_stmt 1 view .LVU1009
1704:Drivers/STM32L4xx_HAL_Driver/Src/stm32l4xx_hal_rcc_ex.c ****         }
 3059              		.loc 1 1704 23 is_stmt 0 view .LVU1010
 3060 0590 FFF7FEFF 		bl	HAL_RCC_GetSysClockFreq
 3061              	.LVL280:
1704:Drivers/STM32L4xx_HAL_Driver/Src/stm32l4xx_hal_rcc_ex.c ****         }
 3062              		.loc 1 1704 23 view .LVU1011
 3063 0594 A1E0     		b	.L167
 3064              	.LVL281:
 3065              	.L187:
1750:Drivers/STM32L4xx_HAL_Driver/Src/stm32l4xx_hal_rcc_ex.c **** 
 3066              		.loc 1 1750 9 is_stmt 1 view .LVU1012
1750:Drivers/STM32L4xx_HAL_Driver/Src/stm32l4xx_hal_rcc_ex.c **** 
 3067              		.loc 1 1750 18 is_stmt 0 view .LVU1013
 3068 0596 574B     		ldr	r3, .L316
 3069 0598 D3F88830 		ldr	r3, [r3, #136]
1750:Drivers/STM32L4xx_HAL_Driver/Src/stm32l4xx_hal_rcc_ex.c **** 
 3070              		.loc 1 1750 16 view .LVU1014
 3071 059c 03F44053 		and	r3, r3, #12288
 3072              	.LVL282:
1752:Drivers/STM32L4xx_HAL_Driver/Src/stm32l4xx_hal_rcc_ex.c ****         {
 3073              		.loc 1 1752 9 is_stmt 1 view .LVU1015
 3074 05a0 B3F5805F 		cmp	r3, #4096
 3075 05a4 08D0     		beq	.L238
 3076 05a6 B3F5005F 		cmp	r3, #8192
 3077 05aa 08D0     		beq	.L239
 3078 05ac 002B     		cmp	r3, #0
 3079 05ae 40F09B80 		bne	.L278
1755:Drivers/STM32L4xx_HAL_Driver/Src/stm32l4xx_hal_rcc_ex.c ****           break;
 3080              		.loc 1 1755 11 view .LVU1016
1755:Drivers/STM32L4xx_HAL_Driver/Src/stm32l4xx_hal_rcc_ex.c ****           break;
 3081              		.loc 1 1755 23 is_stmt 0 view .LVU1017
ARM GAS  /tmp/cc4nR4Y7.s 			page 134


 3082 05b2 FFF7FEFF 		bl	HAL_RCC_GetPCLK1Freq
 3083              	.LVL283:
1756:Drivers/STM32L4xx_HAL_Driver/Src/stm32l4xx_hal_rcc_ex.c ****         case RCC_I2C1CLKSOURCE_SYSCLK:
 3084              		.loc 1 1756 11 is_stmt 1 view .LVU1018
 3085 05b6 90E0     		b	.L167
 3086              	.LVL284:
 3087              	.L238:
1758:Drivers/STM32L4xx_HAL_Driver/Src/stm32l4xx_hal_rcc_ex.c ****           break;
 3088              		.loc 1 1758 11 view .LVU1019
1758:Drivers/STM32L4xx_HAL_Driver/Src/stm32l4xx_hal_rcc_ex.c ****           break;
 3089              		.loc 1 1758 23 is_stmt 0 view .LVU1020
 3090 05b8 FFF7FEFF 		bl	HAL_RCC_GetSysClockFreq
 3091              	.LVL285:
1759:Drivers/STM32L4xx_HAL_Driver/Src/stm32l4xx_hal_rcc_ex.c ****         case RCC_I2C1CLKSOURCE_HSI:
 3092              		.loc 1 1759 11 is_stmt 1 view .LVU1021
 3093 05bc 8DE0     		b	.L167
 3094              	.LVL286:
 3095              	.L239:
1761:Drivers/STM32L4xx_HAL_Driver/Src/stm32l4xx_hal_rcc_ex.c ****           {
 3096              		.loc 1 1761 11 view .LVU1022
1761:Drivers/STM32L4xx_HAL_Driver/Src/stm32l4xx_hal_rcc_ex.c ****           {
 3097              		.loc 1 1761 14 is_stmt 0 view .LVU1023
 3098 05be 4D4B     		ldr	r3, .L316
 3099              	.LVL287:
1761:Drivers/STM32L4xx_HAL_Driver/Src/stm32l4xx_hal_rcc_ex.c ****           {
 3100              		.loc 1 1761 14 view .LVU1024
 3101 05c0 1868     		ldr	r0, [r3]
 3102              	.LVL288:
1761:Drivers/STM32L4xx_HAL_Driver/Src/stm32l4xx_hal_rcc_ex.c ****           {
 3103              		.loc 1 1761 13 view .LVU1025
 3104 05c2 10F48060 		ands	r0, r0, #1024
 3105 05c6 00F08880 		beq	.L167
1763:Drivers/STM32L4xx_HAL_Driver/Src/stm32l4xx_hal_rcc_ex.c ****           }
 3106              		.loc 1 1763 23 view .LVU1026
 3107 05ca 4B48     		ldr	r0, .L316+4
 3108 05cc 85E0     		b	.L167
 3109              	.LVL289:
 3110              	.L240:
1787:Drivers/STM32L4xx_HAL_Driver/Src/stm32l4xx_hal_rcc_ex.c ****           break;
 3111              		.loc 1 1787 11 is_stmt 1 view .LVU1027
1787:Drivers/STM32L4xx_HAL_Driver/Src/stm32l4xx_hal_rcc_ex.c ****           break;
 3112              		.loc 1 1787 23 is_stmt 0 view .LVU1028
 3113 05ce FFF7FEFF 		bl	HAL_RCC_GetSysClockFreq
 3114              	.LVL290:
1788:Drivers/STM32L4xx_HAL_Driver/Src/stm32l4xx_hal_rcc_ex.c ****         case RCC_I2C2CLKSOURCE_HSI:
 3115              		.loc 1 1788 11 is_stmt 1 view .LVU1029
 3116 05d2 82E0     		b	.L167
 3117              	.LVL291:
 3118              	.L241:
1790:Drivers/STM32L4xx_HAL_Driver/Src/stm32l4xx_hal_rcc_ex.c ****           {
 3119              		.loc 1 1790 11 view .LVU1030
1790:Drivers/STM32L4xx_HAL_Driver/Src/stm32l4xx_hal_rcc_ex.c ****           {
 3120              		.loc 1 1790 14 is_stmt 0 view .LVU1031
 3121 05d4 474B     		ldr	r3, .L316
 3122              	.LVL292:
1790:Drivers/STM32L4xx_HAL_Driver/Src/stm32l4xx_hal_rcc_ex.c ****           {
 3123              		.loc 1 1790 14 view .LVU1032
ARM GAS  /tmp/cc4nR4Y7.s 			page 135


 3124 05d6 1868     		ldr	r0, [r3]
 3125              	.LVL293:
1790:Drivers/STM32L4xx_HAL_Driver/Src/stm32l4xx_hal_rcc_ex.c ****           {
 3126              		.loc 1 1790 13 view .LVU1033
 3127 05d8 10F48060 		ands	r0, r0, #1024
 3128 05dc 7DD0     		beq	.L167
1792:Drivers/STM32L4xx_HAL_Driver/Src/stm32l4xx_hal_rcc_ex.c ****           }
 3129              		.loc 1 1792 23 view .LVU1034
 3130 05de 4648     		ldr	r0, .L316+4
 3131 05e0 7BE0     		b	.L167
 3132              	.LVL294:
 3133              	.L177:
1808:Drivers/STM32L4xx_HAL_Driver/Src/stm32l4xx_hal_rcc_ex.c **** 
 3134              		.loc 1 1808 9 is_stmt 1 view .LVU1035
1808:Drivers/STM32L4xx_HAL_Driver/Src/stm32l4xx_hal_rcc_ex.c **** 
 3135              		.loc 1 1808 18 is_stmt 0 view .LVU1036
 3136 05e2 444B     		ldr	r3, .L316
 3137 05e4 D3F88830 		ldr	r3, [r3, #136]
1808:Drivers/STM32L4xx_HAL_Driver/Src/stm32l4xx_hal_rcc_ex.c **** 
 3138              		.loc 1 1808 16 view .LVU1037
 3139 05e8 03F44033 		and	r3, r3, #196608
 3140              	.LVL295:
1810:Drivers/STM32L4xx_HAL_Driver/Src/stm32l4xx_hal_rcc_ex.c ****         {
 3141              		.loc 1 1810 9 is_stmt 1 view .LVU1038
 3142 05ec B3F5803F 		cmp	r3, #65536
 3143 05f0 07D0     		beq	.L242
 3144 05f2 B3F5003F 		cmp	r3, #131072
 3145 05f6 07D0     		beq	.L243
 3146 05f8 002B     		cmp	r3, #0
 3147 05fa 79D1     		bne	.L282
1813:Drivers/STM32L4xx_HAL_Driver/Src/stm32l4xx_hal_rcc_ex.c ****           break;
 3148              		.loc 1 1813 11 view .LVU1039
1813:Drivers/STM32L4xx_HAL_Driver/Src/stm32l4xx_hal_rcc_ex.c ****           break;
 3149              		.loc 1 1813 23 is_stmt 0 view .LVU1040
 3150 05fc FFF7FEFF 		bl	HAL_RCC_GetPCLK1Freq
 3151              	.LVL296:
1814:Drivers/STM32L4xx_HAL_Driver/Src/stm32l4xx_hal_rcc_ex.c ****         case RCC_I2C3CLKSOURCE_SYSCLK:
 3152              		.loc 1 1814 11 is_stmt 1 view .LVU1041
 3153 0600 6BE0     		b	.L167
 3154              	.LVL297:
 3155              	.L242:
1816:Drivers/STM32L4xx_HAL_Driver/Src/stm32l4xx_hal_rcc_ex.c ****           break;
 3156              		.loc 1 1816 11 view .LVU1042
1816:Drivers/STM32L4xx_HAL_Driver/Src/stm32l4xx_hal_rcc_ex.c ****           break;
 3157              		.loc 1 1816 23 is_stmt 0 view .LVU1043
 3158 0602 FFF7FEFF 		bl	HAL_RCC_GetSysClockFreq
 3159              	.LVL298:
1817:Drivers/STM32L4xx_HAL_Driver/Src/stm32l4xx_hal_rcc_ex.c ****         case RCC_I2C3CLKSOURCE_HSI:
 3160              		.loc 1 1817 11 is_stmt 1 view .LVU1044
 3161 0606 68E0     		b	.L167
 3162              	.LVL299:
 3163              	.L243:
1819:Drivers/STM32L4xx_HAL_Driver/Src/stm32l4xx_hal_rcc_ex.c ****           {
 3164              		.loc 1 1819 11 view .LVU1045
1819:Drivers/STM32L4xx_HAL_Driver/Src/stm32l4xx_hal_rcc_ex.c ****           {
 3165              		.loc 1 1819 14 is_stmt 0 view .LVU1046
 3166 0608 3A4B     		ldr	r3, .L316
ARM GAS  /tmp/cc4nR4Y7.s 			page 136


 3167              	.LVL300:
1819:Drivers/STM32L4xx_HAL_Driver/Src/stm32l4xx_hal_rcc_ex.c ****           {
 3168              		.loc 1 1819 14 view .LVU1047
 3169 060a 1868     		ldr	r0, [r3]
 3170              	.LVL301:
1819:Drivers/STM32L4xx_HAL_Driver/Src/stm32l4xx_hal_rcc_ex.c ****           {
 3171              		.loc 1 1819 13 view .LVU1048
 3172 060c 10F48060 		ands	r0, r0, #1024
 3173 0610 63D0     		beq	.L167
1821:Drivers/STM32L4xx_HAL_Driver/Src/stm32l4xx_hal_rcc_ex.c ****           }
 3174              		.loc 1 1821 23 view .LVU1049
 3175 0612 3948     		ldr	r0, .L316+4
 3176 0614 61E0     		b	.L167
 3177              	.LVL302:
 3178              	.L298:
1868:Drivers/STM32L4xx_HAL_Driver/Src/stm32l4xx_hal_rcc_ex.c ****         {
 3179              		.loc 1 1868 9 view .LVU1050
 3180 0616 0020     		movs	r0, #0
 3181              	.LVL303:
1868:Drivers/STM32L4xx_HAL_Driver/Src/stm32l4xx_hal_rcc_ex.c ****         {
 3182              		.loc 1 1868 9 view .LVU1051
 3183 0618 5FE0     		b	.L167
 3184              	.LVL304:
 3185              	.L245:
1868:Drivers/STM32L4xx_HAL_Driver/Src/stm32l4xx_hal_rcc_ex.c ****         {
 3186              		.loc 1 1868 9 view .LVU1052
 3187 061a B3F5402F 		cmp	r3, #786432
 3188 061e 08D1     		bne	.L309
1895:Drivers/STM32L4xx_HAL_Driver/Src/stm32l4xx_hal_rcc_ex.c ****           {
 3189              		.loc 1 1895 11 is_stmt 1 view .LVU1053
1895:Drivers/STM32L4xx_HAL_Driver/Src/stm32l4xx_hal_rcc_ex.c ****           {
 3190              		.loc 1 1895 14 is_stmt 0 view .LVU1054
 3191 0620 344B     		ldr	r3, .L316
 3192              	.LVL305:
1895:Drivers/STM32L4xx_HAL_Driver/Src/stm32l4xx_hal_rcc_ex.c ****           {
 3193              		.loc 1 1895 14 view .LVU1055
 3194 0622 D3F89000 		ldr	r0, [r3, #144]
 3195              	.LVL306:
1895:Drivers/STM32L4xx_HAL_Driver/Src/stm32l4xx_hal_rcc_ex.c ****           {
 3196              		.loc 1 1895 13 view .LVU1056
 3197 0626 10F00200 		ands	r0, r0, #2
 3198 062a 56D0     		beq	.L167
1897:Drivers/STM32L4xx_HAL_Driver/Src/stm32l4xx_hal_rcc_ex.c ****           }
 3199              		.loc 1 1897 23 view .LVU1057
 3200 062c 4FF40040 		mov	r0, #32768
 3201 0630 53E0     		b	.L167
 3202              	.LVL307:
 3203              	.L309:
1868:Drivers/STM32L4xx_HAL_Driver/Src/stm32l4xx_hal_rcc_ex.c ****         {
 3204              		.loc 1 1868 9 view .LVU1058
 3205 0632 0020     		movs	r0, #0
 3206              	.LVL308:
1868:Drivers/STM32L4xx_HAL_Driver/Src/stm32l4xx_hal_rcc_ex.c ****         {
 3207              		.loc 1 1868 9 view .LVU1059
 3208 0634 51E0     		b	.L167
 3209              	.LVL309:
 3210              	.L246:
ARM GAS  /tmp/cc4nR4Y7.s 			page 137


1871:Drivers/STM32L4xx_HAL_Driver/Src/stm32l4xx_hal_rcc_ex.c ****           break;
 3211              		.loc 1 1871 11 is_stmt 1 view .LVU1060
1871:Drivers/STM32L4xx_HAL_Driver/Src/stm32l4xx_hal_rcc_ex.c ****           break;
 3212              		.loc 1 1871 23 is_stmt 0 view .LVU1061
 3213 0636 FFF7FEFF 		bl	HAL_RCC_GetPCLK1Freq
 3214              	.LVL310:
1872:Drivers/STM32L4xx_HAL_Driver/Src/stm32l4xx_hal_rcc_ex.c ****         case RCC_LPTIM1CLKSOURCE_LSI:
 3215              		.loc 1 1872 11 is_stmt 1 view .LVU1062
 3216 063a 4EE0     		b	.L167
 3217              	.LVL311:
 3218              	.L244:
1889:Drivers/STM32L4xx_HAL_Driver/Src/stm32l4xx_hal_rcc_ex.c ****           {
 3219              		.loc 1 1889 11 view .LVU1063
1889:Drivers/STM32L4xx_HAL_Driver/Src/stm32l4xx_hal_rcc_ex.c ****           {
 3220              		.loc 1 1889 14 is_stmt 0 view .LVU1064
 3221 063c 2D4B     		ldr	r3, .L316
 3222              	.LVL312:
1889:Drivers/STM32L4xx_HAL_Driver/Src/stm32l4xx_hal_rcc_ex.c ****           {
 3223              		.loc 1 1889 14 view .LVU1065
 3224 063e 1868     		ldr	r0, [r3]
 3225              	.LVL313:
1889:Drivers/STM32L4xx_HAL_Driver/Src/stm32l4xx_hal_rcc_ex.c ****           {
 3226              		.loc 1 1889 13 view .LVU1066
 3227 0640 10F48060 		ands	r0, r0, #1024
 3228 0644 49D0     		beq	.L167
1891:Drivers/STM32L4xx_HAL_Driver/Src/stm32l4xx_hal_rcc_ex.c ****           }
 3229              		.loc 1 1891 23 view .LVU1067
 3230 0646 2C48     		ldr	r0, .L316+4
 3231 0648 47E0     		b	.L167
 3232              	.LVL314:
 3233              	.L191:
1911:Drivers/STM32L4xx_HAL_Driver/Src/stm32l4xx_hal_rcc_ex.c **** 
 3234              		.loc 1 1911 8 is_stmt 1 view .LVU1068
1911:Drivers/STM32L4xx_HAL_Driver/Src/stm32l4xx_hal_rcc_ex.c **** 
 3235              		.loc 1 1911 17 is_stmt 0 view .LVU1069
 3236 064a 2A4B     		ldr	r3, .L316
 3237 064c D3F88830 		ldr	r3, [r3, #136]
1911:Drivers/STM32L4xx_HAL_Driver/Src/stm32l4xx_hal_rcc_ex.c **** 
 3238              		.loc 1 1911 15 view .LVU1070
 3239 0650 03F44013 		and	r3, r3, #3145728
 3240              	.LVL315:
1913:Drivers/STM32L4xx_HAL_Driver/Src/stm32l4xx_hal_rcc_ex.c ****         {
 3241              		.loc 1 1913 9 is_stmt 1 view .LVU1071
 3242 0654 B3F5001F 		cmp	r3, #2097152
 3243 0658 20D0     		beq	.L249
 3244 065a 0ED8     		bhi	.L250
 3245 065c DBB1     		cbz	r3, .L251
 3246 065e B3F5801F 		cmp	r3, #1048576
 3247 0662 08D1     		bne	.L310
1919:Drivers/STM32L4xx_HAL_Driver/Src/stm32l4xx_hal_rcc_ex.c ****           {
 3248              		.loc 1 1919 11 view .LVU1072
1919:Drivers/STM32L4xx_HAL_Driver/Src/stm32l4xx_hal_rcc_ex.c ****           {
 3249              		.loc 1 1919 14 is_stmt 0 view .LVU1073
 3250 0664 234B     		ldr	r3, .L316
 3251              	.LVL316:
1919:Drivers/STM32L4xx_HAL_Driver/Src/stm32l4xx_hal_rcc_ex.c ****           {
 3252              		.loc 1 1919 14 view .LVU1074
ARM GAS  /tmp/cc4nR4Y7.s 			page 138


 3253 0666 D3F89400 		ldr	r0, [r3, #148]
 3254              	.LVL317:
1919:Drivers/STM32L4xx_HAL_Driver/Src/stm32l4xx_hal_rcc_ex.c ****           {
 3255              		.loc 1 1919 13 view .LVU1075
 3256 066a 10F00200 		ands	r0, r0, #2
 3257 066e 34D0     		beq	.L167
1929:Drivers/STM32L4xx_HAL_Driver/Src/stm32l4xx_hal_rcc_ex.c ****             }
 3258              		.loc 1 1929 25 view .LVU1076
 3259 0670 4FF4FA40 		mov	r0, #32000
 3260 0674 31E0     		b	.L167
 3261              	.LVL318:
 3262              	.L310:
1913:Drivers/STM32L4xx_HAL_Driver/Src/stm32l4xx_hal_rcc_ex.c ****         {
 3263              		.loc 1 1913 9 view .LVU1077
 3264 0676 0020     		movs	r0, #0
 3265              	.LVL319:
1913:Drivers/STM32L4xx_HAL_Driver/Src/stm32l4xx_hal_rcc_ex.c ****         {
 3266              		.loc 1 1913 9 view .LVU1078
 3267 0678 2FE0     		b	.L167
 3268              	.LVL320:
 3269              	.L250:
1913:Drivers/STM32L4xx_HAL_Driver/Src/stm32l4xx_hal_rcc_ex.c ****         {
 3270              		.loc 1 1913 9 view .LVU1079
 3271 067a B3F5401F 		cmp	r3, #3145728
 3272 067e 08D1     		bne	.L311
1940:Drivers/STM32L4xx_HAL_Driver/Src/stm32l4xx_hal_rcc_ex.c ****           {
 3273              		.loc 1 1940 11 is_stmt 1 view .LVU1080
1940:Drivers/STM32L4xx_HAL_Driver/Src/stm32l4xx_hal_rcc_ex.c ****           {
 3274              		.loc 1 1940 14 is_stmt 0 view .LVU1081
 3275 0680 1C4B     		ldr	r3, .L316
 3276              	.LVL321:
1940:Drivers/STM32L4xx_HAL_Driver/Src/stm32l4xx_hal_rcc_ex.c ****           {
 3277              		.loc 1 1940 14 view .LVU1082
 3278 0682 D3F89000 		ldr	r0, [r3, #144]
 3279              	.LVL322:
1940:Drivers/STM32L4xx_HAL_Driver/Src/stm32l4xx_hal_rcc_ex.c ****           {
 3280              		.loc 1 1940 13 view .LVU1083
 3281 0686 10F00200 		ands	r0, r0, #2
 3282 068a 26D0     		beq	.L167
1942:Drivers/STM32L4xx_HAL_Driver/Src/stm32l4xx_hal_rcc_ex.c ****           }
 3283              		.loc 1 1942 23 view .LVU1084
 3284 068c 4FF40040 		mov	r0, #32768
 3285 0690 23E0     		b	.L167
 3286              	.LVL323:
 3287              	.L311:
1913:Drivers/STM32L4xx_HAL_Driver/Src/stm32l4xx_hal_rcc_ex.c ****         {
 3288              		.loc 1 1913 9 view .LVU1085
 3289 0692 0020     		movs	r0, #0
 3290              	.LVL324:
1913:Drivers/STM32L4xx_HAL_Driver/Src/stm32l4xx_hal_rcc_ex.c ****         {
 3291              		.loc 1 1913 9 view .LVU1086
 3292 0694 21E0     		b	.L167
 3293              	.LVL325:
 3294              	.L251:
1916:Drivers/STM32L4xx_HAL_Driver/Src/stm32l4xx_hal_rcc_ex.c ****           break;
 3295              		.loc 1 1916 11 is_stmt 1 view .LVU1087
1916:Drivers/STM32L4xx_HAL_Driver/Src/stm32l4xx_hal_rcc_ex.c ****           break;
ARM GAS  /tmp/cc4nR4Y7.s 			page 139


 3296              		.loc 1 1916 23 is_stmt 0 view .LVU1088
 3297 0696 FFF7FEFF 		bl	HAL_RCC_GetPCLK1Freq
 3298              	.LVL326:
1917:Drivers/STM32L4xx_HAL_Driver/Src/stm32l4xx_hal_rcc_ex.c ****         case RCC_LPTIM2CLKSOURCE_LSI:
 3299              		.loc 1 1917 11 is_stmt 1 view .LVU1089
 3300 069a 1EE0     		b	.L167
 3301              	.LVL327:
 3302              	.L249:
1934:Drivers/STM32L4xx_HAL_Driver/Src/stm32l4xx_hal_rcc_ex.c ****           {
 3303              		.loc 1 1934 11 view .LVU1090
1934:Drivers/STM32L4xx_HAL_Driver/Src/stm32l4xx_hal_rcc_ex.c ****           {
 3304              		.loc 1 1934 14 is_stmt 0 view .LVU1091
 3305 069c 154B     		ldr	r3, .L316
 3306              	.LVL328:
1934:Drivers/STM32L4xx_HAL_Driver/Src/stm32l4xx_hal_rcc_ex.c ****           {
 3307              		.loc 1 1934 14 view .LVU1092
 3308 069e 1868     		ldr	r0, [r3]
 3309              	.LVL329:
1934:Drivers/STM32L4xx_HAL_Driver/Src/stm32l4xx_hal_rcc_ex.c ****           {
 3310              		.loc 1 1934 13 view .LVU1093
 3311 06a0 10F48060 		ands	r0, r0, #1024
 3312 06a4 19D0     		beq	.L167
1936:Drivers/STM32L4xx_HAL_Driver/Src/stm32l4xx_hal_rcc_ex.c ****           }
 3313              		.loc 1 1936 23 view .LVU1094
 3314 06a6 1448     		ldr	r0, .L316+4
 3315 06a8 17E0     		b	.L167
 3316              	.LVL330:
 3317              	.L194:
1958:Drivers/STM32L4xx_HAL_Driver/Src/stm32l4xx_hal_rcc_ex.c **** 
 3318              		.loc 1 1958 9 is_stmt 1 view .LVU1095
1958:Drivers/STM32L4xx_HAL_Driver/Src/stm32l4xx_hal_rcc_ex.c **** 
 3319              		.loc 1 1958 18 is_stmt 0 view .LVU1096
 3320 06aa 124B     		ldr	r3, .L316
 3321 06ac D3F88830 		ldr	r3, [r3, #136]
 3322              	.LVL331:
1960:Drivers/STM32L4xx_HAL_Driver/Src/stm32l4xx_hal_rcc_ex.c ****         {
 3323              		.loc 1 1960 9 is_stmt 1 view .LVU1097
 3324 06b0 13F08043 		ands	r3, r3, #1073741824
 3325              	.LVL332:
1960:Drivers/STM32L4xx_HAL_Driver/Src/stm32l4xx_hal_rcc_ex.c ****         {
 3326              		.loc 1 1960 9 is_stmt 0 view .LVU1098
 3327 06b4 02D0     		beq	.L254
 3328 06b6 23B9     		cbnz	r3, .L255
 3329 06b8 0020     		movs	r0, #0
 3330              	.LVL333:
1960:Drivers/STM32L4xx_HAL_Driver/Src/stm32l4xx_hal_rcc_ex.c ****         {
 3331              		.loc 1 1960 9 view .LVU1099
 3332 06ba 0EE0     		b	.L167
 3333              	.LVL334:
 3334              	.L254:
1963:Drivers/STM32L4xx_HAL_Driver/Src/stm32l4xx_hal_rcc_ex.c ****           break;
 3335              		.loc 1 1963 11 is_stmt 1 view .LVU1100
1963:Drivers/STM32L4xx_HAL_Driver/Src/stm32l4xx_hal_rcc_ex.c ****           break;
 3336              		.loc 1 1963 23 is_stmt 0 view .LVU1101
 3337 06bc FFF7FEFF 		bl	HAL_RCC_GetPCLK1Freq
 3338              	.LVL335:
1964:Drivers/STM32L4xx_HAL_Driver/Src/stm32l4xx_hal_rcc_ex.c ****         case RCC_SWPMI1CLKSOURCE_HSI:
ARM GAS  /tmp/cc4nR4Y7.s 			page 140


 3339              		.loc 1 1964 11 is_stmt 1 view .LVU1102
 3340 06c0 0BE0     		b	.L167
 3341              	.LVL336:
 3342              	.L255:
1966:Drivers/STM32L4xx_HAL_Driver/Src/stm32l4xx_hal_rcc_ex.c ****           {
 3343              		.loc 1 1966 11 view .LVU1103
1966:Drivers/STM32L4xx_HAL_Driver/Src/stm32l4xx_hal_rcc_ex.c ****           {
 3344              		.loc 1 1966 14 is_stmt 0 view .LVU1104
 3345 06c2 0C4B     		ldr	r3, .L316
 3346              	.LVL337:
1966:Drivers/STM32L4xx_HAL_Driver/Src/stm32l4xx_hal_rcc_ex.c ****           {
 3347              		.loc 1 1966 14 view .LVU1105
 3348 06c4 1868     		ldr	r0, [r3]
 3349              	.LVL338:
1966:Drivers/STM32L4xx_HAL_Driver/Src/stm32l4xx_hal_rcc_ex.c ****           {
 3350              		.loc 1 1966 13 view .LVU1106
 3351 06c6 10F48060 		ands	r0, r0, #1024
 3352 06ca 06D0     		beq	.L167
1968:Drivers/STM32L4xx_HAL_Driver/Src/stm32l4xx_hal_rcc_ex.c ****           }
 3353              		.loc 1 1968 23 view .LVU1107
 3354 06cc 0A48     		ldr	r0, .L316+4
 3355              	.LVL339:
2028:Drivers/STM32L4xx_HAL_Driver/Src/stm32l4xx_hal_rcc_ex.c **** }
 3356              		.loc 1 2028 3 is_stmt 1 view .LVU1108
2028:Drivers/STM32L4xx_HAL_Driver/Src/stm32l4xx_hal_rcc_ex.c **** }
 3357              		.loc 1 2028 9 is_stmt 0 view .LVU1109
 3358 06ce 04E0     		b	.L167
 3359              	.LVL340:
 3360              	.L256:
1170:Drivers/STM32L4xx_HAL_Driver/Src/stm32l4xx_hal_rcc_ex.c ****     {
 3361              		.loc 1 1170 5 view .LVU1110
 3362 06d0 0020     		movs	r0, #0
 3363              	.LVL341:
1170:Drivers/STM32L4xx_HAL_Driver/Src/stm32l4xx_hal_rcc_ex.c ****     {
 3364              		.loc 1 1170 5 view .LVU1111
 3365 06d2 02E0     		b	.L167
 3366              	.LVL342:
 3367              	.L261:
1252:Drivers/STM32L4xx_HAL_Driver/Src/stm32l4xx_hal_rcc_ex.c ****     {
 3368              		.loc 1 1252 5 view .LVU1112
 3369 06d4 0020     		movs	r0, #0
 3370              	.LVL343:
1252:Drivers/STM32L4xx_HAL_Driver/Src/stm32l4xx_hal_rcc_ex.c ****     {
 3371              		.loc 1 1252 5 view .LVU1113
 3372 06d6 00E0     		b	.L167
 3373              	.L262:
 3374 06d8 0020     		movs	r0, #0
 3375              	.LVL344:
 3376              	.L167:
2029:Drivers/STM32L4xx_HAL_Driver/Src/stm32l4xx_hal_rcc_ex.c **** 
 3377              		.loc 1 2029 1 view .LVU1114
 3378 06da 08BD     		pop	{r3, pc}
 3379              	.LVL345:
 3380              	.L263:
1252:Drivers/STM32L4xx_HAL_Driver/Src/stm32l4xx_hal_rcc_ex.c ****     {
 3381              		.loc 1 1252 5 view .LVU1115
 3382 06dc 0020     		movs	r0, #0
ARM GAS  /tmp/cc4nR4Y7.s 			page 141


 3383              	.LVL346:
1252:Drivers/STM32L4xx_HAL_Driver/Src/stm32l4xx_hal_rcc_ex.c ****     {
 3384              		.loc 1 1252 5 view .LVU1116
 3385 06de FCE7     		b	.L167
 3386              	.LVL347:
 3387              	.L264:
1433:Drivers/STM32L4xx_HAL_Driver/Src/stm32l4xx_hal_rcc_ex.c ****         {
 3388              		.loc 1 1433 9 view .LVU1117
 3389 06e0 0020     		movs	r0, #0
 3390              	.LVL348:
1433:Drivers/STM32L4xx_HAL_Driver/Src/stm32l4xx_hal_rcc_ex.c ****         {
 3391              		.loc 1 1433 9 view .LVU1118
 3392 06e2 FAE7     		b	.L167
 3393              	.L267:
1466:Drivers/STM32L4xx_HAL_Driver/Src/stm32l4xx_hal_rcc_ex.c ****         {
 3394              		.loc 1 1466 9 view .LVU1119
 3395 06e4 0020     		movs	r0, #0
 3396 06e6 F8E7     		b	.L167
 3397              	.LVL349:
 3398              	.L278:
1752:Drivers/STM32L4xx_HAL_Driver/Src/stm32l4xx_hal_rcc_ex.c ****         {
 3399              		.loc 1 1752 9 view .LVU1120
 3400 06e8 0020     		movs	r0, #0
 3401              	.LVL350:
1752:Drivers/STM32L4xx_HAL_Driver/Src/stm32l4xx_hal_rcc_ex.c ****         {
 3402              		.loc 1 1752 9 view .LVU1121
 3403 06ea F6E7     		b	.L167
 3404              	.LVL351:
 3405              	.L280:
1781:Drivers/STM32L4xx_HAL_Driver/Src/stm32l4xx_hal_rcc_ex.c ****         {
 3406              		.loc 1 1781 9 view .LVU1122
 3407 06ec 0020     		movs	r0, #0
 3408              	.LVL352:
1781:Drivers/STM32L4xx_HAL_Driver/Src/stm32l4xx_hal_rcc_ex.c ****         {
 3409              		.loc 1 1781 9 view .LVU1123
 3410 06ee F4E7     		b	.L167
 3411              	.LVL353:
 3412              	.L282:
1810:Drivers/STM32L4xx_HAL_Driver/Src/stm32l4xx_hal_rcc_ex.c ****         {
 3413              		.loc 1 1810 9 view .LVU1124
 3414 06f0 0020     		movs	r0, #0
 3415              	.LVL354:
1810:Drivers/STM32L4xx_HAL_Driver/Src/stm32l4xx_hal_rcc_ex.c ****         {
 3416              		.loc 1 1810 9 view .LVU1125
 3417 06f2 F2E7     		b	.L167
 3418              	.L317:
 3419              		.align	2
 3420              	.L316:
 3421 06f4 00100240 		.word	1073876992
 3422 06f8 0024F400 		.word	16000000
 3423              		.cfi_endproc
 3424              	.LFE134:
 3426              		.section	.text.HAL_RCCEx_EnablePLLSAI1,"ax",%progbits
 3427              		.align	1
 3428              		.global	HAL_RCCEx_EnablePLLSAI1
 3429              		.syntax unified
 3430              		.thumb
ARM GAS  /tmp/cc4nR4Y7.s 			page 142


 3431              		.thumb_func
 3433              	HAL_RCCEx_EnablePLLSAI1:
 3434              	.LVL355:
 3435              	.LFB135:
2059:Drivers/STM32L4xx_HAL_Driver/Src/stm32l4xx_hal_rcc_ex.c ****   uint32_t tickstart;
 3436              		.loc 1 2059 1 is_stmt 1 view -0
 3437              		.cfi_startproc
 3438              		@ args = 0, pretend = 0, frame = 0
 3439              		@ frame_needed = 0, uses_anonymous_args = 0
2059:Drivers/STM32L4xx_HAL_Driver/Src/stm32l4xx_hal_rcc_ex.c ****   uint32_t tickstart;
 3440              		.loc 1 2059 1 is_stmt 0 view .LVU1127
 3441 0000 38B5     		push	{r3, r4, r5, lr}
 3442              	.LCFI9:
 3443              		.cfi_def_cfa_offset 16
 3444              		.cfi_offset 3, -16
 3445              		.cfi_offset 4, -12
 3446              		.cfi_offset 5, -8
 3447              		.cfi_offset 14, -4
 3448 0002 0546     		mov	r5, r0
2060:Drivers/STM32L4xx_HAL_Driver/Src/stm32l4xx_hal_rcc_ex.c ****   HAL_StatusTypeDef status = HAL_OK;
 3449              		.loc 1 2060 3 is_stmt 1 view .LVU1128
2061:Drivers/STM32L4xx_HAL_Driver/Src/stm32l4xx_hal_rcc_ex.c **** 
 3450              		.loc 1 2061 3 view .LVU1129
 3451              	.LVL356:
2064:Drivers/STM32L4xx_HAL_Driver/Src/stm32l4xx_hal_rcc_ex.c ****   assert_param(IS_RCC_PLLSAI1M_VALUE(PLLSAI1Init->PLLSAI1M));
 3452              		.loc 1 2064 3 view .LVU1130
2065:Drivers/STM32L4xx_HAL_Driver/Src/stm32l4xx_hal_rcc_ex.c ****   assert_param(IS_RCC_PLLSAI1N_VALUE(PLLSAI1Init->PLLSAI1N));
 3453              		.loc 1 2065 3 view .LVU1131
2066:Drivers/STM32L4xx_HAL_Driver/Src/stm32l4xx_hal_rcc_ex.c ****   assert_param(IS_RCC_PLLSAI1P_VALUE(PLLSAI1Init->PLLSAI1P));
 3454              		.loc 1 2066 3 view .LVU1132
2067:Drivers/STM32L4xx_HAL_Driver/Src/stm32l4xx_hal_rcc_ex.c ****   assert_param(IS_RCC_PLLSAI1Q_VALUE(PLLSAI1Init->PLLSAI1Q));
 3455              		.loc 1 2067 3 view .LVU1133
2068:Drivers/STM32L4xx_HAL_Driver/Src/stm32l4xx_hal_rcc_ex.c ****   assert_param(IS_RCC_PLLSAI1R_VALUE(PLLSAI1Init->PLLSAI1R));
 3456              		.loc 1 2068 3 view .LVU1134
2069:Drivers/STM32L4xx_HAL_Driver/Src/stm32l4xx_hal_rcc_ex.c ****   assert_param(IS_RCC_PLLSAI1CLOCKOUT_VALUE(PLLSAI1Init->PLLSAI1ClockOut));
 3457              		.loc 1 2069 3 view .LVU1135
2070:Drivers/STM32L4xx_HAL_Driver/Src/stm32l4xx_hal_rcc_ex.c **** 
 3458              		.loc 1 2070 3 view .LVU1136
2073:Drivers/STM32L4xx_HAL_Driver/Src/stm32l4xx_hal_rcc_ex.c **** 
 3459              		.loc 1 2073 3 view .LVU1137
 3460 0004 224A     		ldr	r2, .L330
 3461 0006 1368     		ldr	r3, [r2]
 3462 0008 23F08063 		bic	r3, r3, #67108864
 3463 000c 1360     		str	r3, [r2]
2076:Drivers/STM32L4xx_HAL_Driver/Src/stm32l4xx_hal_rcc_ex.c **** 
 3464              		.loc 1 2076 3 view .LVU1138
2076:Drivers/STM32L4xx_HAL_Driver/Src/stm32l4xx_hal_rcc_ex.c **** 
 3465              		.loc 1 2076 15 is_stmt 0 view .LVU1139
 3466 000e FFF7FEFF 		bl	HAL_GetTick
 3467              	.LVL357:
2076:Drivers/STM32L4xx_HAL_Driver/Src/stm32l4xx_hal_rcc_ex.c **** 
 3468              		.loc 1 2076 15 view .LVU1140
 3469 0012 0446     		mov	r4, r0
 3470              	.LVL358:
2079:Drivers/STM32L4xx_HAL_Driver/Src/stm32l4xx_hal_rcc_ex.c ****   {
 3471              		.loc 1 2079 3 is_stmt 1 view .LVU1141
 3472              	.L319:
ARM GAS  /tmp/cc4nR4Y7.s 			page 143


2079:Drivers/STM32L4xx_HAL_Driver/Src/stm32l4xx_hal_rcc_ex.c ****   {
 3473              		.loc 1 2079 46 view .LVU1142
2079:Drivers/STM32L4xx_HAL_Driver/Src/stm32l4xx_hal_rcc_ex.c ****   {
 3474              		.loc 1 2079 9 is_stmt 0 view .LVU1143
 3475 0014 1E4B     		ldr	r3, .L330
 3476 0016 1B68     		ldr	r3, [r3]
2079:Drivers/STM32L4xx_HAL_Driver/Src/stm32l4xx_hal_rcc_ex.c ****   {
 3477              		.loc 1 2079 46 view .LVU1144
 3478 0018 13F0006F 		tst	r3, #134217728
 3479 001c 06D0     		beq	.L328
2081:Drivers/STM32L4xx_HAL_Driver/Src/stm32l4xx_hal_rcc_ex.c ****     {
 3480              		.loc 1 2081 5 is_stmt 1 view .LVU1145
2081:Drivers/STM32L4xx_HAL_Driver/Src/stm32l4xx_hal_rcc_ex.c ****     {
 3481              		.loc 1 2081 9 is_stmt 0 view .LVU1146
 3482 001e FFF7FEFF 		bl	HAL_GetTick
 3483              	.LVL359:
2081:Drivers/STM32L4xx_HAL_Driver/Src/stm32l4xx_hal_rcc_ex.c ****     {
 3484              		.loc 1 2081 23 discriminator 1 view .LVU1147
 3485 0022 001B     		subs	r0, r0, r4
2081:Drivers/STM32L4xx_HAL_Driver/Src/stm32l4xx_hal_rcc_ex.c ****     {
 3486              		.loc 1 2081 7 discriminator 1 view .LVU1148
 3487 0024 0228     		cmp	r0, #2
 3488 0026 F5D9     		bls	.L319
2083:Drivers/STM32L4xx_HAL_Driver/Src/stm32l4xx_hal_rcc_ex.c ****       break;
 3489              		.loc 1 2083 14 view .LVU1149
 3490 0028 0324     		movs	r4, #3
 3491              	.LVL360:
2083:Drivers/STM32L4xx_HAL_Driver/Src/stm32l4xx_hal_rcc_ex.c ****       break;
 3492              		.loc 1 2083 14 view .LVU1150
 3493 002a 00E0     		b	.L320
 3494              	.LVL361:
 3495              	.L328:
2061:Drivers/STM32L4xx_HAL_Driver/Src/stm32l4xx_hal_rcc_ex.c **** 
 3496              		.loc 1 2061 21 view .LVU1151
 3497 002c 0024     		movs	r4, #0
 3498              	.LVL362:
 3499              	.L320:
2088:Drivers/STM32L4xx_HAL_Driver/Src/stm32l4xx_hal_rcc_ex.c ****   {
 3500              		.loc 1 2088 3 is_stmt 1 view .LVU1152
2088:Drivers/STM32L4xx_HAL_Driver/Src/stm32l4xx_hal_rcc_ex.c ****   {
 3501              		.loc 1 2088 5 is_stmt 0 view .LVU1153
 3502 002e 0CB1     		cbz	r4, .L329
 3503              	.LVL363:
 3504              	.L322:
2119:Drivers/STM32L4xx_HAL_Driver/Src/stm32l4xx_hal_rcc_ex.c **** }
 3505              		.loc 1 2119 3 is_stmt 1 view .LVU1154
2120:Drivers/STM32L4xx_HAL_Driver/Src/stm32l4xx_hal_rcc_ex.c **** 
 3506              		.loc 1 2120 1 is_stmt 0 view .LVU1155
 3507 0030 2046     		mov	r0, r4
 3508 0032 38BD     		pop	{r3, r4, r5, pc}
 3509              	.LVL364:
 3510              	.L329:
2097:Drivers/STM32L4xx_HAL_Driver/Src/stm32l4xx_hal_rcc_ex.c **** #endif /* RCC_PLLSAI1M_DIV_1_16_SUPPORT */
 3511              		.loc 1 2097 5 is_stmt 1 view .LVU1156
 3512 0034 164A     		ldr	r2, .L330
 3513 0036 1369     		ldr	r3, [r2, #16]
 3514 0038 1648     		ldr	r0, .L330+4
ARM GAS  /tmp/cc4nR4Y7.s 			page 144


 3515 003a 1840     		ands	r0, r0, r3
 3516 003c A968     		ldr	r1, [r5, #8]
 3517 003e 2B69     		ldr	r3, [r5, #16]
 3518 0040 5B08     		lsrs	r3, r3, #1
 3519 0042 013B     		subs	r3, r3, #1
 3520 0044 5B05     		lsls	r3, r3, #21
 3521 0046 43EA0123 		orr	r3, r3, r1, lsl #8
 3522 004a 6969     		ldr	r1, [r5, #20]
 3523 004c 4908     		lsrs	r1, r1, #1
 3524 004e 0139     		subs	r1, r1, #1
 3525 0050 43EA4163 		orr	r3, r3, r1, lsl #25
 3526 0054 E968     		ldr	r1, [r5, #12]
 3527 0056 0909     		lsrs	r1, r1, #4
 3528 0058 43EA4143 		orr	r3, r3, r1, lsl #17
 3529 005c 1843     		orrs	r0, r0, r3
 3530 005e 1061     		str	r0, [r2, #16]
2100:Drivers/STM32L4xx_HAL_Driver/Src/stm32l4xx_hal_rcc_ex.c **** 
 3531              		.loc 1 2100 5 view .LVU1157
 3532 0060 1369     		ldr	r3, [r2, #16]
 3533 0062 A969     		ldr	r1, [r5, #24]
 3534 0064 0B43     		orrs	r3, r3, r1
 3535 0066 1361     		str	r3, [r2, #16]
2103:Drivers/STM32L4xx_HAL_Driver/Src/stm32l4xx_hal_rcc_ex.c **** 
 3536              		.loc 1 2103 5 view .LVU1158
 3537 0068 1368     		ldr	r3, [r2]
 3538 006a 43F08063 		orr	r3, r3, #67108864
 3539 006e 1360     		str	r3, [r2]
2106:Drivers/STM32L4xx_HAL_Driver/Src/stm32l4xx_hal_rcc_ex.c **** 
 3540              		.loc 1 2106 5 view .LVU1159
2106:Drivers/STM32L4xx_HAL_Driver/Src/stm32l4xx_hal_rcc_ex.c **** 
 3541              		.loc 1 2106 17 is_stmt 0 view .LVU1160
 3542 0070 FFF7FEFF 		bl	HAL_GetTick
 3543              	.LVL365:
 3544 0074 0546     		mov	r5, r0
 3545              	.LVL366:
2109:Drivers/STM32L4xx_HAL_Driver/Src/stm32l4xx_hal_rcc_ex.c ****     {
 3546              		.loc 1 2109 5 is_stmt 1 view .LVU1161
 3547              	.L323:
2109:Drivers/STM32L4xx_HAL_Driver/Src/stm32l4xx_hal_rcc_ex.c ****     {
 3548              		.loc 1 2109 48 view .LVU1162
2109:Drivers/STM32L4xx_HAL_Driver/Src/stm32l4xx_hal_rcc_ex.c ****     {
 3549              		.loc 1 2109 11 is_stmt 0 view .LVU1163
 3550 0076 064B     		ldr	r3, .L330
 3551 0078 1B68     		ldr	r3, [r3]
2109:Drivers/STM32L4xx_HAL_Driver/Src/stm32l4xx_hal_rcc_ex.c ****     {
 3552              		.loc 1 2109 48 view .LVU1164
 3553 007a 13F0006F 		tst	r3, #134217728
 3554 007e D7D1     		bne	.L322
2111:Drivers/STM32L4xx_HAL_Driver/Src/stm32l4xx_hal_rcc_ex.c ****       {
 3555              		.loc 1 2111 7 is_stmt 1 view .LVU1165
2111:Drivers/STM32L4xx_HAL_Driver/Src/stm32l4xx_hal_rcc_ex.c ****       {
 3556              		.loc 1 2111 11 is_stmt 0 view .LVU1166
 3557 0080 FFF7FEFF 		bl	HAL_GetTick
 3558              	.LVL367:
2111:Drivers/STM32L4xx_HAL_Driver/Src/stm32l4xx_hal_rcc_ex.c ****       {
 3559              		.loc 1 2111 25 discriminator 1 view .LVU1167
 3560 0084 401B     		subs	r0, r0, r5
ARM GAS  /tmp/cc4nR4Y7.s 			page 145


2111:Drivers/STM32L4xx_HAL_Driver/Src/stm32l4xx_hal_rcc_ex.c ****       {
 3561              		.loc 1 2111 9 discriminator 1 view .LVU1168
 3562 0086 0228     		cmp	r0, #2
 3563 0088 F5D9     		bls	.L323
2113:Drivers/STM32L4xx_HAL_Driver/Src/stm32l4xx_hal_rcc_ex.c ****         break;
 3564              		.loc 1 2113 16 view .LVU1169
 3565 008a 0324     		movs	r4, #3
 3566              	.LVL368:
2113:Drivers/STM32L4xx_HAL_Driver/Src/stm32l4xx_hal_rcc_ex.c ****         break;
 3567              		.loc 1 2113 16 view .LVU1170
 3568 008c D0E7     		b	.L322
 3569              	.L331:
 3570 008e 00BF     		.align	2
 3571              	.L330:
 3572 0090 00100240 		.word	1073876992
 3573 0094 FF809DF9 		.word	-107118337
 3574              		.cfi_endproc
 3575              	.LFE135:
 3577              		.section	.text.HAL_RCCEx_DisablePLLSAI1,"ax",%progbits
 3578              		.align	1
 3579              		.global	HAL_RCCEx_DisablePLLSAI1
 3580              		.syntax unified
 3581              		.thumb
 3582              		.thumb_func
 3584              	HAL_RCCEx_DisablePLLSAI1:
 3585              	.LFB136:
2127:Drivers/STM32L4xx_HAL_Driver/Src/stm32l4xx_hal_rcc_ex.c ****   uint32_t tickstart;
 3586              		.loc 1 2127 1 is_stmt 1 view -0
 3587              		.cfi_startproc
 3588              		@ args = 0, pretend = 0, frame = 0
 3589              		@ frame_needed = 0, uses_anonymous_args = 0
 3590 0000 10B5     		push	{r4, lr}
 3591              	.LCFI10:
 3592              		.cfi_def_cfa_offset 8
 3593              		.cfi_offset 4, -8
 3594              		.cfi_offset 14, -4
2128:Drivers/STM32L4xx_HAL_Driver/Src/stm32l4xx_hal_rcc_ex.c ****   HAL_StatusTypeDef status = HAL_OK;
 3595              		.loc 1 2128 3 view .LVU1172
2129:Drivers/STM32L4xx_HAL_Driver/Src/stm32l4xx_hal_rcc_ex.c **** 
 3596              		.loc 1 2129 3 view .LVU1173
 3597              	.LVL369:
2132:Drivers/STM32L4xx_HAL_Driver/Src/stm32l4xx_hal_rcc_ex.c **** 
 3598              		.loc 1 2132 3 view .LVU1174
 3599 0002 124A     		ldr	r2, .L340
 3600 0004 1368     		ldr	r3, [r2]
 3601 0006 23F08063 		bic	r3, r3, #67108864
 3602 000a 1360     		str	r3, [r2]
2135:Drivers/STM32L4xx_HAL_Driver/Src/stm32l4xx_hal_rcc_ex.c **** 
 3603              		.loc 1 2135 3 view .LVU1175
2135:Drivers/STM32L4xx_HAL_Driver/Src/stm32l4xx_hal_rcc_ex.c **** 
 3604              		.loc 1 2135 15 is_stmt 0 view .LVU1176
 3605 000c FFF7FEFF 		bl	HAL_GetTick
 3606              	.LVL370:
 3607 0010 0446     		mov	r4, r0
 3608              	.LVL371:
2138:Drivers/STM32L4xx_HAL_Driver/Src/stm32l4xx_hal_rcc_ex.c ****   {
 3609              		.loc 1 2138 3 is_stmt 1 view .LVU1177
ARM GAS  /tmp/cc4nR4Y7.s 			page 146


 3610              	.L333:
2138:Drivers/STM32L4xx_HAL_Driver/Src/stm32l4xx_hal_rcc_ex.c ****   {
 3611              		.loc 1 2138 46 view .LVU1178
2138:Drivers/STM32L4xx_HAL_Driver/Src/stm32l4xx_hal_rcc_ex.c ****   {
 3612              		.loc 1 2138 9 is_stmt 0 view .LVU1179
 3613 0012 0E4B     		ldr	r3, .L340
 3614 0014 1B68     		ldr	r3, [r3]
2138:Drivers/STM32L4xx_HAL_Driver/Src/stm32l4xx_hal_rcc_ex.c ****   {
 3615              		.loc 1 2138 46 view .LVU1180
 3616 0016 13F0006F 		tst	r3, #134217728
 3617 001a 06D0     		beq	.L339
2140:Drivers/STM32L4xx_HAL_Driver/Src/stm32l4xx_hal_rcc_ex.c ****     {
 3618              		.loc 1 2140 5 is_stmt 1 view .LVU1181
2140:Drivers/STM32L4xx_HAL_Driver/Src/stm32l4xx_hal_rcc_ex.c ****     {
 3619              		.loc 1 2140 9 is_stmt 0 view .LVU1182
 3620 001c FFF7FEFF 		bl	HAL_GetTick
 3621              	.LVL372:
2140:Drivers/STM32L4xx_HAL_Driver/Src/stm32l4xx_hal_rcc_ex.c ****     {
 3622              		.loc 1 2140 23 discriminator 1 view .LVU1183
 3623 0020 001B     		subs	r0, r0, r4
2140:Drivers/STM32L4xx_HAL_Driver/Src/stm32l4xx_hal_rcc_ex.c ****     {
 3624              		.loc 1 2140 7 discriminator 1 view .LVU1184
 3625 0022 0228     		cmp	r0, #2
 3626 0024 F5D9     		bls	.L333
2142:Drivers/STM32L4xx_HAL_Driver/Src/stm32l4xx_hal_rcc_ex.c ****       break;
 3627              		.loc 1 2142 14 view .LVU1185
 3628 0026 0320     		movs	r0, #3
 3629 0028 00E0     		b	.L334
 3630              	.L339:
2129:Drivers/STM32L4xx_HAL_Driver/Src/stm32l4xx_hal_rcc_ex.c **** 
 3631              		.loc 1 2129 21 view .LVU1186
 3632 002a 0020     		movs	r0, #0
 3633              	.L334:
 3634              	.LVL373:
2148:Drivers/STM32L4xx_HAL_Driver/Src/stm32l4xx_hal_rcc_ex.c **** 
 3635              		.loc 1 2148 3 is_stmt 1 view .LVU1187
 3636 002c 074A     		ldr	r2, .L340
 3637 002e 1369     		ldr	r3, [r2, #16]
 3638 0030 23F08873 		bic	r3, r3, #17825792
 3639 0034 23F48033 		bic	r3, r3, #65536
 3640 0038 1361     		str	r3, [r2, #16]
2152:Drivers/STM32L4xx_HAL_Driver/Src/stm32l4xx_hal_rcc_ex.c ****   {
 3641              		.loc 1 2152 3 view .LVU1188
2152:Drivers/STM32L4xx_HAL_Driver/Src/stm32l4xx_hal_rcc_ex.c ****   {
 3642              		.loc 1 2152 6 is_stmt 0 view .LVU1189
 3643 003a 1368     		ldr	r3, [r2]
2152:Drivers/STM32L4xx_HAL_Driver/Src/stm32l4xx_hal_rcc_ex.c ****   {
 3644              		.loc 1 2152 5 view .LVU1190
 3645 003c 13F0085F 		tst	r3, #570425344
 3646 0040 03D1     		bne	.L336
2154:Drivers/STM32L4xx_HAL_Driver/Src/stm32l4xx_hal_rcc_ex.c ****   }
 3647              		.loc 1 2154 5 is_stmt 1 view .LVU1191
 3648 0042 D368     		ldr	r3, [r2, #12]
 3649 0044 23F00303 		bic	r3, r3, #3
 3650 0048 D360     		str	r3, [r2, #12]
 3651              	.L336:
2163:Drivers/STM32L4xx_HAL_Driver/Src/stm32l4xx_hal_rcc_ex.c **** }
ARM GAS  /tmp/cc4nR4Y7.s 			page 147


 3652              		.loc 1 2163 3 view .LVU1192
2164:Drivers/STM32L4xx_HAL_Driver/Src/stm32l4xx_hal_rcc_ex.c **** 
 3653              		.loc 1 2164 1 is_stmt 0 view .LVU1193
 3654 004a 10BD     		pop	{r4, pc}
 3655              	.LVL374:
 3656              	.L341:
2164:Drivers/STM32L4xx_HAL_Driver/Src/stm32l4xx_hal_rcc_ex.c **** 
 3657              		.loc 1 2164 1 view .LVU1194
 3658              		.align	2
 3659              	.L340:
 3660 004c 00100240 		.word	1073876992
 3661              		.cfi_endproc
 3662              	.LFE136:
 3664              		.section	.text.HAL_RCCEx_EnablePLLSAI2,"ax",%progbits
 3665              		.align	1
 3666              		.global	HAL_RCCEx_EnablePLLSAI2
 3667              		.syntax unified
 3668              		.thumb
 3669              		.thumb_func
 3671              	HAL_RCCEx_EnablePLLSAI2:
 3672              	.LVL375:
 3673              	.LFB137:
2177:Drivers/STM32L4xx_HAL_Driver/Src/stm32l4xx_hal_rcc_ex.c ****   uint32_t tickstart;
 3674              		.loc 1 2177 1 is_stmt 1 view -0
 3675              		.cfi_startproc
 3676              		@ args = 0, pretend = 0, frame = 0
 3677              		@ frame_needed = 0, uses_anonymous_args = 0
2177:Drivers/STM32L4xx_HAL_Driver/Src/stm32l4xx_hal_rcc_ex.c ****   uint32_t tickstart;
 3678              		.loc 1 2177 1 is_stmt 0 view .LVU1196
 3679 0000 38B5     		push	{r3, r4, r5, lr}
 3680              	.LCFI11:
 3681              		.cfi_def_cfa_offset 16
 3682              		.cfi_offset 3, -16
 3683              		.cfi_offset 4, -12
 3684              		.cfi_offset 5, -8
 3685              		.cfi_offset 14, -4
 3686 0002 0546     		mov	r5, r0
2178:Drivers/STM32L4xx_HAL_Driver/Src/stm32l4xx_hal_rcc_ex.c ****   HAL_StatusTypeDef status = HAL_OK;
 3687              		.loc 1 2178 3 is_stmt 1 view .LVU1197
2179:Drivers/STM32L4xx_HAL_Driver/Src/stm32l4xx_hal_rcc_ex.c **** 
 3688              		.loc 1 2179 3 view .LVU1198
 3689              	.LVL376:
2182:Drivers/STM32L4xx_HAL_Driver/Src/stm32l4xx_hal_rcc_ex.c ****   assert_param(IS_RCC_PLLSAI2M_VALUE(PLLSAI2Init->PLLSAI2M));
 3690              		.loc 1 2182 3 view .LVU1199
2183:Drivers/STM32L4xx_HAL_Driver/Src/stm32l4xx_hal_rcc_ex.c ****   assert_param(IS_RCC_PLLSAI2N_VALUE(PLLSAI2Init->PLLSAI2N));
 3691              		.loc 1 2183 3 view .LVU1200
2184:Drivers/STM32L4xx_HAL_Driver/Src/stm32l4xx_hal_rcc_ex.c ****   assert_param(IS_RCC_PLLSAI2P_VALUE(PLLSAI2Init->PLLSAI2P));
 3692              		.loc 1 2184 3 view .LVU1201
2185:Drivers/STM32L4xx_HAL_Driver/Src/stm32l4xx_hal_rcc_ex.c **** #if defined(RCC_PLLSAI2Q_DIV_SUPPORT)
 3693              		.loc 1 2185 3 view .LVU1202
2189:Drivers/STM32L4xx_HAL_Driver/Src/stm32l4xx_hal_rcc_ex.c ****   assert_param(IS_RCC_PLLSAI2CLOCKOUT_VALUE(PLLSAI2Init->PLLSAI2ClockOut));
 3694              		.loc 1 2189 3 view .LVU1203
2190:Drivers/STM32L4xx_HAL_Driver/Src/stm32l4xx_hal_rcc_ex.c **** 
 3695              		.loc 1 2190 3 view .LVU1204
2193:Drivers/STM32L4xx_HAL_Driver/Src/stm32l4xx_hal_rcc_ex.c **** 
 3696              		.loc 1 2193 3 view .LVU1205
 3697 0004 1F4A     		ldr	r2, .L354
ARM GAS  /tmp/cc4nR4Y7.s 			page 148


 3698 0006 1368     		ldr	r3, [r2]
 3699 0008 23F08053 		bic	r3, r3, #268435456
 3700 000c 1360     		str	r3, [r2]
2196:Drivers/STM32L4xx_HAL_Driver/Src/stm32l4xx_hal_rcc_ex.c **** 
 3701              		.loc 1 2196 3 view .LVU1206
2196:Drivers/STM32L4xx_HAL_Driver/Src/stm32l4xx_hal_rcc_ex.c **** 
 3702              		.loc 1 2196 15 is_stmt 0 view .LVU1207
 3703 000e FFF7FEFF 		bl	HAL_GetTick
 3704              	.LVL377:
2196:Drivers/STM32L4xx_HAL_Driver/Src/stm32l4xx_hal_rcc_ex.c **** 
 3705              		.loc 1 2196 15 view .LVU1208
 3706 0012 0446     		mov	r4, r0
 3707              	.LVL378:
2199:Drivers/STM32L4xx_HAL_Driver/Src/stm32l4xx_hal_rcc_ex.c ****   {
 3708              		.loc 1 2199 3 is_stmt 1 view .LVU1209
 3709              	.L343:
2199:Drivers/STM32L4xx_HAL_Driver/Src/stm32l4xx_hal_rcc_ex.c ****   {
 3710              		.loc 1 2199 46 view .LVU1210
2199:Drivers/STM32L4xx_HAL_Driver/Src/stm32l4xx_hal_rcc_ex.c ****   {
 3711              		.loc 1 2199 9 is_stmt 0 view .LVU1211
 3712 0014 1B4B     		ldr	r3, .L354
 3713 0016 1B68     		ldr	r3, [r3]
2199:Drivers/STM32L4xx_HAL_Driver/Src/stm32l4xx_hal_rcc_ex.c ****   {
 3714              		.loc 1 2199 46 view .LVU1212
 3715 0018 13F0005F 		tst	r3, #536870912
 3716 001c 06D0     		beq	.L352
2201:Drivers/STM32L4xx_HAL_Driver/Src/stm32l4xx_hal_rcc_ex.c ****     {
 3717              		.loc 1 2201 5 is_stmt 1 view .LVU1213
2201:Drivers/STM32L4xx_HAL_Driver/Src/stm32l4xx_hal_rcc_ex.c ****     {
 3718              		.loc 1 2201 9 is_stmt 0 view .LVU1214
 3719 001e FFF7FEFF 		bl	HAL_GetTick
 3720              	.LVL379:
2201:Drivers/STM32L4xx_HAL_Driver/Src/stm32l4xx_hal_rcc_ex.c ****     {
 3721              		.loc 1 2201 23 discriminator 1 view .LVU1215
 3722 0022 001B     		subs	r0, r0, r4
2201:Drivers/STM32L4xx_HAL_Driver/Src/stm32l4xx_hal_rcc_ex.c ****     {
 3723              		.loc 1 2201 7 discriminator 1 view .LVU1216
 3724 0024 0228     		cmp	r0, #2
 3725 0026 F5D9     		bls	.L343
2203:Drivers/STM32L4xx_HAL_Driver/Src/stm32l4xx_hal_rcc_ex.c ****       break;
 3726              		.loc 1 2203 14 view .LVU1217
 3727 0028 0324     		movs	r4, #3
 3728              	.LVL380:
2203:Drivers/STM32L4xx_HAL_Driver/Src/stm32l4xx_hal_rcc_ex.c ****       break;
 3729              		.loc 1 2203 14 view .LVU1218
 3730 002a 00E0     		b	.L344
 3731              	.LVL381:
 3732              	.L352:
2179:Drivers/STM32L4xx_HAL_Driver/Src/stm32l4xx_hal_rcc_ex.c **** 
 3733              		.loc 1 2179 21 view .LVU1219
 3734 002c 0024     		movs	r4, #0
 3735              	.LVL382:
 3736              	.L344:
2208:Drivers/STM32L4xx_HAL_Driver/Src/stm32l4xx_hal_rcc_ex.c ****   {
 3737              		.loc 1 2208 3 is_stmt 1 view .LVU1220
2208:Drivers/STM32L4xx_HAL_Driver/Src/stm32l4xx_hal_rcc_ex.c ****   {
 3738              		.loc 1 2208 5 is_stmt 0 view .LVU1221
ARM GAS  /tmp/cc4nR4Y7.s 			page 149


 3739 002e 0CB1     		cbz	r4, .L353
 3740              	.LVL383:
 3741              	.L346:
2247:Drivers/STM32L4xx_HAL_Driver/Src/stm32l4xx_hal_rcc_ex.c **** }
 3742              		.loc 1 2247 3 is_stmt 1 view .LVU1222
2248:Drivers/STM32L4xx_HAL_Driver/Src/stm32l4xx_hal_rcc_ex.c **** 
 3743              		.loc 1 2248 1 is_stmt 0 view .LVU1223
 3744 0030 2046     		mov	r0, r4
 3745 0032 38BD     		pop	{r3, r4, r5, pc}
 3746              	.LVL384:
 3747              	.L353:
2225:Drivers/STM32L4xx_HAL_Driver/Src/stm32l4xx_hal_rcc_ex.c **** #endif /* RCC_PLLSAI2M_DIV_1_16_SUPPORT && RCC_PLLSAI2Q_DIV_SUPPORT */
 3748              		.loc 1 2225 5 is_stmt 1 view .LVU1224
 3749 0034 134A     		ldr	r2, .L354
 3750 0036 5369     		ldr	r3, [r2, #20]
 3751 0038 1348     		ldr	r0, .L354+4
 3752 003a 1840     		ands	r0, r0, r3
 3753 003c A968     		ldr	r1, [r5, #8]
 3754 003e 2B69     		ldr	r3, [r5, #16]
 3755 0040 5B08     		lsrs	r3, r3, #1
 3756 0042 013B     		subs	r3, r3, #1
 3757 0044 5B06     		lsls	r3, r3, #25
 3758 0046 43EA0123 		orr	r3, r3, r1, lsl #8
 3759 004a E968     		ldr	r1, [r5, #12]
 3760 004c 0909     		lsrs	r1, r1, #4
 3761 004e 43EA4143 		orr	r3, r3, r1, lsl #17
 3762 0052 1843     		orrs	r0, r0, r3
 3763 0054 5061     		str	r0, [r2, #20]
2228:Drivers/STM32L4xx_HAL_Driver/Src/stm32l4xx_hal_rcc_ex.c **** 
 3764              		.loc 1 2228 5 view .LVU1225
 3765 0056 5369     		ldr	r3, [r2, #20]
 3766 0058 6969     		ldr	r1, [r5, #20]
 3767 005a 0B43     		orrs	r3, r3, r1
 3768 005c 5361     		str	r3, [r2, #20]
2231:Drivers/STM32L4xx_HAL_Driver/Src/stm32l4xx_hal_rcc_ex.c **** 
 3769              		.loc 1 2231 5 view .LVU1226
 3770 005e 1368     		ldr	r3, [r2]
 3771 0060 43F08053 		orr	r3, r3, #268435456
 3772 0064 1360     		str	r3, [r2]
2234:Drivers/STM32L4xx_HAL_Driver/Src/stm32l4xx_hal_rcc_ex.c **** 
 3773              		.loc 1 2234 5 view .LVU1227
2234:Drivers/STM32L4xx_HAL_Driver/Src/stm32l4xx_hal_rcc_ex.c **** 
 3774              		.loc 1 2234 17 is_stmt 0 view .LVU1228
 3775 0066 FFF7FEFF 		bl	HAL_GetTick
 3776              	.LVL385:
 3777 006a 0546     		mov	r5, r0
 3778              	.LVL386:
2237:Drivers/STM32L4xx_HAL_Driver/Src/stm32l4xx_hal_rcc_ex.c ****     {
 3779              		.loc 1 2237 5 is_stmt 1 view .LVU1229
 3780              	.L347:
2237:Drivers/STM32L4xx_HAL_Driver/Src/stm32l4xx_hal_rcc_ex.c ****     {
 3781              		.loc 1 2237 48 view .LVU1230
2237:Drivers/STM32L4xx_HAL_Driver/Src/stm32l4xx_hal_rcc_ex.c ****     {
 3782              		.loc 1 2237 11 is_stmt 0 view .LVU1231
 3783 006c 054B     		ldr	r3, .L354
 3784 006e 1B68     		ldr	r3, [r3]
2237:Drivers/STM32L4xx_HAL_Driver/Src/stm32l4xx_hal_rcc_ex.c ****     {
ARM GAS  /tmp/cc4nR4Y7.s 			page 150


 3785              		.loc 1 2237 48 view .LVU1232
 3786 0070 13F0005F 		tst	r3, #536870912
 3787 0074 DCD1     		bne	.L346
2239:Drivers/STM32L4xx_HAL_Driver/Src/stm32l4xx_hal_rcc_ex.c ****       {
 3788              		.loc 1 2239 7 is_stmt 1 view .LVU1233
2239:Drivers/STM32L4xx_HAL_Driver/Src/stm32l4xx_hal_rcc_ex.c ****       {
 3789              		.loc 1 2239 11 is_stmt 0 view .LVU1234
 3790 0076 FFF7FEFF 		bl	HAL_GetTick
 3791              	.LVL387:
2239:Drivers/STM32L4xx_HAL_Driver/Src/stm32l4xx_hal_rcc_ex.c ****       {
 3792              		.loc 1 2239 25 discriminator 1 view .LVU1235
 3793 007a 401B     		subs	r0, r0, r5
2239:Drivers/STM32L4xx_HAL_Driver/Src/stm32l4xx_hal_rcc_ex.c ****       {
 3794              		.loc 1 2239 9 discriminator 1 view .LVU1236
 3795 007c 0228     		cmp	r0, #2
 3796 007e F5D9     		bls	.L347
2241:Drivers/STM32L4xx_HAL_Driver/Src/stm32l4xx_hal_rcc_ex.c ****         break;
 3797              		.loc 1 2241 16 view .LVU1237
 3798 0080 0324     		movs	r4, #3
 3799              	.LVL388:
2241:Drivers/STM32L4xx_HAL_Driver/Src/stm32l4xx_hal_rcc_ex.c ****         break;
 3800              		.loc 1 2241 16 view .LVU1238
 3801 0082 D5E7     		b	.L346
 3802              	.L355:
 3803              		.align	2
 3804              	.L354:
 3805 0084 00100240 		.word	1073876992
 3806 0088 FF80FDF9 		.word	-100826881
 3807              		.cfi_endproc
 3808              	.LFE137:
 3810              		.section	.text.HAL_RCCEx_DisablePLLSAI2,"ax",%progbits
 3811              		.align	1
 3812              		.global	HAL_RCCEx_DisablePLLSAI2
 3813              		.syntax unified
 3814              		.thumb
 3815              		.thumb_func
 3817              	HAL_RCCEx_DisablePLLSAI2:
 3818              	.LFB138:
2255:Drivers/STM32L4xx_HAL_Driver/Src/stm32l4xx_hal_rcc_ex.c ****   uint32_t tickstart;
 3819              		.loc 1 2255 1 is_stmt 1 view -0
 3820              		.cfi_startproc
 3821              		@ args = 0, pretend = 0, frame = 0
 3822              		@ frame_needed = 0, uses_anonymous_args = 0
 3823 0000 10B5     		push	{r4, lr}
 3824              	.LCFI12:
 3825              		.cfi_def_cfa_offset 8
 3826              		.cfi_offset 4, -8
 3827              		.cfi_offset 14, -4
2256:Drivers/STM32L4xx_HAL_Driver/Src/stm32l4xx_hal_rcc_ex.c ****   HAL_StatusTypeDef status = HAL_OK;
 3828              		.loc 1 2256 3 view .LVU1240
2257:Drivers/STM32L4xx_HAL_Driver/Src/stm32l4xx_hal_rcc_ex.c **** 
 3829              		.loc 1 2257 3 view .LVU1241
 3830              	.LVL389:
2260:Drivers/STM32L4xx_HAL_Driver/Src/stm32l4xx_hal_rcc_ex.c **** 
 3831              		.loc 1 2260 3 view .LVU1242
 3832 0002 124A     		ldr	r2, .L364
 3833 0004 1368     		ldr	r3, [r2]
ARM GAS  /tmp/cc4nR4Y7.s 			page 151


 3834 0006 23F08053 		bic	r3, r3, #268435456
 3835 000a 1360     		str	r3, [r2]
2263:Drivers/STM32L4xx_HAL_Driver/Src/stm32l4xx_hal_rcc_ex.c **** 
 3836              		.loc 1 2263 3 view .LVU1243
2263:Drivers/STM32L4xx_HAL_Driver/Src/stm32l4xx_hal_rcc_ex.c **** 
 3837              		.loc 1 2263 15 is_stmt 0 view .LVU1244
 3838 000c FFF7FEFF 		bl	HAL_GetTick
 3839              	.LVL390:
 3840 0010 0446     		mov	r4, r0
 3841              	.LVL391:
2266:Drivers/STM32L4xx_HAL_Driver/Src/stm32l4xx_hal_rcc_ex.c ****   {
 3842              		.loc 1 2266 3 is_stmt 1 view .LVU1245
 3843              	.L357:
2266:Drivers/STM32L4xx_HAL_Driver/Src/stm32l4xx_hal_rcc_ex.c ****   {
 3844              		.loc 1 2266 46 view .LVU1246
2266:Drivers/STM32L4xx_HAL_Driver/Src/stm32l4xx_hal_rcc_ex.c ****   {
 3845              		.loc 1 2266 9 is_stmt 0 view .LVU1247
 3846 0012 0E4B     		ldr	r3, .L364
 3847 0014 1B68     		ldr	r3, [r3]
2266:Drivers/STM32L4xx_HAL_Driver/Src/stm32l4xx_hal_rcc_ex.c ****   {
 3848              		.loc 1 2266 46 view .LVU1248
 3849 0016 13F0005F 		tst	r3, #536870912
 3850 001a 06D0     		beq	.L363
2268:Drivers/STM32L4xx_HAL_Driver/Src/stm32l4xx_hal_rcc_ex.c ****     {
 3851              		.loc 1 2268 5 is_stmt 1 view .LVU1249
2268:Drivers/STM32L4xx_HAL_Driver/Src/stm32l4xx_hal_rcc_ex.c ****     {
 3852              		.loc 1 2268 9 is_stmt 0 view .LVU1250
 3853 001c FFF7FEFF 		bl	HAL_GetTick
 3854              	.LVL392:
2268:Drivers/STM32L4xx_HAL_Driver/Src/stm32l4xx_hal_rcc_ex.c ****     {
 3855              		.loc 1 2268 23 discriminator 1 view .LVU1251
 3856 0020 001B     		subs	r0, r0, r4
2268:Drivers/STM32L4xx_HAL_Driver/Src/stm32l4xx_hal_rcc_ex.c ****     {
 3857              		.loc 1 2268 7 discriminator 1 view .LVU1252
 3858 0022 0228     		cmp	r0, #2
 3859 0024 F5D9     		bls	.L357
2270:Drivers/STM32L4xx_HAL_Driver/Src/stm32l4xx_hal_rcc_ex.c ****       break;
 3860              		.loc 1 2270 14 view .LVU1253
 3861 0026 0320     		movs	r0, #3
 3862 0028 00E0     		b	.L358
 3863              	.L363:
2257:Drivers/STM32L4xx_HAL_Driver/Src/stm32l4xx_hal_rcc_ex.c **** 
 3864              		.loc 1 2257 21 view .LVU1254
 3865 002a 0020     		movs	r0, #0
 3866              	.L358:
 3867              	.LVL393:
2279:Drivers/STM32L4xx_HAL_Driver/Src/stm32l4xx_hal_rcc_ex.c **** #endif /* RCC_PLLSAI2M_DIV_1_16_SUPPORT && RCC_PLLSAI2Q_DIV_SUPPORT */
 3868              		.loc 1 2279 3 is_stmt 1 view .LVU1255
 3869 002c 074A     		ldr	r2, .L364
 3870 002e 5369     		ldr	r3, [r2, #20]
 3871 0030 23F08073 		bic	r3, r3, #16777216
 3872 0034 23F48033 		bic	r3, r3, #65536
 3873 0038 5361     		str	r3, [r2, #20]
2283:Drivers/STM32L4xx_HAL_Driver/Src/stm32l4xx_hal_rcc_ex.c ****   {
 3874              		.loc 1 2283 3 view .LVU1256
2283:Drivers/STM32L4xx_HAL_Driver/Src/stm32l4xx_hal_rcc_ex.c ****   {
 3875              		.loc 1 2283 6 is_stmt 0 view .LVU1257
ARM GAS  /tmp/cc4nR4Y7.s 			page 152


 3876 003a 1368     		ldr	r3, [r2]
2283:Drivers/STM32L4xx_HAL_Driver/Src/stm32l4xx_hal_rcc_ex.c ****   {
 3877              		.loc 1 2283 5 view .LVU1258
 3878 003c 13F0206F 		tst	r3, #167772160
 3879 0040 03D1     		bne	.L360
2285:Drivers/STM32L4xx_HAL_Driver/Src/stm32l4xx_hal_rcc_ex.c ****   }
 3880              		.loc 1 2285 5 is_stmt 1 view .LVU1259
 3881 0042 D368     		ldr	r3, [r2, #12]
 3882 0044 23F00303 		bic	r3, r3, #3
 3883 0048 D360     		str	r3, [r2, #12]
 3884              	.L360:
2288:Drivers/STM32L4xx_HAL_Driver/Src/stm32l4xx_hal_rcc_ex.c **** }
 3885              		.loc 1 2288 3 view .LVU1260
2289:Drivers/STM32L4xx_HAL_Driver/Src/stm32l4xx_hal_rcc_ex.c **** 
 3886              		.loc 1 2289 1 is_stmt 0 view .LVU1261
 3887 004a 10BD     		pop	{r4, pc}
 3888              	.LVL394:
 3889              	.L365:
2289:Drivers/STM32L4xx_HAL_Driver/Src/stm32l4xx_hal_rcc_ex.c **** 
 3890              		.loc 1 2289 1 view .LVU1262
 3891              		.align	2
 3892              	.L364:
 3893 004c 00100240 		.word	1073876992
 3894              		.cfi_endproc
 3895              	.LFE138:
 3897              		.section	.text.HAL_RCCEx_WakeUpStopCLKConfig,"ax",%progbits
 3898              		.align	1
 3899              		.global	HAL_RCCEx_WakeUpStopCLKConfig
 3900              		.syntax unified
 3901              		.thumb
 3902              		.thumb_func
 3904              	HAL_RCCEx_WakeUpStopCLKConfig:
 3905              	.LVL395:
 3906              	.LFB139:
2304:Drivers/STM32L4xx_HAL_Driver/Src/stm32l4xx_hal_rcc_ex.c ****   assert_param(IS_RCC_STOP_WAKEUPCLOCK(WakeUpClk));
 3907              		.loc 1 2304 1 is_stmt 1 view -0
 3908              		.cfi_startproc
 3909              		@ args = 0, pretend = 0, frame = 0
 3910              		@ frame_needed = 0, uses_anonymous_args = 0
 3911              		@ link register save eliminated.
2305:Drivers/STM32L4xx_HAL_Driver/Src/stm32l4xx_hal_rcc_ex.c **** 
 3912              		.loc 1 2305 3 view .LVU1264
2307:Drivers/STM32L4xx_HAL_Driver/Src/stm32l4xx_hal_rcc_ex.c **** }
 3913              		.loc 1 2307 3 view .LVU1265
 3914 0000 034A     		ldr	r2, .L367
 3915 0002 9368     		ldr	r3, [r2, #8]
 3916 0004 23F40043 		bic	r3, r3, #32768
 3917 0008 0343     		orrs	r3, r3, r0
 3918 000a 9360     		str	r3, [r2, #8]
2308:Drivers/STM32L4xx_HAL_Driver/Src/stm32l4xx_hal_rcc_ex.c **** 
 3919              		.loc 1 2308 1 is_stmt 0 view .LVU1266
 3920 000c 7047     		bx	lr
 3921              	.L368:
 3922 000e 00BF     		.align	2
 3923              	.L367:
 3924 0010 00100240 		.word	1073876992
 3925              		.cfi_endproc
ARM GAS  /tmp/cc4nR4Y7.s 			page 153


 3926              	.LFE139:
 3928              		.section	.text.HAL_RCCEx_StandbyMSIRangeConfig,"ax",%progbits
 3929              		.align	1
 3930              		.global	HAL_RCCEx_StandbyMSIRangeConfig
 3931              		.syntax unified
 3932              		.thumb
 3933              		.thumb_func
 3935              	HAL_RCCEx_StandbyMSIRangeConfig:
 3936              	.LVL396:
 3937              	.LFB140:
2322:Drivers/STM32L4xx_HAL_Driver/Src/stm32l4xx_hal_rcc_ex.c ****   assert_param(IS_RCC_MSI_STANDBY_CLOCK_RANGE(MSIRange));
 3938              		.loc 1 2322 1 is_stmt 1 view -0
 3939              		.cfi_startproc
 3940              		@ args = 0, pretend = 0, frame = 0
 3941              		@ frame_needed = 0, uses_anonymous_args = 0
 3942              		@ link register save eliminated.
2323:Drivers/STM32L4xx_HAL_Driver/Src/stm32l4xx_hal_rcc_ex.c **** 
 3943              		.loc 1 2323 3 view .LVU1268
2325:Drivers/STM32L4xx_HAL_Driver/Src/stm32l4xx_hal_rcc_ex.c **** }
 3944              		.loc 1 2325 3 view .LVU1269
 3945 0000 044A     		ldr	r2, .L370
 3946 0002 D2F89430 		ldr	r3, [r2, #148]
 3947 0006 23F47063 		bic	r3, r3, #3840
 3948 000a 43EA0013 		orr	r3, r3, r0, lsl #4
 3949 000e C2F89430 		str	r3, [r2, #148]
2326:Drivers/STM32L4xx_HAL_Driver/Src/stm32l4xx_hal_rcc_ex.c **** 
 3950              		.loc 1 2326 1 is_stmt 0 view .LVU1270
 3951 0012 7047     		bx	lr
 3952              	.L371:
 3953              		.align	2
 3954              	.L370:
 3955 0014 00100240 		.word	1073876992
 3956              		.cfi_endproc
 3957              	.LFE140:
 3959              		.section	.text.HAL_RCCEx_EnableLSECSS,"ax",%progbits
 3960              		.align	1
 3961              		.global	HAL_RCCEx_EnableLSECSS
 3962              		.syntax unified
 3963              		.thumb
 3964              		.thumb_func
 3966              	HAL_RCCEx_EnableLSECSS:
 3967              	.LFB141:
2336:Drivers/STM32L4xx_HAL_Driver/Src/stm32l4xx_hal_rcc_ex.c ****   SET_BIT(RCC->BDCR, RCC_BDCR_LSECSSON);
 3968              		.loc 1 2336 1 is_stmt 1 view -0
 3969              		.cfi_startproc
 3970              		@ args = 0, pretend = 0, frame = 0
 3971              		@ frame_needed = 0, uses_anonymous_args = 0
 3972              		@ link register save eliminated.
2337:Drivers/STM32L4xx_HAL_Driver/Src/stm32l4xx_hal_rcc_ex.c **** }
 3973              		.loc 1 2337 3 view .LVU1272
 3974 0000 034A     		ldr	r2, .L373
 3975 0002 D2F89030 		ldr	r3, [r2, #144]
 3976 0006 43F02003 		orr	r3, r3, #32
 3977 000a C2F89030 		str	r3, [r2, #144]
2338:Drivers/STM32L4xx_HAL_Driver/Src/stm32l4xx_hal_rcc_ex.c **** 
 3978              		.loc 1 2338 1 is_stmt 0 view .LVU1273
 3979 000e 7047     		bx	lr
ARM GAS  /tmp/cc4nR4Y7.s 			page 154


 3980              	.L374:
 3981              		.align	2
 3982              	.L373:
 3983 0010 00100240 		.word	1073876992
 3984              		.cfi_endproc
 3985              	.LFE141:
 3987              		.section	.text.HAL_RCCEx_DisableLSECSS,"ax",%progbits
 3988              		.align	1
 3989              		.global	HAL_RCCEx_DisableLSECSS
 3990              		.syntax unified
 3991              		.thumb
 3992              		.thumb_func
 3994              	HAL_RCCEx_DisableLSECSS:
 3995              	.LFB142:
2346:Drivers/STM32L4xx_HAL_Driver/Src/stm32l4xx_hal_rcc_ex.c ****   CLEAR_BIT(RCC->BDCR, RCC_BDCR_LSECSSON) ;
 3996              		.loc 1 2346 1 is_stmt 1 view -0
 3997              		.cfi_startproc
 3998              		@ args = 0, pretend = 0, frame = 0
 3999              		@ frame_needed = 0, uses_anonymous_args = 0
 4000              		@ link register save eliminated.
2347:Drivers/STM32L4xx_HAL_Driver/Src/stm32l4xx_hal_rcc_ex.c **** 
 4001              		.loc 1 2347 3 view .LVU1275
 4002 0000 054B     		ldr	r3, .L376
 4003 0002 D3F89020 		ldr	r2, [r3, #144]
 4004 0006 22F02002 		bic	r2, r2, #32
 4005 000a C3F89020 		str	r2, [r3, #144]
2350:Drivers/STM32L4xx_HAL_Driver/Src/stm32l4xx_hal_rcc_ex.c **** }
 4006              		.loc 1 2350 3 view .LVU1276
 4007 000e 9A69     		ldr	r2, [r3, #24]
 4008 0010 22F40072 		bic	r2, r2, #512
 4009 0014 9A61     		str	r2, [r3, #24]
2351:Drivers/STM32L4xx_HAL_Driver/Src/stm32l4xx_hal_rcc_ex.c **** 
 4010              		.loc 1 2351 1 is_stmt 0 view .LVU1277
 4011 0016 7047     		bx	lr
 4012              	.L377:
 4013              		.align	2
 4014              	.L376:
 4015 0018 00100240 		.word	1073876992
 4016              		.cfi_endproc
 4017              	.LFE142:
 4019              		.section	.text.HAL_RCCEx_EnableLSECSS_IT,"ax",%progbits
 4020              		.align	1
 4021              		.global	HAL_RCCEx_EnableLSECSS_IT
 4022              		.syntax unified
 4023              		.thumb
 4024              		.thumb_func
 4026              	HAL_RCCEx_EnableLSECSS_IT:
 4027              	.LFB143:
2359:Drivers/STM32L4xx_HAL_Driver/Src/stm32l4xx_hal_rcc_ex.c ****   /* Enable LSE CSS */
 4028              		.loc 1 2359 1 is_stmt 1 view -0
 4029              		.cfi_startproc
 4030              		@ args = 0, pretend = 0, frame = 0
 4031              		@ frame_needed = 0, uses_anonymous_args = 0
 4032              		@ link register save eliminated.
2361:Drivers/STM32L4xx_HAL_Driver/Src/stm32l4xx_hal_rcc_ex.c **** 
 4033              		.loc 1 2361 3 view .LVU1279
 4034 0000 0A4B     		ldr	r3, .L379
ARM GAS  /tmp/cc4nR4Y7.s 			page 155


 4035 0002 D3F89020 		ldr	r2, [r3, #144]
 4036 0006 42F02002 		orr	r2, r2, #32
 4037 000a C3F89020 		str	r2, [r3, #144]
2364:Drivers/STM32L4xx_HAL_Driver/Src/stm32l4xx_hal_rcc_ex.c **** 
 4038              		.loc 1 2364 3 view .LVU1280
 4039 000e 9A69     		ldr	r2, [r3, #24]
 4040 0010 42F40072 		orr	r2, r2, #512
 4041 0014 9A61     		str	r2, [r3, #24]
2367:Drivers/STM32L4xx_HAL_Driver/Src/stm32l4xx_hal_rcc_ex.c ****   __HAL_RCC_LSECSS_EXTI_ENABLE_RISING_EDGE();
 4042              		.loc 1 2367 3 view .LVU1281
 4043 0016 A3F58633 		sub	r3, r3, #68608
 4044 001a 1A68     		ldr	r2, [r3]
 4045 001c 42F40022 		orr	r2, r2, #524288
 4046 0020 1A60     		str	r2, [r3]
2368:Drivers/STM32L4xx_HAL_Driver/Src/stm32l4xx_hal_rcc_ex.c **** }
 4047              		.loc 1 2368 3 view .LVU1282
 4048 0022 9A68     		ldr	r2, [r3, #8]
 4049 0024 42F40022 		orr	r2, r2, #524288
 4050 0028 9A60     		str	r2, [r3, #8]
2369:Drivers/STM32L4xx_HAL_Driver/Src/stm32l4xx_hal_rcc_ex.c **** 
 4051              		.loc 1 2369 1 is_stmt 0 view .LVU1283
 4052 002a 7047     		bx	lr
 4053              	.L380:
 4054              		.align	2
 4055              	.L379:
 4056 002c 00100240 		.word	1073876992
 4057              		.cfi_endproc
 4058              	.LFE143:
 4060              		.section	.text.HAL_RCCEx_LSECSS_Callback,"ax",%progbits
 4061              		.align	1
 4062              		.weak	HAL_RCCEx_LSECSS_Callback
 4063              		.syntax unified
 4064              		.thumb
 4065              		.thumb_func
 4067              	HAL_RCCEx_LSECSS_Callback:
 4068              	.LFB145:
2393:Drivers/STM32L4xx_HAL_Driver/Src/stm32l4xx_hal_rcc_ex.c ****   /* NOTE : This function should not be modified, when the callback is needed,
 4069              		.loc 1 2393 1 is_stmt 1 view -0
 4070              		.cfi_startproc
 4071              		@ args = 0, pretend = 0, frame = 0
 4072              		@ frame_needed = 0, uses_anonymous_args = 0
 4073              		@ link register save eliminated.
2397:Drivers/STM32L4xx_HAL_Driver/Src/stm32l4xx_hal_rcc_ex.c **** 
 4074              		.loc 1 2397 1 view .LVU1285
 4075 0000 7047     		bx	lr
 4076              		.cfi_endproc
 4077              	.LFE145:
 4079              		.section	.text.HAL_RCCEx_LSECSS_IRQHandler,"ax",%progbits
 4080              		.align	1
 4081              		.global	HAL_RCCEx_LSECSS_IRQHandler
 4082              		.syntax unified
 4083              		.thumb
 4084              		.thumb_func
 4086              	HAL_RCCEx_LSECSS_IRQHandler:
 4087              	.LFB144:
2376:Drivers/STM32L4xx_HAL_Driver/Src/stm32l4xx_hal_rcc_ex.c ****   /* Check RCC LSE CSSF flag  */
 4088              		.loc 1 2376 1 view -0
ARM GAS  /tmp/cc4nR4Y7.s 			page 156


 4089              		.cfi_startproc
 4090              		@ args = 0, pretend = 0, frame = 0
 4091              		@ frame_needed = 0, uses_anonymous_args = 0
 4092 0000 08B5     		push	{r3, lr}
 4093              	.LCFI13:
 4094              		.cfi_def_cfa_offset 8
 4095              		.cfi_offset 3, -8
 4096              		.cfi_offset 14, -4
2378:Drivers/STM32L4xx_HAL_Driver/Src/stm32l4xx_hal_rcc_ex.c ****   {
 4097              		.loc 1 2378 3 view .LVU1287
2378:Drivers/STM32L4xx_HAL_Driver/Src/stm32l4xx_hal_rcc_ex.c ****   {
 4098              		.loc 1 2378 6 is_stmt 0 view .LVU1288
 4099 0002 064B     		ldr	r3, .L386
 4100 0004 DB69     		ldr	r3, [r3, #28]
2378:Drivers/STM32L4xx_HAL_Driver/Src/stm32l4xx_hal_rcc_ex.c ****   {
 4101              		.loc 1 2378 5 view .LVU1289
 4102 0006 13F4007F 		tst	r3, #512
 4103 000a 00D1     		bne	.L385
 4104              	.L382:
2386:Drivers/STM32L4xx_HAL_Driver/Src/stm32l4xx_hal_rcc_ex.c **** 
 4105              		.loc 1 2386 1 view .LVU1290
 4106 000c 08BD     		pop	{r3, pc}
 4107              	.L385:
2381:Drivers/STM32L4xx_HAL_Driver/Src/stm32l4xx_hal_rcc_ex.c **** 
 4108              		.loc 1 2381 5 is_stmt 1 view .LVU1291
 4109 000e FFF7FEFF 		bl	HAL_RCCEx_LSECSS_Callback
 4110              	.LVL397:
2384:Drivers/STM32L4xx_HAL_Driver/Src/stm32l4xx_hal_rcc_ex.c ****   }
 4111              		.loc 1 2384 5 view .LVU1292
 4112 0012 024B     		ldr	r3, .L386
 4113 0014 4FF40072 		mov	r2, #512
 4114 0018 1A62     		str	r2, [r3, #32]
2386:Drivers/STM32L4xx_HAL_Driver/Src/stm32l4xx_hal_rcc_ex.c **** 
 4115              		.loc 1 2386 1 is_stmt 0 view .LVU1293
 4116 001a F7E7     		b	.L382
 4117              	.L387:
 4118              		.align	2
 4119              	.L386:
 4120 001c 00100240 		.word	1073876992
 4121              		.cfi_endproc
 4122              	.LFE144:
 4124              		.section	.text.HAL_RCCEx_EnableLSCO,"ax",%progbits
 4125              		.align	1
 4126              		.global	HAL_RCCEx_EnableLSCO
 4127              		.syntax unified
 4128              		.thumb
 4129              		.thumb_func
 4131              	HAL_RCCEx_EnableLSCO:
 4132              	.LVL398:
 4133              	.LFB146:
2408:Drivers/STM32L4xx_HAL_Driver/Src/stm32l4xx_hal_rcc_ex.c ****   GPIO_InitTypeDef GPIO_InitStruct;
 4134              		.loc 1 2408 1 is_stmt 1 view -0
 4135              		.cfi_startproc
 4136              		@ args = 0, pretend = 0, frame = 32
 4137              		@ frame_needed = 0, uses_anonymous_args = 0
2408:Drivers/STM32L4xx_HAL_Driver/Src/stm32l4xx_hal_rcc_ex.c ****   GPIO_InitTypeDef GPIO_InitStruct;
 4138              		.loc 1 2408 1 is_stmt 0 view .LVU1295
ARM GAS  /tmp/cc4nR4Y7.s 			page 157


 4139 0000 30B5     		push	{r4, r5, lr}
 4140              	.LCFI14:
 4141              		.cfi_def_cfa_offset 12
 4142              		.cfi_offset 4, -12
 4143              		.cfi_offset 5, -8
 4144              		.cfi_offset 14, -4
 4145 0002 89B0     		sub	sp, sp, #36
 4146              	.LCFI15:
 4147              		.cfi_def_cfa_offset 48
 4148 0004 0546     		mov	r5, r0
2409:Drivers/STM32L4xx_HAL_Driver/Src/stm32l4xx_hal_rcc_ex.c ****   FlagStatus       pwrclkchanged = RESET;
 4149              		.loc 1 2409 3 is_stmt 1 view .LVU1296
2410:Drivers/STM32L4xx_HAL_Driver/Src/stm32l4xx_hal_rcc_ex.c ****   FlagStatus       backupchanged = RESET;
 4150              		.loc 1 2410 3 view .LVU1297
 4151              	.LVL399:
2411:Drivers/STM32L4xx_HAL_Driver/Src/stm32l4xx_hal_rcc_ex.c **** 
 4152              		.loc 1 2411 3 view .LVU1298
2414:Drivers/STM32L4xx_HAL_Driver/Src/stm32l4xx_hal_rcc_ex.c **** 
 4153              		.loc 1 2414 3 view .LVU1299
2417:Drivers/STM32L4xx_HAL_Driver/Src/stm32l4xx_hal_rcc_ex.c **** 
 4154              		.loc 1 2417 3 view .LVU1300
 4155              	.LBB5:
2417:Drivers/STM32L4xx_HAL_Driver/Src/stm32l4xx_hal_rcc_ex.c **** 
 4156              		.loc 1 2417 3 view .LVU1301
2417:Drivers/STM32L4xx_HAL_Driver/Src/stm32l4xx_hal_rcc_ex.c **** 
 4157              		.loc 1 2417 3 view .LVU1302
 4158 0006 244C     		ldr	r4, .L399
 4159 0008 E36C     		ldr	r3, [r4, #76]
 4160 000a 43F00103 		orr	r3, r3, #1
 4161 000e E364     		str	r3, [r4, #76]
2417:Drivers/STM32L4xx_HAL_Driver/Src/stm32l4xx_hal_rcc_ex.c **** 
 4162              		.loc 1 2417 3 view .LVU1303
 4163 0010 E36C     		ldr	r3, [r4, #76]
 4164 0012 03F00103 		and	r3, r3, #1
 4165 0016 0193     		str	r3, [sp, #4]
2417:Drivers/STM32L4xx_HAL_Driver/Src/stm32l4xx_hal_rcc_ex.c **** 
 4166              		.loc 1 2417 3 view .LVU1304
 4167 0018 019B     		ldr	r3, [sp, #4]
 4168              	.LBE5:
2417:Drivers/STM32L4xx_HAL_Driver/Src/stm32l4xx_hal_rcc_ex.c **** 
 4169              		.loc 1 2417 3 view .LVU1305
2420:Drivers/STM32L4xx_HAL_Driver/Src/stm32l4xx_hal_rcc_ex.c ****   GPIO_InitStruct.Mode = GPIO_MODE_ANALOG;
 4170              		.loc 1 2420 3 view .LVU1306
2420:Drivers/STM32L4xx_HAL_Driver/Src/stm32l4xx_hal_rcc_ex.c ****   GPIO_InitStruct.Mode = GPIO_MODE_ANALOG;
 4171              		.loc 1 2420 23 is_stmt 0 view .LVU1307
 4172 001a 0423     		movs	r3, #4
 4173 001c 0393     		str	r3, [sp, #12]
2421:Drivers/STM32L4xx_HAL_Driver/Src/stm32l4xx_hal_rcc_ex.c ****   GPIO_InitStruct.Speed = GPIO_SPEED_FREQ_HIGH;
 4174              		.loc 1 2421 3 is_stmt 1 view .LVU1308
2421:Drivers/STM32L4xx_HAL_Driver/Src/stm32l4xx_hal_rcc_ex.c ****   GPIO_InitStruct.Speed = GPIO_SPEED_FREQ_HIGH;
 4175              		.loc 1 2421 24 is_stmt 0 view .LVU1309
 4176 001e 0323     		movs	r3, #3
 4177 0020 0493     		str	r3, [sp, #16]
2422:Drivers/STM32L4xx_HAL_Driver/Src/stm32l4xx_hal_rcc_ex.c ****   GPIO_InitStruct.Pull = GPIO_NOPULL;
 4178              		.loc 1 2422 3 is_stmt 1 view .LVU1310
2422:Drivers/STM32L4xx_HAL_Driver/Src/stm32l4xx_hal_rcc_ex.c ****   GPIO_InitStruct.Pull = GPIO_NOPULL;
 4179              		.loc 1 2422 25 is_stmt 0 view .LVU1311
ARM GAS  /tmp/cc4nR4Y7.s 			page 158


 4180 0022 0223     		movs	r3, #2
 4181 0024 0693     		str	r3, [sp, #24]
2423:Drivers/STM32L4xx_HAL_Driver/Src/stm32l4xx_hal_rcc_ex.c ****   HAL_GPIO_Init(LSCO_GPIO_PORT, &GPIO_InitStruct);
 4182              		.loc 1 2423 3 is_stmt 1 view .LVU1312
2423:Drivers/STM32L4xx_HAL_Driver/Src/stm32l4xx_hal_rcc_ex.c ****   HAL_GPIO_Init(LSCO_GPIO_PORT, &GPIO_InitStruct);
 4183              		.loc 1 2423 24 is_stmt 0 view .LVU1313
 4184 0026 0023     		movs	r3, #0
 4185 0028 0593     		str	r3, [sp, #20]
2424:Drivers/STM32L4xx_HAL_Driver/Src/stm32l4xx_hal_rcc_ex.c **** 
 4186              		.loc 1 2424 3 is_stmt 1 view .LVU1314
 4187 002a 03A9     		add	r1, sp, #12
 4188 002c 4FF09040 		mov	r0, #1207959552
 4189              	.LVL400:
2424:Drivers/STM32L4xx_HAL_Driver/Src/stm32l4xx_hal_rcc_ex.c **** 
 4190              		.loc 1 2424 3 is_stmt 0 view .LVU1315
 4191 0030 FFF7FEFF 		bl	HAL_GPIO_Init
 4192              	.LVL401:
2427:Drivers/STM32L4xx_HAL_Driver/Src/stm32l4xx_hal_rcc_ex.c ****   {
 4193              		.loc 1 2427 3 is_stmt 1 view .LVU1316
2427:Drivers/STM32L4xx_HAL_Driver/Src/stm32l4xx_hal_rcc_ex.c ****   {
 4194              		.loc 1 2427 6 is_stmt 0 view .LVU1317
 4195 0034 A36D     		ldr	r3, [r4, #88]
2427:Drivers/STM32L4xx_HAL_Driver/Src/stm32l4xx_hal_rcc_ex.c ****   {
 4196              		.loc 1 2427 5 view .LVU1318
 4197 0036 13F0805F 		tst	r3, #268435456
 4198 003a 1DD1     		bne	.L393
2429:Drivers/STM32L4xx_HAL_Driver/Src/stm32l4xx_hal_rcc_ex.c ****     pwrclkchanged = SET;
 4199              		.loc 1 2429 5 is_stmt 1 view .LVU1319
 4200              	.LBB6:
2429:Drivers/STM32L4xx_HAL_Driver/Src/stm32l4xx_hal_rcc_ex.c ****     pwrclkchanged = SET;
 4201              		.loc 1 2429 5 view .LVU1320
2429:Drivers/STM32L4xx_HAL_Driver/Src/stm32l4xx_hal_rcc_ex.c ****     pwrclkchanged = SET;
 4202              		.loc 1 2429 5 view .LVU1321
 4203 003c A26D     		ldr	r2, [r4, #88]
 4204 003e 42F08052 		orr	r2, r2, #268435456
 4205 0042 A265     		str	r2, [r4, #88]
2429:Drivers/STM32L4xx_HAL_Driver/Src/stm32l4xx_hal_rcc_ex.c ****     pwrclkchanged = SET;
 4206              		.loc 1 2429 5 view .LVU1322
 4207 0044 A36D     		ldr	r3, [r4, #88]
 4208 0046 03F08053 		and	r3, r3, #268435456
 4209 004a 0293     		str	r3, [sp, #8]
2429:Drivers/STM32L4xx_HAL_Driver/Src/stm32l4xx_hal_rcc_ex.c ****     pwrclkchanged = SET;
 4210              		.loc 1 2429 5 view .LVU1323
 4211 004c 029B     		ldr	r3, [sp, #8]
 4212              	.LBE6:
2429:Drivers/STM32L4xx_HAL_Driver/Src/stm32l4xx_hal_rcc_ex.c ****     pwrclkchanged = SET;
 4213              		.loc 1 2429 5 view .LVU1324
2430:Drivers/STM32L4xx_HAL_Driver/Src/stm32l4xx_hal_rcc_ex.c ****   }
 4214              		.loc 1 2430 5 view .LVU1325
 4215              	.LVL402:
2430:Drivers/STM32L4xx_HAL_Driver/Src/stm32l4xx_hal_rcc_ex.c ****   }
 4216              		.loc 1 2430 19 is_stmt 0 view .LVU1326
 4217 004e 0124     		movs	r4, #1
 4218              	.LVL403:
 4219              	.L389:
2432:Drivers/STM32L4xx_HAL_Driver/Src/stm32l4xx_hal_rcc_ex.c ****   {
 4220              		.loc 1 2432 3 is_stmt 1 view .LVU1327
ARM GAS  /tmp/cc4nR4Y7.s 			page 159


2432:Drivers/STM32L4xx_HAL_Driver/Src/stm32l4xx_hal_rcc_ex.c ****   {
 4221              		.loc 1 2432 6 is_stmt 0 view .LVU1328
 4222 0050 124B     		ldr	r3, .L399+4
 4223 0052 1B68     		ldr	r3, [r3]
2432:Drivers/STM32L4xx_HAL_Driver/Src/stm32l4xx_hal_rcc_ex.c ****   {
 4224              		.loc 1 2432 5 view .LVU1329
 4225 0054 13F4807F 		tst	r3, #256
 4226 0058 10D0     		beq	.L396
2411:Drivers/STM32L4xx_HAL_Driver/Src/stm32l4xx_hal_rcc_ex.c **** 
 4227              		.loc 1 2411 20 view .LVU1330
 4228 005a 0022     		movs	r2, #0
 4229              	.LVL404:
 4230              	.L390:
2438:Drivers/STM32L4xx_HAL_Driver/Src/stm32l4xx_hal_rcc_ex.c **** 
 4231              		.loc 1 2438 3 is_stmt 1 view .LVU1331
 4232 005c 0E4B     		ldr	r3, .L399
 4233 005e D3F89000 		ldr	r0, [r3, #144]
 4234 0062 20F04070 		bic	r0, r0, #50331648
 4235 0066 2843     		orrs	r0, r0, r5
 4236 0068 40F08070 		orr	r0, r0, #16777216
 4237 006c C3F89000 		str	r0, [r3, #144]
2440:Drivers/STM32L4xx_HAL_Driver/Src/stm32l4xx_hal_rcc_ex.c ****   {
 4238              		.loc 1 2440 3 view .LVU1332
2440:Drivers/STM32L4xx_HAL_Driver/Src/stm32l4xx_hal_rcc_ex.c ****   {
 4239              		.loc 1 2440 5 is_stmt 0 view .LVU1333
 4240 0070 42B9     		cbnz	r2, .L397
 4241              	.LVL405:
 4242              	.L391:
2444:Drivers/STM32L4xx_HAL_Driver/Src/stm32l4xx_hal_rcc_ex.c ****   {
 4243              		.loc 1 2444 3 is_stmt 1 view .LVU1334
2444:Drivers/STM32L4xx_HAL_Driver/Src/stm32l4xx_hal_rcc_ex.c ****   {
 4244              		.loc 1 2444 5 is_stmt 0 view .LVU1335
 4245 0072 54B9     		cbnz	r4, .L398
 4246              	.L388:
2448:Drivers/STM32L4xx_HAL_Driver/Src/stm32l4xx_hal_rcc_ex.c **** 
 4247              		.loc 1 2448 1 view .LVU1336
 4248 0074 09B0     		add	sp, sp, #36
 4249              	.LCFI16:
 4250              		.cfi_remember_state
 4251              		.cfi_def_cfa_offset 12
 4252              		@ sp needed
 4253 0076 30BD     		pop	{r4, r5, pc}
 4254              	.LVL406:
 4255              	.L393:
 4256              	.LCFI17:
 4257              		.cfi_restore_state
2410:Drivers/STM32L4xx_HAL_Driver/Src/stm32l4xx_hal_rcc_ex.c ****   FlagStatus       backupchanged = RESET;
 4258              		.loc 1 2410 20 view .LVU1337
 4259 0078 0024     		movs	r4, #0
 4260 007a E9E7     		b	.L389
 4261              	.LVL407:
 4262              	.L396:
2434:Drivers/STM32L4xx_HAL_Driver/Src/stm32l4xx_hal_rcc_ex.c ****     backupchanged = SET;
 4263              		.loc 1 2434 5 is_stmt 1 view .LVU1338
 4264 007c FFF7FEFF 		bl	HAL_PWR_EnableBkUpAccess
 4265              	.LVL408:
2435:Drivers/STM32L4xx_HAL_Driver/Src/stm32l4xx_hal_rcc_ex.c ****   }
ARM GAS  /tmp/cc4nR4Y7.s 			page 160


 4266              		.loc 1 2435 5 view .LVU1339
2435:Drivers/STM32L4xx_HAL_Driver/Src/stm32l4xx_hal_rcc_ex.c ****   }
 4267              		.loc 1 2435 19 is_stmt 0 view .LVU1340
 4268 0080 0122     		movs	r2, #1
 4269 0082 EBE7     		b	.L390
 4270              	.LVL409:
 4271              	.L397:
2442:Drivers/STM32L4xx_HAL_Driver/Src/stm32l4xx_hal_rcc_ex.c ****   }
 4272              		.loc 1 2442 5 is_stmt 1 view .LVU1341
 4273 0084 FFF7FEFF 		bl	HAL_PWR_DisableBkUpAccess
 4274              	.LVL410:
2442:Drivers/STM32L4xx_HAL_Driver/Src/stm32l4xx_hal_rcc_ex.c ****   }
 4275              		.loc 1 2442 5 is_stmt 0 view .LVU1342
 4276 0088 F3E7     		b	.L391
 4277              	.L398:
2446:Drivers/STM32L4xx_HAL_Driver/Src/stm32l4xx_hal_rcc_ex.c ****   }
 4278              		.loc 1 2446 5 is_stmt 1 view .LVU1343
 4279 008a 034A     		ldr	r2, .L399
 4280 008c 936D     		ldr	r3, [r2, #88]
 4281 008e 23F08053 		bic	r3, r3, #268435456
 4282 0092 9365     		str	r3, [r2, #88]
2448:Drivers/STM32L4xx_HAL_Driver/Src/stm32l4xx_hal_rcc_ex.c **** 
 4283              		.loc 1 2448 1 is_stmt 0 view .LVU1344
 4284 0094 EEE7     		b	.L388
 4285              	.L400:
 4286 0096 00BF     		.align	2
 4287              	.L399:
 4288 0098 00100240 		.word	1073876992
 4289 009c 00700040 		.word	1073770496
 4290              		.cfi_endproc
 4291              	.LFE146:
 4293              		.section	.text.HAL_RCCEx_DisableLSCO,"ax",%progbits
 4294              		.align	1
 4295              		.global	HAL_RCCEx_DisableLSCO
 4296              		.syntax unified
 4297              		.thumb
 4298              		.thumb_func
 4300              	HAL_RCCEx_DisableLSCO:
 4301              	.LFB147:
2455:Drivers/STM32L4xx_HAL_Driver/Src/stm32l4xx_hal_rcc_ex.c ****   FlagStatus       pwrclkchanged = RESET;
 4302              		.loc 1 2455 1 is_stmt 1 view -0
 4303              		.cfi_startproc
 4304              		@ args = 0, pretend = 0, frame = 8
 4305              		@ frame_needed = 0, uses_anonymous_args = 0
 4306 0000 10B5     		push	{r4, lr}
 4307              	.LCFI18:
 4308              		.cfi_def_cfa_offset 8
 4309              		.cfi_offset 4, -8
 4310              		.cfi_offset 14, -4
 4311 0002 82B0     		sub	sp, sp, #8
 4312              	.LCFI19:
 4313              		.cfi_def_cfa_offset 16
2456:Drivers/STM32L4xx_HAL_Driver/Src/stm32l4xx_hal_rcc_ex.c ****   FlagStatus       backupchanged = RESET;
 4314              		.loc 1 2456 3 view .LVU1346
 4315              	.LVL411:
2457:Drivers/STM32L4xx_HAL_Driver/Src/stm32l4xx_hal_rcc_ex.c **** 
 4316              		.loc 1 2457 3 view .LVU1347
ARM GAS  /tmp/cc4nR4Y7.s 			page 161


2460:Drivers/STM32L4xx_HAL_Driver/Src/stm32l4xx_hal_rcc_ex.c ****   {
 4317              		.loc 1 2460 3 view .LVU1348
2460:Drivers/STM32L4xx_HAL_Driver/Src/stm32l4xx_hal_rcc_ex.c ****   {
 4318              		.loc 1 2460 6 is_stmt 0 view .LVU1349
 4319 0004 174B     		ldr	r3, .L412
 4320 0006 9B6D     		ldr	r3, [r3, #88]
2460:Drivers/STM32L4xx_HAL_Driver/Src/stm32l4xx_hal_rcc_ex.c ****   {
 4321              		.loc 1 2460 5 view .LVU1350
 4322 0008 13F0805F 		tst	r3, #268435456
 4323 000c 1BD1     		bne	.L406
2462:Drivers/STM32L4xx_HAL_Driver/Src/stm32l4xx_hal_rcc_ex.c ****     pwrclkchanged = SET;
 4324              		.loc 1 2462 5 is_stmt 1 view .LVU1351
 4325              	.LBB7:
2462:Drivers/STM32L4xx_HAL_Driver/Src/stm32l4xx_hal_rcc_ex.c ****     pwrclkchanged = SET;
 4326              		.loc 1 2462 5 view .LVU1352
2462:Drivers/STM32L4xx_HAL_Driver/Src/stm32l4xx_hal_rcc_ex.c ****     pwrclkchanged = SET;
 4327              		.loc 1 2462 5 view .LVU1353
 4328 000e 154B     		ldr	r3, .L412
 4329 0010 9A6D     		ldr	r2, [r3, #88]
 4330 0012 42F08052 		orr	r2, r2, #268435456
 4331 0016 9A65     		str	r2, [r3, #88]
2462:Drivers/STM32L4xx_HAL_Driver/Src/stm32l4xx_hal_rcc_ex.c ****     pwrclkchanged = SET;
 4332              		.loc 1 2462 5 view .LVU1354
 4333 0018 9B6D     		ldr	r3, [r3, #88]
 4334 001a 03F08053 		and	r3, r3, #268435456
 4335 001e 0193     		str	r3, [sp, #4]
2462:Drivers/STM32L4xx_HAL_Driver/Src/stm32l4xx_hal_rcc_ex.c ****     pwrclkchanged = SET;
 4336              		.loc 1 2462 5 view .LVU1355
 4337 0020 019B     		ldr	r3, [sp, #4]
 4338              	.LBE7:
2462:Drivers/STM32L4xx_HAL_Driver/Src/stm32l4xx_hal_rcc_ex.c ****     pwrclkchanged = SET;
 4339              		.loc 1 2462 5 view .LVU1356
2463:Drivers/STM32L4xx_HAL_Driver/Src/stm32l4xx_hal_rcc_ex.c ****   }
 4340              		.loc 1 2463 5 view .LVU1357
 4341              	.LVL412:
2463:Drivers/STM32L4xx_HAL_Driver/Src/stm32l4xx_hal_rcc_ex.c ****   }
 4342              		.loc 1 2463 19 is_stmt 0 view .LVU1358
 4343 0022 0124     		movs	r4, #1
 4344              	.LVL413:
 4345              	.L402:
2465:Drivers/STM32L4xx_HAL_Driver/Src/stm32l4xx_hal_rcc_ex.c ****   {
 4346              		.loc 1 2465 3 is_stmt 1 view .LVU1359
2465:Drivers/STM32L4xx_HAL_Driver/Src/stm32l4xx_hal_rcc_ex.c ****   {
 4347              		.loc 1 2465 6 is_stmt 0 view .LVU1360
 4348 0024 104B     		ldr	r3, .L412+4
 4349 0026 1B68     		ldr	r3, [r3]
2465:Drivers/STM32L4xx_HAL_Driver/Src/stm32l4xx_hal_rcc_ex.c ****   {
 4350              		.loc 1 2465 5 view .LVU1361
 4351 0028 13F4807F 		tst	r3, #256
 4352 002c 0DD0     		beq	.L409
2457:Drivers/STM32L4xx_HAL_Driver/Src/stm32l4xx_hal_rcc_ex.c **** 
 4353              		.loc 1 2457 20 view .LVU1362
 4354 002e 0021     		movs	r1, #0
 4355              	.LVL414:
 4356              	.L403:
2472:Drivers/STM32L4xx_HAL_Driver/Src/stm32l4xx_hal_rcc_ex.c **** 
 4357              		.loc 1 2472 3 is_stmt 1 view .LVU1363
ARM GAS  /tmp/cc4nR4Y7.s 			page 162


 4358 0030 0C4A     		ldr	r2, .L412
 4359 0032 D2F89030 		ldr	r3, [r2, #144]
 4360 0036 23F08073 		bic	r3, r3, #16777216
 4361 003a C2F89030 		str	r3, [r2, #144]
2475:Drivers/STM32L4xx_HAL_Driver/Src/stm32l4xx_hal_rcc_ex.c ****   {
 4362              		.loc 1 2475 3 view .LVU1364
2475:Drivers/STM32L4xx_HAL_Driver/Src/stm32l4xx_hal_rcc_ex.c ****   {
 4363              		.loc 1 2475 5 is_stmt 0 view .LVU1365
 4364 003e 41B9     		cbnz	r1, .L410
 4365              	.LVL415:
 4366              	.L404:
2480:Drivers/STM32L4xx_HAL_Driver/Src/stm32l4xx_hal_rcc_ex.c ****   {
 4367              		.loc 1 2480 3 is_stmt 1 view .LVU1366
2480:Drivers/STM32L4xx_HAL_Driver/Src/stm32l4xx_hal_rcc_ex.c ****   {
 4368              		.loc 1 2480 5 is_stmt 0 view .LVU1367
 4369 0040 54B9     		cbnz	r4, .L411
 4370              	.L401:
2484:Drivers/STM32L4xx_HAL_Driver/Src/stm32l4xx_hal_rcc_ex.c **** 
 4371              		.loc 1 2484 1 view .LVU1368
 4372 0042 02B0     		add	sp, sp, #8
 4373              	.LCFI20:
 4374              		.cfi_remember_state
 4375              		.cfi_def_cfa_offset 8
 4376              		@ sp needed
 4377 0044 10BD     		pop	{r4, pc}
 4378              	.LVL416:
 4379              	.L406:
 4380              	.LCFI21:
 4381              		.cfi_restore_state
2456:Drivers/STM32L4xx_HAL_Driver/Src/stm32l4xx_hal_rcc_ex.c ****   FlagStatus       backupchanged = RESET;
 4382              		.loc 1 2456 20 view .LVU1369
 4383 0046 0024     		movs	r4, #0
 4384 0048 ECE7     		b	.L402
 4385              	.LVL417:
 4386              	.L409:
2468:Drivers/STM32L4xx_HAL_Driver/Src/stm32l4xx_hal_rcc_ex.c ****     backupchanged = SET;
 4387              		.loc 1 2468 5 is_stmt 1 view .LVU1370
 4388 004a FFF7FEFF 		bl	HAL_PWR_EnableBkUpAccess
 4389              	.LVL418:
2469:Drivers/STM32L4xx_HAL_Driver/Src/stm32l4xx_hal_rcc_ex.c ****   }
 4390              		.loc 1 2469 5 view .LVU1371
2469:Drivers/STM32L4xx_HAL_Driver/Src/stm32l4xx_hal_rcc_ex.c ****   }
 4391              		.loc 1 2469 19 is_stmt 0 view .LVU1372
 4392 004e 0121     		movs	r1, #1
 4393 0050 EEE7     		b	.L403
 4394              	.LVL419:
 4395              	.L410:
2478:Drivers/STM32L4xx_HAL_Driver/Src/stm32l4xx_hal_rcc_ex.c ****   }
 4396              		.loc 1 2478 5 is_stmt 1 view .LVU1373
 4397 0052 FFF7FEFF 		bl	HAL_PWR_DisableBkUpAccess
 4398              	.LVL420:
2478:Drivers/STM32L4xx_HAL_Driver/Src/stm32l4xx_hal_rcc_ex.c ****   }
 4399              		.loc 1 2478 5 is_stmt 0 view .LVU1374
 4400 0056 F3E7     		b	.L404
 4401              	.L411:
2482:Drivers/STM32L4xx_HAL_Driver/Src/stm32l4xx_hal_rcc_ex.c ****   }
 4402              		.loc 1 2482 5 is_stmt 1 view .LVU1375
ARM GAS  /tmp/cc4nR4Y7.s 			page 163


 4403 0058 024A     		ldr	r2, .L412
 4404 005a 936D     		ldr	r3, [r2, #88]
 4405 005c 23F08053 		bic	r3, r3, #268435456
 4406 0060 9365     		str	r3, [r2, #88]
2484:Drivers/STM32L4xx_HAL_Driver/Src/stm32l4xx_hal_rcc_ex.c **** 
 4407              		.loc 1 2484 1 is_stmt 0 view .LVU1376
 4408 0062 EEE7     		b	.L401
 4409              	.L413:
 4410              		.align	2
 4411              	.L412:
 4412 0064 00100240 		.word	1073876992
 4413 0068 00700040 		.word	1073770496
 4414              		.cfi_endproc
 4415              	.LFE147:
 4417              		.section	.text.HAL_RCCEx_EnableMSIPLLMode,"ax",%progbits
 4418              		.align	1
 4419              		.global	HAL_RCCEx_EnableMSIPLLMode
 4420              		.syntax unified
 4421              		.thumb
 4422              		.thumb_func
 4424              	HAL_RCCEx_EnableMSIPLLMode:
 4425              	.LFB148:
2493:Drivers/STM32L4xx_HAL_Driver/Src/stm32l4xx_hal_rcc_ex.c ****   SET_BIT(RCC->CR, RCC_CR_MSIPLLEN) ;
 4426              		.loc 1 2493 1 is_stmt 1 view -0
 4427              		.cfi_startproc
 4428              		@ args = 0, pretend = 0, frame = 0
 4429              		@ frame_needed = 0, uses_anonymous_args = 0
 4430              		@ link register save eliminated.
2494:Drivers/STM32L4xx_HAL_Driver/Src/stm32l4xx_hal_rcc_ex.c **** }
 4431              		.loc 1 2494 3 view .LVU1378
 4432 0000 024A     		ldr	r2, .L415
 4433 0002 1368     		ldr	r3, [r2]
 4434 0004 43F00403 		orr	r3, r3, #4
 4435 0008 1360     		str	r3, [r2]
2495:Drivers/STM32L4xx_HAL_Driver/Src/stm32l4xx_hal_rcc_ex.c **** 
 4436              		.loc 1 2495 1 is_stmt 0 view .LVU1379
 4437 000a 7047     		bx	lr
 4438              	.L416:
 4439              		.align	2
 4440              	.L415:
 4441 000c 00100240 		.word	1073876992
 4442              		.cfi_endproc
 4443              	.LFE148:
 4445              		.section	.text.HAL_RCCEx_DisableMSIPLLMode,"ax",%progbits
 4446              		.align	1
 4447              		.global	HAL_RCCEx_DisableMSIPLLMode
 4448              		.syntax unified
 4449              		.thumb
 4450              		.thumb_func
 4452              	HAL_RCCEx_DisableMSIPLLMode:
 4453              	.LFB149:
2503:Drivers/STM32L4xx_HAL_Driver/Src/stm32l4xx_hal_rcc_ex.c ****   CLEAR_BIT(RCC->CR, RCC_CR_MSIPLLEN) ;
 4454              		.loc 1 2503 1 is_stmt 1 view -0
 4455              		.cfi_startproc
 4456              		@ args = 0, pretend = 0, frame = 0
 4457              		@ frame_needed = 0, uses_anonymous_args = 0
 4458              		@ link register save eliminated.
ARM GAS  /tmp/cc4nR4Y7.s 			page 164


2504:Drivers/STM32L4xx_HAL_Driver/Src/stm32l4xx_hal_rcc_ex.c **** }
 4459              		.loc 1 2504 3 view .LVU1381
 4460 0000 024A     		ldr	r2, .L418
 4461 0002 1368     		ldr	r3, [r2]
 4462 0004 23F00403 		bic	r3, r3, #4
 4463 0008 1360     		str	r3, [r2]
2505:Drivers/STM32L4xx_HAL_Driver/Src/stm32l4xx_hal_rcc_ex.c **** 
 4464              		.loc 1 2505 1 is_stmt 0 view .LVU1382
 4465 000a 7047     		bx	lr
 4466              	.L419:
 4467              		.align	2
 4468              	.L418:
 4469 000c 00100240 		.word	1073876992
 4470              		.cfi_endproc
 4471              	.LFE149:
 4473              		.text
 4474              	.Letext0:
 4475              		.file 2 "/usr/arm-none-eabi/include/machine/_default_types.h"
 4476              		.file 3 "/usr/arm-none-eabi/include/sys/_stdint.h"
 4477              		.file 4 "Drivers/CMSIS/Device/ST/STM32L4xx/Include/stm32l476xx.h"
 4478              		.file 5 "Drivers/CMSIS/Device/ST/STM32L4xx/Include/stm32l4xx.h"
 4479              		.file 6 "Drivers/STM32L4xx_HAL_Driver/Inc/stm32l4xx_hal_def.h"
 4480              		.file 7 "Drivers/STM32L4xx_HAL_Driver/Inc/stm32l4xx_hal_rcc_ex.h"
 4481              		.file 8 "Drivers/STM32L4xx_HAL_Driver/Inc/stm32l4xx_hal_gpio.h"
 4482              		.file 9 "Drivers/STM32L4xx_HAL_Driver/Inc/stm32l4xx_hal_pwr.h"
 4483              		.file 10 "Drivers/STM32L4xx_HAL_Driver/Inc/stm32l4xx_hal_rcc.h"
 4484              		.file 11 "Drivers/STM32L4xx_HAL_Driver/Inc/stm32l4xx_hal.h"
 4485              		.file 12 "Drivers/CMSIS/Device/ST/STM32L4xx/Include/system_stm32l4xx.h"
ARM GAS  /tmp/cc4nR4Y7.s 			page 165


DEFINED SYMBOLS
                            *ABS*:00000000 stm32l4xx_hal_rcc_ex.c
     /tmp/cc4nR4Y7.s:21     .text.RCCEx_GetSAIxPeriphCLKFreq:00000000 $t
     /tmp/cc4nR4Y7.s:26     .text.RCCEx_GetSAIxPeriphCLKFreq:00000000 RCCEx_GetSAIxPeriphCLKFreq
     /tmp/cc4nR4Y7.s:282    .text.RCCEx_GetSAIxPeriphCLKFreq:00000118 $d
     /tmp/cc4nR4Y7.s:288    .text.RCCEx_PLLSAI1_Config:00000000 $t
     /tmp/cc4nR4Y7.s:293    .text.RCCEx_PLLSAI1_Config:00000000 RCCEx_PLLSAI1_Config
     /tmp/cc4nR4Y7.s:590    .text.RCCEx_PLLSAI1_Config:0000016c $d
     /tmp/cc4nR4Y7.s:595    .text.RCCEx_PLLSAI2_Config:00000000 $t
     /tmp/cc4nR4Y7.s:600    .text.RCCEx_PLLSAI2_Config:00000000 RCCEx_PLLSAI2_Config
     /tmp/cc4nR4Y7.s:877    .text.RCCEx_PLLSAI2_Config:00000148 $d
     /tmp/cc4nR4Y7.s:882    .text.HAL_RCCEx_PeriphCLKConfig:00000000 $t
     /tmp/cc4nR4Y7.s:888    .text.HAL_RCCEx_PeriphCLKConfig:00000000 HAL_RCCEx_PeriphCLKConfig
     /tmp/cc4nR4Y7.s:1267   .text.HAL_RCCEx_PeriphCLKConfig:000001c0 $d
     /tmp/cc4nR4Y7.s:1272   .text.HAL_RCCEx_PeriphCLKConfig:000001c8 $t
     /tmp/cc4nR4Y7.s:1720   .text.HAL_RCCEx_PeriphCLKConfig:00000450 $d
     /tmp/cc4nR4Y7.s:1725   .text.HAL_RCCEx_GetPeriphCLKConfig:00000000 $t
     /tmp/cc4nR4Y7.s:1731   .text.HAL_RCCEx_GetPeriphCLKConfig:00000000 HAL_RCCEx_GetPeriphCLKConfig
     /tmp/cc4nR4Y7.s:1971   .text.HAL_RCCEx_GetPeriphCLKConfig:00000140 $d
     /tmp/cc4nR4Y7.s:1977   .text.HAL_RCCEx_GetPeriphCLKFreq:00000000 $t
     /tmp/cc4nR4Y7.s:1983   .text.HAL_RCCEx_GetPeriphCLKFreq:00000000 HAL_RCCEx_GetPeriphCLKFreq
     /tmp/cc4nR4Y7.s:2161   .text.HAL_RCCEx_GetPeriphCLKFreq:000000de $d
     /tmp/cc4nR4Y7.s:2194   .text.HAL_RCCEx_GetPeriphCLKFreq:0000011e $t
     /tmp/cc4nR4Y7.s:2427   .text.HAL_RCCEx_GetPeriphCLKFreq:0000027c $d
     /tmp/cc4nR4Y7.s:2436   .text.HAL_RCCEx_GetPeriphCLKFreq:00000290 $t
     /tmp/cc4nR4Y7.s:2550   .text.HAL_RCCEx_GetPeriphCLKFreq:00000320 $d
     /tmp/cc4nR4Y7.s:2554   .text.HAL_RCCEx_GetPeriphCLKFreq:00000324 $t
     /tmp/cc4nR4Y7.s:2612   .text.HAL_RCCEx_GetPeriphCLKFreq:00000368 $d
     /tmp/cc4nR4Y7.s:2625   .text.HAL_RCCEx_GetPeriphCLKFreq:00000382 $t
     /tmp/cc4nR4Y7.s:2952   .text.HAL_RCCEx_GetPeriphCLKFreq:0000050c $d
     /tmp/cc4nR4Y7.s:2958   .text.HAL_RCCEx_GetPeriphCLKFreq:00000514 $t
     /tmp/cc4nR4Y7.s:3421   .text.HAL_RCCEx_GetPeriphCLKFreq:000006f4 $d
     /tmp/cc4nR4Y7.s:3427   .text.HAL_RCCEx_EnablePLLSAI1:00000000 $t
     /tmp/cc4nR4Y7.s:3433   .text.HAL_RCCEx_EnablePLLSAI1:00000000 HAL_RCCEx_EnablePLLSAI1
     /tmp/cc4nR4Y7.s:3572   .text.HAL_RCCEx_EnablePLLSAI1:00000090 $d
     /tmp/cc4nR4Y7.s:3578   .text.HAL_RCCEx_DisablePLLSAI1:00000000 $t
     /tmp/cc4nR4Y7.s:3584   .text.HAL_RCCEx_DisablePLLSAI1:00000000 HAL_RCCEx_DisablePLLSAI1
     /tmp/cc4nR4Y7.s:3660   .text.HAL_RCCEx_DisablePLLSAI1:0000004c $d
     /tmp/cc4nR4Y7.s:3665   .text.HAL_RCCEx_EnablePLLSAI2:00000000 $t
     /tmp/cc4nR4Y7.s:3671   .text.HAL_RCCEx_EnablePLLSAI2:00000000 HAL_RCCEx_EnablePLLSAI2
     /tmp/cc4nR4Y7.s:3805   .text.HAL_RCCEx_EnablePLLSAI2:00000084 $d
     /tmp/cc4nR4Y7.s:3811   .text.HAL_RCCEx_DisablePLLSAI2:00000000 $t
     /tmp/cc4nR4Y7.s:3817   .text.HAL_RCCEx_DisablePLLSAI2:00000000 HAL_RCCEx_DisablePLLSAI2
     /tmp/cc4nR4Y7.s:3893   .text.HAL_RCCEx_DisablePLLSAI2:0000004c $d
     /tmp/cc4nR4Y7.s:3898   .text.HAL_RCCEx_WakeUpStopCLKConfig:00000000 $t
     /tmp/cc4nR4Y7.s:3904   .text.HAL_RCCEx_WakeUpStopCLKConfig:00000000 HAL_RCCEx_WakeUpStopCLKConfig
     /tmp/cc4nR4Y7.s:3924   .text.HAL_RCCEx_WakeUpStopCLKConfig:00000010 $d
     /tmp/cc4nR4Y7.s:3929   .text.HAL_RCCEx_StandbyMSIRangeConfig:00000000 $t
     /tmp/cc4nR4Y7.s:3935   .text.HAL_RCCEx_StandbyMSIRangeConfig:00000000 HAL_RCCEx_StandbyMSIRangeConfig
     /tmp/cc4nR4Y7.s:3955   .text.HAL_RCCEx_StandbyMSIRangeConfig:00000014 $d
     /tmp/cc4nR4Y7.s:3960   .text.HAL_RCCEx_EnableLSECSS:00000000 $t
     /tmp/cc4nR4Y7.s:3966   .text.HAL_RCCEx_EnableLSECSS:00000000 HAL_RCCEx_EnableLSECSS
     /tmp/cc4nR4Y7.s:3983   .text.HAL_RCCEx_EnableLSECSS:00000010 $d
     /tmp/cc4nR4Y7.s:3988   .text.HAL_RCCEx_DisableLSECSS:00000000 $t
     /tmp/cc4nR4Y7.s:3994   .text.HAL_RCCEx_DisableLSECSS:00000000 HAL_RCCEx_DisableLSECSS
     /tmp/cc4nR4Y7.s:4015   .text.HAL_RCCEx_DisableLSECSS:00000018 $d
     /tmp/cc4nR4Y7.s:4020   .text.HAL_RCCEx_EnableLSECSS_IT:00000000 $t
ARM GAS  /tmp/cc4nR4Y7.s 			page 166


     /tmp/cc4nR4Y7.s:4026   .text.HAL_RCCEx_EnableLSECSS_IT:00000000 HAL_RCCEx_EnableLSECSS_IT
     /tmp/cc4nR4Y7.s:4056   .text.HAL_RCCEx_EnableLSECSS_IT:0000002c $d
     /tmp/cc4nR4Y7.s:4061   .text.HAL_RCCEx_LSECSS_Callback:00000000 $t
     /tmp/cc4nR4Y7.s:4067   .text.HAL_RCCEx_LSECSS_Callback:00000000 HAL_RCCEx_LSECSS_Callback
     /tmp/cc4nR4Y7.s:4080   .text.HAL_RCCEx_LSECSS_IRQHandler:00000000 $t
     /tmp/cc4nR4Y7.s:4086   .text.HAL_RCCEx_LSECSS_IRQHandler:00000000 HAL_RCCEx_LSECSS_IRQHandler
     /tmp/cc4nR4Y7.s:4120   .text.HAL_RCCEx_LSECSS_IRQHandler:0000001c $d
     /tmp/cc4nR4Y7.s:4125   .text.HAL_RCCEx_EnableLSCO:00000000 $t
     /tmp/cc4nR4Y7.s:4131   .text.HAL_RCCEx_EnableLSCO:00000000 HAL_RCCEx_EnableLSCO
     /tmp/cc4nR4Y7.s:4288   .text.HAL_RCCEx_EnableLSCO:00000098 $d
     /tmp/cc4nR4Y7.s:4294   .text.HAL_RCCEx_DisableLSCO:00000000 $t
     /tmp/cc4nR4Y7.s:4300   .text.HAL_RCCEx_DisableLSCO:00000000 HAL_RCCEx_DisableLSCO
     /tmp/cc4nR4Y7.s:4412   .text.HAL_RCCEx_DisableLSCO:00000064 $d
     /tmp/cc4nR4Y7.s:4418   .text.HAL_RCCEx_EnableMSIPLLMode:00000000 $t
     /tmp/cc4nR4Y7.s:4424   .text.HAL_RCCEx_EnableMSIPLLMode:00000000 HAL_RCCEx_EnableMSIPLLMode
     /tmp/cc4nR4Y7.s:4441   .text.HAL_RCCEx_EnableMSIPLLMode:0000000c $d
     /tmp/cc4nR4Y7.s:4446   .text.HAL_RCCEx_DisableMSIPLLMode:00000000 $t
     /tmp/cc4nR4Y7.s:4452   .text.HAL_RCCEx_DisableMSIPLLMode:00000000 HAL_RCCEx_DisableMSIPLLMode
     /tmp/cc4nR4Y7.s:4469   .text.HAL_RCCEx_DisableMSIPLLMode:0000000c $d

UNDEFINED SYMBOLS
HAL_GetTick
HAL_RCC_GetPCLK1Freq
HAL_RCC_GetPCLK2Freq
MSIRangeTable
HAL_RCC_GetSysClockFreq
HAL_GPIO_Init
HAL_PWR_EnableBkUpAccess
HAL_PWR_DisableBkUpAccess
